2024-09-30 13:40:57,752 [INFO] Activator:177 - 


2024-09-30 13:40:57,755 [INFO] Activator:178 - !SESSION log4j initialized
2024-09-30 13:41:03,958 [INFO] McuFinderGlobals:44 - Set McuFinder mode to 2 (CubeIDE integrated)
2024-09-30 13:41:07,806 [INFO] ApplicationProperties:181 - Using Application install path: D:\BKRA\KEIL C test\STM32CubeIDE_1.10.1\STM32CubeIDE\plugins\com.st.stm32cube.common.mx_6.6.1.202207061420
2024-09-30 13:41:07,848 [INFO] DbMcusXml:77 - Set database path to: D:\BKRA\KEIL C test\STM32CubeIDE_1.10.1\STM32CubeIDE\plugins\com.st.stm32cube.common.mx_6.6.1.202207061420\\db\/mcu/
2024-09-30 13:41:07,849 [INFO] ApiDb:269 - Set plugin database path to: D:\BKRA\KEIL C test\STM32CubeIDE_1.10.1\STM32CubeIDE\plugins\com.st.stm32cube.common.mx_6.6.1.202207061420\\db\/plugins/boardmanager/
2024-09-30 13:41:07,855 [WARN] ApiDb:254 - Overriding images path with different value:  => D:\BKRA\KEIL C test\STM32CubeIDE_1.10.1\STM32CubeIDE\plugins\com.st.stm32cube.common.mx_6.6.1.202207061420\\db\/plugins/mcufinder/images/
2024-09-30 13:41:07,887 [INFO] ApiDb:249 - Set database path to: C:\Users\User\.stmcufinder\plugins\mcufinder//mcu/
2024-09-30 13:41:07,890 [INFO] DbMcusAds:124 - Set database path to: C:\Users\User\.stmcufinder\plugins\mcufinder//mcu/
2024-09-30 13:41:07,897 [INFO] CrossReferenceDbSqlite:201 - Set database path to: C:\Users\User\.stmcufinder\plugins\mcufinder//mcu/cs/
2024-09-30 13:41:08,145 [INFO] RulesReader:61 - Compatibility file has been processed (282 Rules)
2024-09-30 13:41:08,317 [INFO] DbMcusXml:77 - Set database path to: D:\BKRA\KEIL C test\STM32CubeIDE_1.10.1\STM32CubeIDE\plugins\com.st.stm32cube.common.mx_6.6.1.202207061420\\db\/mcu/
2024-09-30 13:41:08,318 [INFO] ApiDb:269 - Set plugin database path to: D:\BKRA\KEIL C test\STM32CubeIDE_1.10.1\STM32CubeIDE\plugins\com.st.stm32cube.common.mx_6.6.1.202207061420\\db\/plugins/boardmanager/
2024-09-30 13:41:08,318 [INFO] ApiDb:256 - Set plugin images path to: D:\BKRA\KEIL C test\STM32CubeIDE_1.10.1\STM32CubeIDE\plugins\com.st.stm32cube.common.mx_6.6.1.202207061420\\db\/plugins/mcufinder/images/
2024-09-30 13:41:08,319 [WARN] DbFile:40 - Overriding database path with different value: C:\Users\User\.stmcufinder\plugins\mcufinder/ => C:\Users\User\.stmcufinder\plugins\mcufinder
2024-09-30 13:41:08,319 [INFO] ApiDb:249 - Set database path to: C:\Users\User\.stmcufinder\plugins\mcufinder//mcu/
2024-09-30 13:41:08,320 [WARN] DbFile:40 - Overriding database path with different value: C:\Users\User\.stmcufinder\plugins\mcufinder/ => C:\Users\User\.stmcufinder\plugins\mcufinder
2024-09-30 13:41:08,320 [INFO] DbMcusAds:124 - Set database path to: C:\Users\User\.stmcufinder\plugins\mcufinder//mcu/
2024-09-30 13:41:08,322 [WARN] DbFile:40 - Overriding database path with different value: C:\Users\User\.stmcufinder\plugins\mcufinder/ => C:\Users\User\.stmcufinder\plugins\mcufinder
2024-09-30 13:41:08,323 [WARN] DbFile:40 - Overriding database path with different value: C:\Users\User\.stmcufinder\plugins\mcufinder/ => C:\Users\User\.stmcufinder\plugins\mcufinder
2024-09-30 13:41:08,323 [INFO] CrossReferenceDbSqlite:201 - Set database path to: C:\Users\User\.stmcufinder\plugins\mcufinder//mcu/cs/
2024-09-30 13:41:08,498 [INFO] MainPanel:242 - HeapMemory: 268435456
2024-09-30 13:41:08,791 [INFO] DbMcusXml:77 - Set database path to: D:\BKRA\KEIL C test\STM32CubeIDE_1.10.1\STM32CubeIDE\plugins\com.st.stm32cube.common.mx_6.6.1.202207061420\\db\/mcu/
2024-09-30 13:41:08,792 [INFO] ApiDb:269 - Set plugin database path to: D:\BKRA\KEIL C test\STM32CubeIDE_1.10.1\STM32CubeIDE\plugins\com.st.stm32cube.common.mx_6.6.1.202207061420\\db\/plugins/boardmanager/
2024-09-30 13:41:08,792 [INFO] ApiDb:256 - Set plugin images path to: D:\BKRA\KEIL C test\STM32CubeIDE_1.10.1\STM32CubeIDE\plugins\com.st.stm32cube.common.mx_6.6.1.202207061420\\db\/plugins/mcufinder/images/
2024-09-30 13:41:08,793 [WARN] DbFile:40 - Overriding database path with different value: C:\Users\User\.stmcufinder\plugins\mcufinder/ => C:\Users\User\.stmcufinder\plugins\mcufinder
2024-09-30 13:41:08,793 [INFO] ApiDb:249 - Set database path to: C:\Users\User\.stmcufinder\plugins\mcufinder//mcu/
2024-09-30 13:41:08,794 [WARN] DbFile:40 - Overriding database path with different value: C:\Users\User\.stmcufinder\plugins\mcufinder/ => C:\Users\User\.stmcufinder\plugins\mcufinder
2024-09-30 13:41:08,794 [INFO] DbMcusAds:124 - Set database path to: C:\Users\User\.stmcufinder\plugins\mcufinder//mcu/
2024-09-30 13:41:08,795 [WARN] DbFile:40 - Overriding database path with different value: C:\Users\User\.stmcufinder\plugins\mcufinder/ => C:\Users\User\.stmcufinder\plugins\mcufinder
2024-09-30 13:41:08,795 [WARN] DbFile:40 - Overriding database path with different value: C:\Users\User\.stmcufinder\plugins\mcufinder/ => C:\Users\User\.stmcufinder\plugins\mcufinder
2024-09-30 13:41:08,795 [INFO] CrossReferenceDbSqlite:201 - Set database path to: C:\Users\User\.stmcufinder\plugins\mcufinder//mcu/cs/
2024-09-30 13:41:08,867 [INFO] ApplicationProperties:181 - Using Application install path: D:\BKRA\KEIL C test\STM32CubeIDE_1.10.1\STM32CubeIDE\plugins\com.st.stm32cube.common.mx_6.6.1.202207061420
2024-09-30 13:41:08,870 [INFO] PluginManage:193 - Search for loadable plugins [exclusion list=, ]
2024-09-30 13:41:08,876 [INFO] PluginManage:307 - Check plugin analytics
2024-09-30 13:41:09,234 [INFO] AnalyticsPlugin:262 - Accepted Software Licenses: STM32CubeMX.6.12.0
2024-09-30 13:41:09,235 [INFO] AnalyticsPlugin:264 - Accepted CMSIS Pack Licenses: 
2024-09-30 13:41:09,236 [INFO] AnalyticsPlugin:266 - Accepted Firmware Licenses: FW.F4.1.28.0
2024-09-30 13:41:09,253 [INFO] PluginManage:356 - Loaded plugin analytics (category:tool,tabindex:-1)
2024-09-30 13:41:09,254 [INFO] PluginManage:307 - Check plugin cadmodel
2024-09-30 13:41:09,261 [INFO] CADModel:65 - Init CAD model plugin
2024-09-30 13:41:09,263 [INFO] PluginManage:356 - Loaded plugin cadmodel (category:power,tabindex:5)
2024-09-30 13:41:09,264 [INFO] PluginManage:307 - Check plugin clock
2024-09-30 13:41:09,288 [INFO] PluginManage:356 - Loaded plugin clock (category:base,tabindex:2)
2024-09-30 13:41:09,289 [INFO] PluginManage:307 - Check plugin ddr
2024-09-30 13:41:09,294 [INFO] PluginManage:356 - Loaded plugin ddr (category:tool,tabindex:6)
2024-09-30 13:41:09,294 [INFO] PluginManage:307 - Check plugin filemanager
2024-09-30 13:41:09,642 [INFO] PluginManage:356 - Loaded plugin filemanager (category:base,tabindex:10)
2024-09-30 13:41:09,643 [INFO] PluginManage:307 - Check plugin ipmanager
2024-09-30 13:41:09,659 [INFO] PluginManage:356 - Loaded plugin ipmanager (category:base,tabindex:5)
2024-09-30 13:41:09,660 [INFO] PluginManage:307 - Check plugin lpbam
2024-09-30 13:41:09,680 [INFO] PluginManage:356 - Loaded plugin lpbam (category:base,tabindex:0)
2024-09-30 13:41:09,680 [INFO] PluginManage:307 - Check plugin pinoutandconfiguration
2024-09-30 13:41:09,697 [INFO] PluginManage:356 - Loaded plugin pinoutandconfiguration (category:base,tabindex:1)
2024-09-30 13:41:09,698 [INFO] PluginManage:307 - Check plugin pinoutconfig
2024-09-30 13:41:09,766 [INFO] PluginManage:356 - Loaded plugin pinoutconfig (category:base,tabindex:0)
2024-09-30 13:41:09,767 [INFO] PluginManage:307 - Check plugin power
2024-09-30 13:41:09,795 [INFO] PluginManage:356 - Loaded plugin power (category:power,tabindex:4)
2024-09-30 13:41:09,796 [INFO] PluginManage:307 - Check plugin projectmanager
2024-09-30 13:41:09,831 [INFO] PluginManage:356 - Loaded plugin projectmanager (category:projectmanager,tabindex:3)
2024-09-30 13:41:09,832 [INFO] PluginManage:307 - Check plugin thirdparty
2024-09-30 13:41:10,146 [INFO] PluginManage:356 - Loaded plugin thirdparty (category:base,tabindex:-1)
2024-09-30 13:41:10,146 [INFO] PluginManage:307 - Check plugin tools
2024-09-30 13:41:10,151 [INFO] PluginManage:356 - Loaded plugin tools (category:base,tabindex:7)
2024-09-30 13:41:10,152 [INFO] PluginManage:307 - Check plugin tutovideos
2024-09-30 13:41:10,163 [WARN] IntegrityCheckThread:82 - waiting for thirdparty lock release [integrity check]
2024-09-30 13:41:10,167 [INFO] IntegrityCheckThread:84 - entering critical section [integrity check]
2024-09-30 13:41:10,174 [INFO] ThirdPartyUpdaterWithRetryManager:70 - Updater plugin not ready yet. [1/15]
2024-09-30 13:41:10,661 [INFO] PluginManage:356 - Loaded plugin tutovideos (category:base,tabindex:-1)
2024-09-30 13:41:10,661 [INFO] PluginManage:307 - Check plugin updater
2024-09-30 13:41:10,688 [INFO] PluginManage:356 - Loaded plugin updater (category:base,tabindex:12)
2024-09-30 13:41:10,690 [INFO] PluginManage:280 - PluginManage : Loaded plugins [15]
2024-09-30 13:41:11,229 [INFO] PinOutPanel:1468 - setPackage(No Configuration,No Configuration)
2024-09-30 13:41:11,365 [INFO] CADModel:98 - CPN selected for project level
2024-09-30 13:41:11,398 [INFO] IPUIPlugin:79 - create IPUIPlugin
2024-09-30 13:41:11,399 [INFO] PluginManager:217 - loadIPPluginJar : add adc
2024-09-30 13:41:11,404 [INFO] IPUIPlugin:79 - create IPUIPlugin
2024-09-30 13:41:11,405 [INFO] PluginManager:217 - loadIPPluginJar : add aes
2024-09-30 13:41:11,410 [INFO] IPUIPlugin:79 - create IPUIPlugin
2024-09-30 13:41:11,411 [INFO] PluginManager:217 - loadIPPluginJar : add can
2024-09-30 13:41:11,416 [INFO] IPUIPlugin:79 - create IPUIPlugin
2024-09-30 13:41:11,416 [INFO] PluginManager:217 - loadIPPluginJar : add comp
2024-09-30 13:41:11,423 [INFO] IPUIPlugin:79 - create IPUIPlugin
2024-09-30 13:41:11,424 [INFO] PluginManager:217 - loadIPPluginJar : add cryp
2024-09-30 13:41:11,429 [INFO] IPUIPlugin:79 - create IPUIPlugin
2024-09-30 13:41:11,430 [INFO] PluginManager:217 - loadIPPluginJar : add dfsdm
2024-09-30 13:41:11,442 [INFO] IPUIPlugin:79 - create IPUIPlugin
2024-09-30 13:41:11,444 [INFO] PluginManager:217 - loadIPPluginJar : add dma
2024-09-30 13:41:11,448 [INFO] IPUIPlugin:79 - create IPUIPlugin
2024-09-30 13:41:11,449 [INFO] PluginManager:217 - loadIPPluginJar : add dma3
2024-09-30 13:41:11,452 [INFO] IPUIPlugin:79 - create IPUIPlugin
2024-09-30 13:41:11,453 [INFO] PluginManager:217 - loadIPPluginJar : add fatfs
2024-09-30 13:41:11,460 [INFO] IPUIPlugin:79 - create IPUIPlugin
2024-09-30 13:41:11,461 [INFO] PluginManager:217 - loadIPPluginJar : add fmc
2024-09-30 13:41:11,472 [INFO] IPUIPlugin:79 - create IPUIPlugin
2024-09-30 13:41:11,473 [INFO] PluginManager:217 - loadIPPluginJar : add freertos
2024-09-30 13:41:11,476 [INFO] IPUIPlugin:79 - create IPUIPlugin
2024-09-30 13:41:11,476 [INFO] PluginManager:217 - loadIPPluginJar : add genericplugin
2024-09-30 13:41:11,480 [INFO] IPUIPlugin:79 - create IPUIPlugin
2024-09-30 13:41:11,481 [INFO] PluginManager:217 - loadIPPluginJar : add gfxmmu
2024-09-30 13:41:11,493 [INFO] IPUIPlugin:79 - create IPUIPlugin
2024-09-30 13:41:11,493 [INFO] PluginManager:217 - loadIPPluginJar : add gic
2024-09-30 13:41:11,502 [INFO] IPUIPlugin:79 - create IPUIPlugin
2024-09-30 13:41:11,502 [INFO] PluginManager:217 - loadIPPluginJar : add gpio
2024-09-30 13:41:11,508 [INFO] IPUIPlugin:79 - create IPUIPlugin
2024-09-30 13:41:11,508 [INFO] PluginManager:217 - loadIPPluginJar : add gtzc
2024-09-30 13:41:11,514 [INFO] IPUIPlugin:79 - create IPUIPlugin
2024-09-30 13:41:11,515 [INFO] PluginManager:217 - loadIPPluginJar : add hash
2024-09-30 13:41:11,521 [INFO] IPUIPlugin:79 - create IPUIPlugin
2024-09-30 13:41:11,521 [INFO] PluginManager:217 - loadIPPluginJar : add i2c
2024-09-30 13:41:11,528 [INFO] IPUIPlugin:79 - create IPUIPlugin
2024-09-30 13:41:11,529 [INFO] PluginManager:217 - loadIPPluginJar : add i2s
2024-09-30 13:41:11,536 [INFO] IPUIPlugin:79 - create IPUIPlugin
2024-09-30 13:41:11,537 [INFO] PluginManager:217 - loadIPPluginJar : add ipddr
2024-09-30 13:41:11,553 [INFO] IPUIPlugin:79 - create IPUIPlugin
2024-09-30 13:41:11,553 [INFO] PluginManager:217 - loadIPPluginJar : add linkedlist
2024-09-30 13:41:11,559 [INFO] IPUIPlugin:79 - create IPUIPlugin
2024-09-30 13:41:11,559 [INFO] PluginManager:217 - loadIPPluginJar : add lorawan
2024-09-30 13:41:11,562 [INFO] IPUIPlugin:79 - create IPUIPlugin
2024-09-30 13:41:11,563 [INFO] PluginManager:217 - loadIPPluginJar : add ltdc
2024-09-30 13:41:11,575 [INFO] IPUIPlugin:79 - create IPUIPlugin
2024-09-30 13:41:11,576 [INFO] PluginManager:217 - loadIPPluginJar : add mdma
2024-09-30 13:41:11,585 [INFO] IPUIPlugin:79 - create IPUIPlugin
2024-09-30 13:41:11,586 [INFO] PluginManager:217 - loadIPPluginJar : add nvic
2024-09-30 13:41:11,598 [INFO] IPUIPlugin:79 - create IPUIPlugin
2024-09-30 13:41:11,610 [INFO] PluginManager:217 - loadIPPluginJar : add opamp
2024-09-30 13:41:11,623 [INFO] IPUIPlugin:79 - create IPUIPlugin
2024-09-30 13:41:11,624 [INFO] PluginManager:217 - loadIPPluginJar : add openamp
2024-09-30 13:41:11,630 [INFO] IPUIPlugin:79 - create IPUIPlugin
2024-09-30 13:41:11,631 [INFO] PluginManager:217 - loadIPPluginJar : add pdm2pcm
2024-09-30 13:41:11,645 [INFO] IPUIPlugin:79 - create IPUIPlugin
2024-09-30 13:41:11,651 [INFO] PluginManager:217 - loadIPPluginJar : add plateformsettings
2024-09-30 13:41:11,655 [INFO] IPUIPlugin:79 - create IPUIPlugin
2024-09-30 13:41:11,656 [INFO] PluginManager:217 - loadIPPluginJar : add quadspi
2024-09-30 13:41:11,662 [INFO] IPUIPlugin:79 - create IPUIPlugin
2024-09-30 13:41:11,663 [INFO] PluginManager:217 - loadIPPluginJar : add resmgrutility
2024-09-30 13:41:11,669 [INFO] IPUIPlugin:79 - create IPUIPlugin
2024-09-30 13:41:11,669 [INFO] PluginManager:217 - loadIPPluginJar : add sai
2024-09-30 13:41:11,675 [INFO] IPUIPlugin:79 - create IPUIPlugin
2024-09-30 13:41:11,676 [INFO] PluginManager:217 - loadIPPluginJar : add spi
2024-09-30 13:41:11,685 [INFO] IPUIPlugin:79 - create IPUIPlugin
2024-09-30 13:41:11,686 [INFO] PluginManager:217 - loadIPPluginJar : add stm32_wpan
2024-09-30 13:41:11,689 [INFO] IPUIPlugin:79 - create IPUIPlugin
2024-09-30 13:41:11,690 [INFO] PluginManager:217 - loadIPPluginJar : add tim
2024-09-30 13:41:11,695 [INFO] IPUIPlugin:79 - create IPUIPlugin
2024-09-30 13:41:11,696 [INFO] PluginManager:217 - loadIPPluginJar : add touchsensing
2024-09-30 13:41:11,700 [INFO] IPUIPlugin:79 - create IPUIPlugin
2024-09-30 13:41:11,700 [INFO] PluginManager:217 - loadIPPluginJar : add tracer_emb
2024-09-30 13:41:11,704 [INFO] IPUIPlugin:79 - create IPUIPlugin
2024-09-30 13:41:11,705 [INFO] PluginManager:217 - loadIPPluginJar : add ts
2024-09-30 13:41:11,708 [INFO] IPUIPlugin:79 - create IPUIPlugin
2024-09-30 13:41:11,708 [INFO] PluginManager:217 - loadIPPluginJar : add tsc
2024-09-30 13:41:11,712 [INFO] IPUIPlugin:79 - create IPUIPlugin
2024-09-30 13:41:11,713 [INFO] PluginManager:217 - loadIPPluginJar : add ucpd
2024-09-30 13:41:11,720 [INFO] IPUIPlugin:79 - create IPUIPlugin
2024-09-30 13:41:11,720 [INFO] PluginManager:217 - loadIPPluginJar : add usart
2024-09-30 13:41:11,727 [INFO] IPUIPlugin:79 - create IPUIPlugin
2024-09-30 13:41:11,727 [INFO] PluginManager:217 - loadIPPluginJar : add usbx
2024-09-30 13:41:12,455 [FATAL] Updater:301 - Updater called before beeing initialized
2024-09-30 13:41:12,853 [FATAL] Updater:301 - Updater called before beeing initialized
2024-09-30 13:41:12,899 [INFO] DbMcusAds:52 - JSON generation date=Fri Sep 20 20:04:23 ICT 2024 (1726837463113)
2024-09-30 13:41:12,905 [FATAL] Updater:301 - Updater called before beeing initialized
2024-09-30 13:41:13,133 [WARN] DetailPanel:344 - Failed to get advertising image, set to default
2024-09-30 13:41:13,188 [INFO] ThirdPartyUpdaterWithRetryManager:70 - Updater plugin not ready yet. [2/15]
2024-09-30 13:41:13,616 [FATAL] Updater:301 - Updater called before beeing initialized
2024-09-30 13:41:13,620 [FATAL] Updater:301 - Updater called before beeing initialized
2024-09-30 13:41:13,620 [FATAL] Updater:301 - Updater called before beeing initialized
2024-09-30 13:41:13,621 [WARN] DetailPanel:344 - Failed to get advertising image, set to default
2024-09-30 13:41:13,622 [FATAL] Updater:301 - Updater called before beeing initialized
2024-09-30 13:41:13,756 [ERROR] Updater:1105 - MainUpdater not yet initialized. External WinMGr cannot be set.
2024-09-30 13:41:13,761 [INFO] Updater:1041 - Updater Version found : 6.6.1
2024-09-30 13:41:13,794 [INFO] ApplicationProperties:181 - Using Application install path: D:\BKRA\KEIL C test\STM32CubeIDE_1.10.1\STM32CubeIDE\plugins\com.st.stm32cube.common.mx_6.6.1.202207061420
2024-09-30 13:41:14,230 [INFO] MainUpdater:2768 - connection check result : 10
2024-09-30 13:41:14,231 [INFO] MainUpdater:280 - Updater Check For Update Now.
2024-09-30 13:41:14,232 [INFO] MicroXplorer:481 - Change Database Version : DB.6.0.60
2024-09-30 13:41:14,522 [INFO] CheckServerUpdateThread:119 - End of CheckServer Thread
2024-09-30 13:41:14,655 [INFO] MainUpdater:2768 - connection check result : 10
2024-09-30 13:41:15,413 [INFO] McuFinderGlobals:57 - Set McuFinderConnectedMode to true
2024-09-30 13:41:15,433 [INFO] MultiScanPanel:195 - Auto-refresh data requested => check proxy status ongoing
2024-09-30 13:41:15,441 [INFO] FinderPluginLoader:92 - Searching for filters in installed packs
2024-09-30 13:41:15,659 [INFO] ApiDb:576 - Connected to CubeFinder SQLite database (C:\Users\User\.stmcufinder\plugins\mcufinder\mcu\cube-finder-db.db)
2024-09-30 13:41:15,868 [INFO] ApiDb:663 - CubeFinder database Data Model version=2.1
2024-09-30 13:41:15,868 [INFO] ApiDb:664 - CubeFinder database Configuration version=3.0.39
2024-09-30 13:41:15,868 [INFO] ApiDb:665 - CubeFinder database generation date=2024-09-16 (1726485674)
2024-09-30 13:41:15,869 [INFO] ApiDb:666 - CubeFinder database FW Pack versions=[FP-ATR-ASTRA1_V2.0.0, FP-SNS-FLIGHT1_V5.0.2, FP-SNS-MOTENV1_V5.0.0, FP-SNS-MOTENVWB1_V1.4.0, FP-SNS-SMARTAG2_V1.2.0, FP-SNS-STBOX1_V2.0.0, STM32Cube_FW_C0_V1.2.0, STM32Cube_FW_F4_V1.28.1, STM32Cube_FW_F7_V1.17.2, STM32Cube_FW_G0_V1.6.2, STM32Cube_FW_G4_V1.6.0, STM32Cube_FW_H5_V1.3.0, STM32Cube_FW_H7RS_V1.1.0, STM32Cube_FW_H7_V1.11.2, STM32Cube_FW_L0_V1.12.2, STM32Cube_FW_L5_V1.5.1, STM32Cube_FW_U0_V1.1.0, STM32Cube_FW_U5_V1.6.0, STM32Cube_FW_WB0_V1.0.0, STM32Cube_FW_WBA_V1.4.1, STM32Cube_FW_WB_V1.20.0, STM32Cube_FW_WL_V1.3.0, X-CUBE-ALGOBUILD_V1.4.0, X-CUBE-ALS_V1.0.2, X-CUBE-AZRTOS-F4_V1.1.0, X-CUBE-AZRTOS-F7_V1.1.0, X-CUBE-AZRTOS-G0_V1.1.0, X-CUBE-AZRTOS-G4_V2.0.0, X-CUBE-AZRTOS-H7RS_V1.0.0, X-CUBE-AZRTOS-H7_V3.2.0, X-CUBE-AZRTOS-L4_V2.0.0, X-CUBE-AZRTOS-L5_V2.0.0, X-CUBE-AZRTOS-WB_V2.0.0, X-CUBE-AZRTOS-WL_V2.0.0, X-CUBE-BLE1_V7.0.0, X-CUBE-BLE2_V3.3.0, X-CUBE-BLEMGR_V3.1.0, X-CUBE-EEPRMA1_V5.1.0, X-CUBE-FREERTOS_V1.2.0, X-CUBE-GNSS1_V6.0.0, X-CUBE-MEMS1_V11.0.0, X-CUBE-NFC4_V3.0.0, X-CUBE-NFC7_V1.0.1, X-CUBE-SFXS2LP1_V4.0.0, X-CUBE-SUBG2_V5.0.0, X-CUBE-TOF1_V3.4.2]
2024-09-30 13:41:16,858 [WARN] PackLoader:242 - Cannot read IP mode file for STMicroelectronics.FP-SNS-MOTENVWB1.1.4.0
2024-09-30 13:41:16,906 [WARN] PackLoader:242 - Cannot read IP mode file for STMicroelectronics.X-CUBE-SMBUS.2.1.0
2024-09-30 13:41:16,918 [WARN] PackLoader:242 - Cannot read IP mode file for STMicroelectronics.X-CUBE-TOUCHGFX.4.23.2
2024-09-30 13:41:17,024 [WARN] PackLoader:242 - Cannot read IP mode file for STMicroelectronics.X-CUBE-AZRTOS-F7.1.1.0
2024-09-30 13:41:17,288 [WARN] PackLoader:242 - Cannot read IP mode file for STMicroelectronics.X-CUBE-MEMS1.11.0.0
2024-09-30 13:41:17,880 [WARN] PackLoader:242 - Cannot read IP mode file for STMicroelectronics.FP-SNS-FLIGHT1.5.0.2
2024-09-30 13:41:17,896 [WARN] PackLoader:242 - Cannot read IP mode file for STMicroelectronics.X-CUBE-DISPLAY.3.0.0
2024-09-30 13:41:17,918 [WARN] PackLoader:242 - Cannot read IP mode file for STMicroelectronics.X-CUBE-BLE1.7.0.0
2024-09-30 13:41:17,932 [WARN] PackLoader:242 - Cannot read IP mode file for STMicroelectronics.X-CUBE-NFC10.1.0.0
2024-09-30 13:41:17,974 [WARN] PackLoader:242 - Cannot read IP mode file for emotas.I-CUBE-CANOPEN.1.3.0
2024-09-30 13:41:17,993 [WARN] PackLoader:242 - Cannot read IP mode file for STMicroelectronics.X-CUBE-BLEMGR.3.1.0
2024-09-30 13:41:18,009 [WARN] PackLoader:242 - Cannot read IP mode file for STMicroelectronics.FP-SNS-SMARTAG2.1.2.0
2024-09-30 13:41:18,031 [INFO] LogOutputStream:76 - [STDOUT_REDIRECT] 1 : Invalid condition id : UX_CORESTACK_Condition cause : null
2024-09-30 13:41:18,033 [INFO] LogOutputStream:76 - [STDOUT_REDIRECT] 1 : Invalid condition id : UX_CORESTACK_Condition cause : null
2024-09-30 13:41:18,037 [INFO] LogOutputStream:76 - [STDOUT_REDIRECT] 1 : Invalid condition id : UX_CORESTACK_Condition cause : null
2024-09-30 13:41:18,042 [INFO] LogOutputStream:76 - [STDOUT_REDIRECT] 1 : Invalid condition id : UX_CORESTACK_Condition cause : null
2024-09-30 13:41:18,046 [INFO] LogOutputStream:76 - [STDOUT_REDIRECT] 1 : Invalid condition id : UX_CORESTACK_Condition cause : null
2024-09-30 13:41:18,053 [WARN] PackLoader:242 - Cannot read IP mode file for STMicroelectronics.X-CUBE-AZRTOS-WL.2.0.0
2024-09-30 13:41:18,066 [WARN] PackLoader:242 - Cannot read IP mode file for STMicroelectronics.FP-SNS-MOTENV1.5.0.0
2024-09-30 13:41:18,095 [WARN] PackLoader:242 - Cannot read IP mode file for wolfSSL.I-CUBE-wolfMQTT.1.19.0
2024-09-30 13:41:18,108 [WARN] PackLoader:242 - Cannot read IP mode file for WES.I-CUBE-Cesium.1.3.0
2024-09-30 13:41:18,121 [WARN] PackLoader:242 - Cannot read IP mode file for STMicroelectronics.X-CUBE-BLE2.3.3.0
2024-09-30 13:41:18,133 [WARN] PackLoader:242 - Cannot read IP mode file for STMicroelectronics.X-CUBE-NFC9.1.0.0
2024-09-30 13:41:18,155 [WARN] PackLoader:242 - Cannot read IP mode file for STMicroelectronics.X-CUBE-TCPP.4.1.0
2024-09-30 13:41:18,171 [WARN] PackLoader:242 - Cannot read IP mode file for STMicroelectronics.X-CUBE-ALGOBUILD.1.3.0
2024-09-30 13:41:18,206 [WARN] PackLoader:242 - Cannot read IP mode file for STMicroelectronics.X-CUBE-AZRTOS-G0.1.1.0
2024-09-30 13:41:18,224 [WARN] PackLoader:242 - Cannot read IP mode file for STMicroelectronics.X-CUBE-SAFEA1.1.2.2
2024-09-30 13:41:18,236 [WARN] PackLoader:242 - Cannot read IP mode file for STMicroelectronics.X-CUBE-NFC4.3.0.0
2024-09-30 13:41:18,243 [WARN] PackLoader:242 - Cannot read IP mode file for wolfSSL.I-CUBE-wolfMQTT.1.18.0
2024-09-30 13:41:18,251 [ERROR] Engine:467 - C:\Users\User\.stm32cubemx\thirdparties\pdsc\EmbeddedOffice.I-CUBE-FS-RTOS.1.0.1.pdsc: PDSC version is not supported
2024-09-30 13:41:18,257 [ERROR] Engine:467 - C:\Users\User\.stm32cubemx\thirdparties\pdsc\RealThread.X-CUBE-RT-Thread_Nano.4.1.1.pdsc: PDSC version is not supported
2024-09-30 13:41:18,264 [WARN] PackLoader:242 - Cannot read IP mode file for wolfSSL.I-CUBE-wolfSSL.5.7.0
2024-09-30 13:41:18,272 [WARN] PackLoader:242 - Cannot read IP mode file for STMicroelectronics.FP-ATR-SIGFOX1.3.2.0
2024-09-30 13:41:18,284 [WARN] PackLoader:242 - Cannot read IP mode file for STMicroelectronics.X-CUBE-EEPRMA1.5.1.0
2024-09-30 13:41:18,302 [WARN] PackLoader:242 - Cannot read IP mode file for ITTIA_DB.I-CUBE-ITTIADB.8.9.0
2024-09-30 13:41:18,378 [WARN] PackLoader:242 - Cannot read IP mode file for SEGGER.I-CUBE-embOS.1.3.1
2024-09-30 13:41:18,612 [WARN] PackLoader:242 - Cannot read IP mode file for STMicroelectronics.X-CUBE-ALGOBUILD.1.4.0
2024-09-30 13:41:18,628 [WARN] PackLoader:242 - Cannot read IP mode file for STMicroelectronics.X-CUBE-GNSS1.6.0.0
2024-09-30 13:41:18,670 [WARN] PackLoader:242 - Cannot read IP mode file for STMicroelectronics.X-CUBE-AZRTOS-F4.1.1.0
2024-09-30 13:41:18,690 [WARN] PackLoader:242 - Cannot read IP mode file for STMicroelectronics.X-CUBE-ISPU.2.1.0
2024-09-30 13:41:18,705 [WARN] PackLoader:242 - Cannot read IP mode file for STMicroelectronics.X-CUBE-FREERTOS.1.2.0
2024-09-30 13:41:18,742 [WARN] PackLoader:242 - Cannot read IP mode file for STMicroelectronics.X-CUBE-AZRTOS-L5.2.0.0
2024-09-30 13:41:18,775 [WARN] PackLoader:242 - Cannot read IP mode file for STMicroelectronics.X-CUBE-NFC6.3.1.0
2024-09-30 13:41:18,789 [ERROR] Engine:467 - C:\Users\User\.stm32cubemx\thirdparties\pdsc\STMicroelectronics.X-CUBE-DPower.1.2.0.pdsc: PDSC version is not supported
2024-09-30 13:41:18,797 [WARN] PackLoader:242 - Cannot read IP mode file for STMicroelectronics.X-CUBE-AI.9.0.0
2024-09-30 13:41:18,808 [WARN] PackLoader:242 - Cannot read IP mode file for STMicroelectronics.X-CUBE-NFC7.1.0.1
2024-09-30 13:41:18,817 [WARN] PackLoader:242 - Cannot read IP mode file for wolfSSL.I-CUBE-wolfTPM.3.2.0
2024-09-30 13:41:18,854 [WARN] ConditionMgr:437 - getConditionDescription Invalid condition id : LAN8742 Phy interface Condition cause : null
2024-09-30 13:41:18,856 [WARN] PackLoader:242 - Cannot read IP mode file for STMicroelectronics.X-CUBE-AZRTOS-L4.2.0.0
2024-09-30 13:41:18,858 [WARN] ConditionMgr:1038 - genDependencies : Invalid condition id : LAN8742 Phy interface Condition cause : null
2024-09-30 13:41:18,859 [WARN] ConditionMgr:1038 - genDependencies : Invalid condition id : LAN8742 Phy interface Condition cause : null
2024-09-30 13:41:18,861 [WARN] ConditionMgr:1038 - genDependencies : Invalid condition id : LAN8742 Phy interface Condition cause : null
2024-09-30 13:41:18,876 [WARN] PackLoader:242 - Cannot read IP mode file for STMicroelectronics.X-CUBE-SFXS2LP1.4.0.0
2024-09-30 13:41:18,928 [WARN] PackLoader:242 - Cannot read IP mode file for STMicroelectronics.X-CUBE-AZRTOS-H7.3.3.0
2024-09-30 13:41:18,960 [WARN] ConditionMgr:437 - getConditionDescription Invalid condition id : UX DEVICE CLASS RTOS Condition cause : null
2024-09-30 13:41:18,961 [WARN] ConditionMgr:437 - getConditionDescription Invalid condition id : UX DEVICE CLASS RTOS Condition cause : null
2024-09-30 13:41:18,973 [WARN] PackLoader:242 - Cannot read IP mode file for STMicroelectronics.X-CUBE-AZRTOS-WB.2.0.0
2024-09-30 13:41:18,974 [WARN] ConditionMgr:1038 - genDependencies : Invalid condition id : UX DEVICE CLASS RTOS Condition cause : null
2024-09-30 13:41:18,974 [WARN] ConditionMgr:1038 - genDependencies : Invalid condition id : UX DEVICE CLASS RTOS Condition cause : null
2024-09-30 13:41:18,975 [WARN] ConditionMgr:1038 - genDependencies : Invalid condition id : UX DEVICE CLASS RTOS Condition cause : null
2024-09-30 13:41:18,975 [WARN] ConditionMgr:1038 - genDependencies : Invalid condition id : UX DEVICE CLASS RTOS Condition cause : null
2024-09-30 13:41:18,975 [WARN] ConditionMgr:1038 - genDependencies : Invalid condition id : UX DEVICE CLASS RTOS Condition cause : null
2024-09-30 13:41:18,985 [WARN] PackLoader:242 - Cannot read IP mode file for STMicroelectronics.X-CUBE-GNSS1.7.0.0
2024-09-30 13:41:19,001 [ERROR] Engine:467 - C:\Users\User\.stm32cubemx\thirdparties\pdsc\STMicroelectronics.FP-SNS-STBOX1.2.0.0.pdsc: PDSC version is not supported
2024-09-30 13:41:19,023 [WARN] PackLoader:242 - Cannot read IP mode file for STMicroelectronics.X-CUBE-SUBG2.5.0.0
2024-09-30 13:41:19,068 [WARN] PackLoader:242 - Cannot read IP mode file for STMicroelectronics.X-CUBE-AZRTOS-G4.2.0.0
2024-09-30 13:41:19,079 [WARN] PackLoader:242 - Cannot read IP mode file for STMicroelectronics.X-CUBE-ISPU.2.0.0
2024-09-30 13:41:19,091 [WARN] PackLoader:242 - Cannot read IP mode file for STMicroelectronics.X-CUBE-ALS.1.0.2
2024-09-30 13:41:19,232 [WARN] PackLoader:242 - Cannot read IP mode file for STMicroelectronics.X-CUBE-MEMS1.10.0.0
2024-09-30 13:41:19,540 [WARN] PackLoader:242 - Cannot read IP mode file for STMicroelectronics.X-CUBE-TOUCHGFX.4.24.0
2024-09-30 13:41:19,546 [WARN] PackLoader:242 - Cannot read IP mode file for STMicroelectronics.X-CUBE-TOUCHGFX.4.24.1
2024-09-30 13:41:19,559 [WARN] PackLoader:242 - Cannot read IP mode file for portGmbH.I-Cube-SoM-uGOAL.1.1.0
2024-09-30 13:41:19,567 [WARN] PackLoader:242 - Cannot read IP mode file for STMicroelectronics.X-CUBE-ALS.1.0.1
2024-09-30 13:41:19,612 [WARN] PackLoader:242 - Cannot read IP mode file for STMicroelectronics.X-CUBE-AZRTOS-H7RS.1.0.0
2024-09-30 13:41:19,625 [WARN] PackLoader:242 - Cannot read IP mode file for STMicroelectronics.FP-ATR-ASTRA1.2.0.0
2024-09-30 13:41:19,639 [ERROR] Engine:467 - C:\Users\User\.stm32cubemx\thirdparties\pdsc\STMicroelectronics.X-CUBE-TOF1.3.4.2.pdsc: PDSC version is not supported
2024-09-30 13:41:19,663 [WARN] PackLoader:242 - Cannot read IP mode file for STMicroelectronics.X-CUBE-TOF1.3.4.1
2024-09-30 13:41:19,736 [WARN] PackLoader:242 - Cannot read IP mode file for STMicroelectronics.X-CUBE-AZRTOS-H7.3.2.0
2024-09-30 13:41:19,802 [WARN] PackLoader:242 - Cannot read IP mode file for Infineon.AIROC-Wi-Fi-Bluetooth-STM32.1.6.0
2024-09-30 13:41:19,819 [WARN] PackLoader:242 - Cannot read IP mode file for wolfSSL.I-CUBE-wolfSSH.1.4.17
2024-09-30 13:41:19,823 [INFO] ThirdParty:929 - Integrity check success = true
2024-09-30 13:41:19,824 [INFO] IntegrityCheckThread:98 - exiting critical section [integrity check]
2024-09-30 13:41:19,824 [INFO] IntegrityCheckThread:101 - End integrity checks thread
2024-09-30 13:41:22,210 [INFO] ApiDb:239 - Found 138 in-development CPN: [B-WB1M-WPAN1, NUCLEO-C031C6, STEVAL-STWINBX1, STM320518-EVAL, STM32C0116-DK, STM32C011D6Y3TR, STM32C011D6Y6TR, STM32C011F4P3, STM32C011F4P6, STM32C011F4U3, STM32C011F4U6TR, STM32C011F6P3, STM32C011F6P6, STM32C011F6U3, STM32C011F6U6TR, STM32C011J4M3, STM32C011J4M6, STM32C011J6M3, STM32C011J6M6, STM32C0316-DK, STM32C031C4T3, STM32C031C4T6, STM32C031C4U3, STM32C031C4U6, STM32C031C6T3, STM32C031C6T6, STM32C031C6U3, STM32C031C6U6, STM32C031F4P3, STM32C031F4P6, STM32C031F6P3, STM32C031F6P6, STM32C031G4U3, STM32C031G4U6, STM32C031G6U3, STM32C031G6U6, STM32C031K4T3, STM32C031K4T6, STM32C031K4U3, STM32C031K4U6, STM32C031K6T3, STM32C031K6T6, STM32C031K6U3, STM32C031K6U6, STM32G071K8TXN, STM32G071K8UXN, STM32G081GBU6N, STM32G081KBT6N, STM32G081KBUXN, STM32G0B1CCT6N, STM32G0B1KCT6, STM32G0B1NEY6TR, STM32G0B1RCT6N, STM32G0C1CCT6, STM32G0C1CCT6N, STM32G0C1CCU6N, STM32G0C1CET6N, STM32G0C1CEU6N, STM32G0C1KCT6, STM32G0C1NEY6TR, STM32G0C1RCI6N, STM32G0C1RCT6N, STM32G0C1REI6N, STM32G0C1RET6N, STM32G0C1VCI6, STM32G0C1VEI6, STM32G471CCT6, STM32G471CCU6, STM32G471CET3, STM32G471CET6, STM32G471CEU3, STM32G471CEU6, STM32G471MCT6, STM32G471MET3, STM32G471MET6, STM32G471MEY6TR, STM32G471QCT6, STM32G471QET3, STM32G471RCT6, STM32G471RET3, STM32G471RET6, STM32G471VCH6, STM32G471VCI6, STM32G471VCT6, STM32G471VEH3, STM32G471VEH6, STM32G471VEI3, STM32G471VEI6, STM32G471VET3, STM32G471VET6, STM32G474CCT6, STM32L476VGY6PTR, STM32L4R5QGI6STR, STM32MP131AAE3, STM32MP131AAF3, STM32MP131AAG3, STM32MP131CAE3, STM32MP131CAF3, STM32MP131CAG3, STM32MP131DAE7, STM32MP131DAF7, STM32MP131DAG7, STM32MP131FAE7, STM32MP131FAF7, STM32MP131FAG7, STM32MP133AAE3, STM32MP133AAF3, STM32MP133AAG3, STM32MP133CAE3, STM32MP133CAF3, STM32MP133CAG3, STM32MP133DAE7, STM32MP133DAF7, STM32MP133DAG7, STM32MP133FAE7, STM32MP133FAF7, STM32MP133FAG7, STM32MP135AAE3, STM32MP135AAF3, STM32MP135AAG3, STM32MP135CAE3, STM32MP135CAF3, STM32MP135CAG3, STM32MP135DAE7, STM32MP135DAF7, STM32MP135DAG7, STM32MP135F-DK, STM32MP135FAE7, STM32MP135FAF7, STM32MP135FAG7, STM32U595ZJT6Q, STM32U599BJY6QTR, STM32U599NIH6Q, STM32U599NJH6Q, STM32U5A5ZJT6Q, STM32U5A9BJY6QTR, STM32U5A9NJH6Q, STM32WB1MMCH6]
2024-09-30 13:41:22,220 [INFO] DbMcus:215 - Found 4178 MCUs, 4178 are supported
2024-09-30 13:41:22,224 [INFO] ApiDb:418 - Load user favorites file C:\Users\User/.stm32cubeide/favorites.mcus.txt: 0 item(s)
2024-09-30 13:41:22,224 [INFO] ApiDb:422 - User favorites MCUs=[]
2024-09-30 13:41:22,224 [INFO] DbMcus:221 - Set 0 / 0 favorites MCUs
2024-09-30 13:41:26,045 [INFO] LoadUrlFilesThread:177 - End of LoadServerUrlFiles without Thread
2024-09-30 13:41:26,251 [INFO] DetailPanel:339 - Set advertising image to C:/Users/User/STM32Cube/Repository/\en.prom-stm32c071-usb-memories-mcu-finder.png
2024-09-30 13:41:26,547 [ERROR] LogOutputStream:74 - [STDERR_REDIRECT] SLF4J: Failed to load class "org.slf4j.impl.StaticLoggerBinder".
2024-09-30 13:41:26,550 [ERROR] LogOutputStream:74 - [STDERR_REDIRECT] SLF4J: Defaulting to no-operation (NOP) logger implementation
2024-09-30 13:41:26,555 [ERROR] LogOutputStream:74 - [STDERR_REDIRECT] SLF4J: See http://www.slf4j.org/codes.html#StaticLoggerBinder for further details.
2024-09-30 13:41:29,340 [INFO] MultiScanPanel:778 - Auto Refresh Data is not needed
2024-09-30 13:41:29,365 [INFO] ApiDb:663 - CubeFinder database Data Model version=2.1
2024-09-30 13:41:29,366 [INFO] ApiDb:664 - CubeFinder database Configuration version=3.0.39
2024-09-30 13:41:29,366 [INFO] ApiDb:665 - CubeFinder database generation date=2024-09-16 (1726485674)
2024-09-30 13:41:29,369 [INFO] ApiDb:666 - CubeFinder database FW Pack versions=[FP-ATR-ASTRA1_V2.0.0, FP-SNS-FLIGHT1_V5.0.2, FP-SNS-MOTENV1_V5.0.0, FP-SNS-MOTENVWB1_V1.4.0, FP-SNS-SMARTAG2_V1.2.0, FP-SNS-STBOX1_V2.0.0, STM32Cube_FW_C0_V1.2.0, STM32Cube_FW_F4_V1.28.1, STM32Cube_FW_F7_V1.17.2, STM32Cube_FW_G0_V1.6.2, STM32Cube_FW_G4_V1.6.0, STM32Cube_FW_H5_V1.3.0, STM32Cube_FW_H7RS_V1.1.0, STM32Cube_FW_H7_V1.11.2, STM32Cube_FW_L0_V1.12.2, STM32Cube_FW_L5_V1.5.1, STM32Cube_FW_U0_V1.1.0, STM32Cube_FW_U5_V1.6.0, STM32Cube_FW_WB0_V1.0.0, STM32Cube_FW_WBA_V1.4.1, STM32Cube_FW_WB_V1.20.0, STM32Cube_FW_WL_V1.3.0, X-CUBE-ALGOBUILD_V1.4.0, X-CUBE-ALS_V1.0.2, X-CUBE-AZRTOS-F4_V1.1.0, X-CUBE-AZRTOS-F7_V1.1.0, X-CUBE-AZRTOS-G0_V1.1.0, X-CUBE-AZRTOS-G4_V2.0.0, X-CUBE-AZRTOS-H7RS_V1.0.0, X-CUBE-AZRTOS-H7_V3.2.0, X-CUBE-AZRTOS-L4_V2.0.0, X-CUBE-AZRTOS-L5_V2.0.0, X-CUBE-AZRTOS-WB_V2.0.0, X-CUBE-AZRTOS-WL_V2.0.0, X-CUBE-BLE1_V7.0.0, X-CUBE-BLE2_V3.3.0, X-CUBE-BLEMGR_V3.1.0, X-CUBE-EEPRMA1_V5.1.0, X-CUBE-FREERTOS_V1.2.0, X-CUBE-GNSS1_V6.0.0, X-CUBE-MEMS1_V11.0.0, X-CUBE-NFC4_V3.0.0, X-CUBE-NFC7_V1.0.1, X-CUBE-SFXS2LP1_V4.0.0, X-CUBE-SUBG2_V5.0.0, X-CUBE-TOF1_V3.4.2]
2024-09-30 13:41:29,715 [INFO] DbBoardsSqlite:227 - include board P-NUCLEO-WB55-NUCLEO as a kit item of type 'Nucleo-64'
2024-09-30 13:41:29,716 [INFO] DbBoardsSqlite:227 - include board P-NUCLEO-WB55-USBDONGLE as a kit item of type 'Nucleo USB Dongle'
2024-09-30 13:41:29,717 [INFO] DbBoardsSqlite:227 - include board STEVAL-IDP005V1 as a kit item of type 'Evaluation Board'
2024-09-30 13:41:29,717 [INFO] DbBoardsSqlite:227 - include board STEVAL-IDP005V2 as a kit item of type 'Evaluation Board'
2024-09-30 13:41:29,989 [INFO] ApiDb:239 - Found 138 in-development CPN: [B-WB1M-WPAN1, NUCLEO-C031C6, STEVAL-STWINBX1, STM320518-EVAL, STM32C0116-DK, STM32C011D6Y3TR, STM32C011D6Y6TR, STM32C011F4P3, STM32C011F4P6, STM32C011F4U3, STM32C011F4U6TR, STM32C011F6P3, STM32C011F6P6, STM32C011F6U3, STM32C011F6U6TR, STM32C011J4M3, STM32C011J4M6, STM32C011J6M3, STM32C011J6M6, STM32C0316-DK, STM32C031C4T3, STM32C031C4T6, STM32C031C4U3, STM32C031C4U6, STM32C031C6T3, STM32C031C6T6, STM32C031C6U3, STM32C031C6U6, STM32C031F4P3, STM32C031F4P6, STM32C031F6P3, STM32C031F6P6, STM32C031G4U3, STM32C031G4U6, STM32C031G6U3, STM32C031G6U6, STM32C031K4T3, STM32C031K4T6, STM32C031K4U3, STM32C031K4U6, STM32C031K6T3, STM32C031K6T6, STM32C031K6U3, STM32C031K6U6, STM32G071K8TXN, STM32G071K8UXN, STM32G081GBU6N, STM32G081KBT6N, STM32G081KBUXN, STM32G0B1CCT6N, STM32G0B1KCT6, STM32G0B1NEY6TR, STM32G0B1RCT6N, STM32G0C1CCT6, STM32G0C1CCT6N, STM32G0C1CCU6N, STM32G0C1CET6N, STM32G0C1CEU6N, STM32G0C1KCT6, STM32G0C1NEY6TR, STM32G0C1RCI6N, STM32G0C1RCT6N, STM32G0C1REI6N, STM32G0C1RET6N, STM32G0C1VCI6, STM32G0C1VEI6, STM32G471CCT6, STM32G471CCU6, STM32G471CET3, STM32G471CET6, STM32G471CEU3, STM32G471CEU6, STM32G471MCT6, STM32G471MET3, STM32G471MET6, STM32G471MEY6TR, STM32G471QCT6, STM32G471QET3, STM32G471RCT6, STM32G471RET3, STM32G471RET6, STM32G471VCH6, STM32G471VCI6, STM32G471VCT6, STM32G471VEH3, STM32G471VEH6, STM32G471VEI3, STM32G471VEI6, STM32G471VET3, STM32G471VET6, STM32G474CCT6, STM32L476VGY6PTR, STM32L4R5QGI6STR, STM32MP131AAE3, STM32MP131AAF3, STM32MP131AAG3, STM32MP131CAE3, STM32MP131CAF3, STM32MP131CAG3, STM32MP131DAE7, STM32MP131DAF7, STM32MP131DAG7, STM32MP131FAE7, STM32MP131FAF7, STM32MP131FAG7, STM32MP133AAE3, STM32MP133AAF3, STM32MP133AAG3, STM32MP133CAE3, STM32MP133CAF3, STM32MP133CAG3, STM32MP133DAE7, STM32MP133DAF7, STM32MP133DAG7, STM32MP133FAE7, STM32MP133FAF7, STM32MP133FAG7, STM32MP135AAE3, STM32MP135AAF3, STM32MP135AAG3, STM32MP135CAE3, STM32MP135CAF3, STM32MP135CAG3, STM32MP135DAE7, STM32MP135DAF7, STM32MP135DAG7, STM32MP135F-DK, STM32MP135FAE7, STM32MP135FAF7, STM32MP135FAG7, STM32U595ZJT6Q, STM32U599BJY6QTR, STM32U599NIH6Q, STM32U599NJH6Q, STM32U5A5ZJT6Q, STM32U5A9BJY6QTR, STM32U5A9NJH6Q, STM32WB1MMCH6]
2024-09-30 13:41:30,022 [INFO] BoardInfo:879 - No configuration file found for board B-G473E-ZEST1S
2024-09-30 13:41:30,023 [INFO] DbBoards:156 - Board is not supported: B-G473E-ZEST1S
2024-09-30 13:41:30,064 [INFO] BoardInfo:879 - No configuration file found for board B-WL5M-SUBG1
2024-09-30 13:41:30,065 [INFO] DbBoards:156 - Board is not supported: B-WL5M-SUBG1
2024-09-30 13:41:30,335 [INFO] BoardInfo:879 - No configuration file found for board NUCLEO-H503RB
2024-09-30 13:41:30,335 [INFO] DbBoards:156 - Board is not supported: NUCLEO-H503RB
2024-09-30 13:41:30,341 [INFO] BoardInfo:879 - No configuration file found for board NUCLEO-H533RE
2024-09-30 13:41:30,341 [INFO] DbBoards:156 - Board is not supported: NUCLEO-H533RE
2024-09-30 13:41:30,344 [INFO] BoardInfo:879 - No configuration file found for board NUCLEO-H563ZI
2024-09-30 13:41:30,345 [INFO] DbBoards:156 - Board is not supported: NUCLEO-H563ZI
2024-09-30 13:41:30,369 [INFO] BoardInfo:879 - No configuration file found for board NUCLEO-H7S3L8
2024-09-30 13:41:30,369 [INFO] DbBoards:156 - Board is not supported: NUCLEO-H7S3L8
2024-09-30 13:41:30,517 [INFO] BoardInfo:879 - No configuration file found for board NUCLEO-U031R8
2024-09-30 13:41:30,517 [INFO] DbBoards:156 - Board is not supported: NUCLEO-U031R8
2024-09-30 13:41:30,522 [INFO] BoardInfo:879 - No configuration file found for board NUCLEO-U083RC
2024-09-30 13:41:30,522 [INFO] DbBoards:156 - Board is not supported: NUCLEO-U083RC
2024-09-30 13:41:30,525 [INFO] BoardInfo:879 - No configuration file found for board NUCLEO-U545RE-Q
2024-09-30 13:41:30,526 [INFO] DbBoards:156 - Board is not supported: NUCLEO-U545RE-Q
2024-09-30 13:41:30,534 [INFO] BoardInfo:879 - No configuration file found for board NUCLEO-U5A5ZJ-Q
2024-09-30 13:41:30,535 [INFO] DbBoards:156 - Board is not supported: NUCLEO-U5A5ZJ-Q
2024-09-30 13:41:30,539 [INFO] BoardInfo:879 - No configuration file found for board NUCLEO-WB05KZ
2024-09-30 13:41:30,539 [INFO] DbBoards:156 - Board is not supported: NUCLEO-WB05KZ
2024-09-30 13:41:30,542 [INFO] BoardInfo:879 - No configuration file found for board NUCLEO-WB07CC
2024-09-30 13:41:30,543 [INFO] DbBoards:156 - Board is not supported: NUCLEO-WB07CC
2024-09-30 13:41:30,546 [INFO] BoardInfo:879 - No configuration file found for board NUCLEO-WB09KE
2024-09-30 13:41:30,546 [INFO] DbBoards:156 - Board is not supported: NUCLEO-WB09KE
2024-09-30 13:41:30,558 [INFO] BoardInfo:879 - No configuration file found for board NUCLEO-WBA52CG
2024-09-30 13:41:30,559 [INFO] DbBoards:156 - Board is not supported: NUCLEO-WBA52CG
2024-09-30 13:41:30,563 [INFO] BoardInfo:879 - No configuration file found for board NUCLEO-WBA55CG
2024-09-30 13:41:30,563 [INFO] DbBoards:156 - Board is not supported: NUCLEO-WBA55CG
2024-09-30 13:41:30,583 [INFO] BoardInfo:879 - No configuration file found for board P-NUCLEO-WB55
2024-09-30 13:41:30,583 [INFO] DbBoards:156 - Kit is not supported: P-NUCLEO-WB55
2024-09-30 13:41:30,603 [INFO] BoardInfo:879 - No configuration file found for board STEVAL-BFA001V1B
2024-09-30 13:41:30,604 [INFO] DbBoards:156 - Kit is not supported: STEVAL-BFA001V1B
2024-09-30 13:41:30,608 [INFO] BoardInfo:879 - No configuration file found for board STEVAL-BFA001V2B
2024-09-30 13:41:30,608 [INFO] DbBoards:156 - Kit is not supported: STEVAL-BFA001V2B
2024-09-30 13:41:30,623 [INFO] BoardInfo:879 - No configuration file found for board STEVAL-MKBOXPRO
2024-09-30 13:41:30,624 [INFO] DbBoards:156 - Board is not supported: STEVAL-MKBOXPRO
2024-09-30 13:41:30,632 [INFO] BoardInfo:879 - No configuration file found for board STEVAL-PROTEUS1
2024-09-30 13:41:30,632 [INFO] DbBoards:156 - Board is not supported: STEVAL-PROTEUS1
2024-09-30 13:41:30,636 [INFO] BoardInfo:879 - No configuration file found for board STEVAL-SMARTAG2
2024-09-30 13:41:30,636 [INFO] DbBoards:156 - Board is not supported: STEVAL-SMARTAG2
2024-09-30 13:41:30,898 [INFO] BoardInfo:879 - No configuration file found for board STM32H573I-DK
2024-09-30 13:41:30,899 [INFO] DbBoards:156 - Board is not supported: STM32H573I-DK
2024-09-30 13:41:30,962 [INFO] BoardInfo:879 - No configuration file found for board STM32H7S78-DK
2024-09-30 13:41:30,963 [INFO] DbBoards:156 - Board is not supported: STM32H7S78-DK
2024-09-30 13:41:31,050 [INFO] BoardInfo:879 - No configuration file found for board STM32MP257F-DK
2024-09-30 13:41:31,051 [INFO] DbBoards:156 - Board is not supported: STM32MP257F-DK
2024-09-30 13:41:31,057 [INFO] BoardInfo:879 - No configuration file found for board STM32MP257F-EV1
2024-09-30 13:41:31,058 [INFO] DbBoards:156 - Board is not supported: STM32MP257F-EV1
2024-09-30 13:41:31,062 [INFO] BoardInfo:879 - No configuration file found for board STM32U083C-DK
2024-09-30 13:41:31,062 [INFO] DbBoards:156 - Board is not supported: STM32U083C-DK
2024-09-30 13:41:31,070 [INFO] BoardInfo:879 - No configuration file found for board STM32U5A9J-DK
2024-09-30 13:41:31,071 [INFO] DbBoards:156 - Board is not supported: STM32U5A9J-DK
2024-09-30 13:41:31,074 [INFO] BoardInfo:879 - No configuration file found for board STM32U5G9J-DK1
2024-09-30 13:41:31,074 [INFO] DbBoards:156 - Board is not supported: STM32U5G9J-DK1
2024-09-30 13:41:31,078 [INFO] BoardInfo:879 - No configuration file found for board STM32U5G9J-DK2
2024-09-30 13:41:31,078 [INFO] DbBoards:156 - Board is not supported: STM32U5G9J-DK2
2024-09-30 13:41:31,091 [INFO] BoardInfo:879 - No configuration file found for board STM32WBA55G-DK1
2024-09-30 13:41:31,091 [INFO] DbBoards:156 - Board is not supported: STM32WBA55G-DK1
2024-09-30 13:41:31,091 [INFO] DbBoards:160 - Found 200 boards, 170 are supported
2024-09-30 13:41:31,113 [INFO] ApiDb:418 - Load user favorites file C:\Users\User/.stm32cubeide/favorites.boards.txt: 0 item(s)
2024-09-30 13:41:31,113 [INFO] ApiDb:422 - User favorites Boards=[]
2024-09-30 13:41:31,114 [INFO] DbBoards:189 - Set 0 / 0 favorites Boards
2024-09-30 13:43:25,515 [INFO] MainUpdater:2768 - connection check result : 10
2024-09-30 13:43:25,516 [INFO] MainUpdater:2768 - connection check result : 10
2024-09-30 13:43:25,563 [INFO] MicroXplorer:451 - Change Database Path : 
2024-09-30 13:43:25,568 [INFO] MicroXplorer:481 - Change Database Version : DB.6.0.60
2024-09-30 13:43:25,571 [WARN] ThirdParty:827 - waiting for thirdparty lock release [close project]
2024-09-30 13:43:25,571 [INFO] ThirdParty:829 - entering critical section [close project]
2024-09-30 13:43:25,573 [INFO] ThirdParty:839 - exiting critical section [close project]
2024-09-30 13:43:25,590 [INFO] PinOutPanel:1468 - setPackage(No Configuration,No Configuration)
2024-09-30 13:43:25,640 [INFO] UtilMem:74 - Begin LoadConfig() Used Memory: 662172112 Bytes (715128832)
2024-09-30 13:43:25,643 [INFO] MicroXplorer:451 - Change Database Path : 
2024-09-30 13:43:25,643 [INFO] MicroXplorer:481 - Change Database Version : DB.6.0.60
2024-09-30 13:43:25,643 [INFO] OpenFileManager:307 - Change cursor
2024-09-30 13:43:25,854 [INFO] Mcu:1922 - Initializing MCU STM32F103C6Tx STM32F103C6Tx 
2024-09-30 13:43:25,861 [INFO] Mcu:1935 - No CPN specified => set CPN to STM32F103C6T6A
2024-09-30 13:43:29,395 [INFO] Context:654 - Trying to add GPIOservice into a context  which must be forbidden
2024-09-30 13:43:30,044 [INFO] ImportTextPane:193 - (OptionalMessage_ERROR) Unable to find key (Mcu.ThirdPartyNb) in loaded IOC file
2024-09-30 13:43:30,044 [INFO] ImportTextPane:193 - (OptionalMessage_ERROR) Unable to find key (Mcu.PinsNb) in loaded IOC file
2024-09-30 13:43:30,044 [INFO] ImportTextPane:193 - (OptionalMessage_ERROR) Unable to find key (Mcu.IPNb) in loaded IOC file
2024-09-30 13:43:30,243 [WARN] ApiManager:308 - Cannot register API 'Board Extension:NFC09A1' from pack STMicroelectronics.X-CUBE-NFC9.1.0.0: no header file found
2024-09-30 13:43:30,251 [WARN] ApiManager:308 - Cannot register API 'Board Extension:GNSS1A1' from pack STMicroelectronics.X-CUBE-GNSS1.6.0.0: no header file found
2024-09-30 13:43:30,251 [WARN] ApiManager:308 - Cannot register API 'Board Support:Custom' from pack STMicroelectronics.X-CUBE-GNSS1.6.0.0: no header file found
2024-09-30 13:43:30,251 [WARN] ApiManager:308 - Cannot register API 'Data Exchange:lib_gnss' from pack STMicroelectronics.X-CUBE-GNSS1.6.0.0: no header file found
2024-09-30 13:43:30,287 [WARN] ApiManager:308 - Cannot register API 'Board Extension:GNSS1A1' from pack STMicroelectronics.X-CUBE-GNSS1.7.0.0: no header file found
2024-09-30 13:43:30,288 [WARN] ApiManager:308 - Cannot register API 'Board Support:Custom' from pack STMicroelectronics.X-CUBE-GNSS1.7.0.0: no header file found
2024-09-30 13:43:30,288 [WARN] ApiManager:308 - Cannot register API 'Data Exchange:lib_gnss' from pack STMicroelectronics.X-CUBE-GNSS1.7.0.0: no header file found
2024-09-30 13:43:30,338 [WARN] ApiManager:308 - Cannot register API 'Board Extension:NFC06A1' from pack STMicroelectronics.X-CUBE-NFC6.3.1.0: no header file found
2024-09-30 13:43:30,338 [WARN] ApiManager:308 - Cannot register API 'Board Extension:NFC08A1' from pack STMicroelectronics.X-CUBE-NFC6.3.1.0: no header file found
2024-09-30 13:43:31,080 [WARN] ApiManager:308 - Cannot register API 'Board Extension:IKS01A3' from pack STMicroelectronics.X-CUBE-MEMS1.11.0.0: no header file found
2024-09-30 13:43:31,080 [WARN] ApiManager:308 - Cannot register API 'Board Extension:IKS02A1' from pack STMicroelectronics.X-CUBE-MEMS1.11.0.0: no header file found
2024-09-30 13:43:31,081 [WARN] ApiManager:308 - Cannot register API 'Board Extension:IKS4A1' from pack STMicroelectronics.X-CUBE-MEMS1.11.0.0: no header file found
2024-09-30 13:43:31,107 [INFO] RtosManager:488 - Registered RTOS mode: class=CMSIS, group=RTOS, mode=CMSIS_V1, owner=FREERTOS
2024-09-30 13:43:31,108 [INFO] RtosManager:488 - Registered RTOS mode: class=CMSIS, group=RTOS2, mode=CMSIS_V2, owner=FREERTOS
2024-09-30 13:43:31,108 [INFO] RtosManager:488 - Registered RTOS mode: class=RTOS, group=Core, mode=CMSIS_V1, owner=FREERTOS
2024-09-30 13:43:31,108 [INFO] RtosManager:488 - Registered RTOS mode: class=RTOS, group=Core, mode=CMSIS_V2, owner=FREERTOS
2024-09-30 13:43:31,109 [WARN] ModelIntegratedComponent:185 - Missing modes for component STMicroelectronics:FreeRTOS:0.0.1:STMicroelectronics:RTOS:FreeRTOS:Core:::10.2.0:
2024-09-30 13:43:31,115 [WARN] ApiManager:308 - Cannot register API 'Board Extension:STSAFEA1' from pack STMicroelectronics.X-CUBE-SAFEA1.1.2.2: no header file found
2024-09-30 13:43:31,116 [WARN] ApiManager:308 - Cannot register API 'Board Part:STSAFEA110' from pack STMicroelectronics.X-CUBE-SAFEA1.1.2.2: no header file found
2024-09-30 13:43:31,116 [WARN] ApiManager:308 - Cannot register API 'Security:ST_Cryptolib' from pack STMicroelectronics.X-CUBE-SAFEA1.1.2.2: no header file found
2024-09-30 13:43:31,117 [WARN] ApiManager:308 - Cannot register API 'Security:MbedTLS' from pack STMicroelectronics.X-CUBE-SAFEA1.1.2.2: no header file found
2024-09-30 13:43:31,118 [WARN] ApiManager:308 - Cannot register API 'Board Extension:NFC04A1' from pack STMicroelectronics.X-CUBE-NFC4.3.0.0: no header file found
2024-09-30 13:43:31,136 [WARN] ApiManager:308 - Cannot register API 'Board Extension:S2868A1' from pack STMicroelectronics.X-CUBE-SUBG2.5.0.0: no header file found
2024-09-30 13:43:31,137 [WARN] ApiManager:308 - Cannot register API 'Board Extension:S2868A2' from pack STMicroelectronics.X-CUBE-SUBG2.5.0.0: no header file found
2024-09-30 13:43:31,143 [WARN] ApiManager:308 - Cannot register API 'Board Extension:S2915A1' from pack STMicroelectronics.X-CUBE-SUBG2.5.0.0: no header file found
2024-09-30 13:43:31,180 [WARN] ApiManager:308 - Cannot register API 'Wireless:BlueNRG-MS' from pack STMicroelectronics.X-CUBE-BLE1.7.0.0: no header file found
2024-09-30 13:43:31,182 [WARN] ApiManager:308 - Cannot register API 'Board Extension:NFC10A1' from pack STMicroelectronics.X-CUBE-NFC10.1.0.0: no header file found
2024-09-30 13:43:31,188 [WARN] ApiManager:308 - Cannot register API 'Board Extension:EEPRMA2' from pack STMicroelectronics.X-CUBE-EEPRMA1.5.1.0: no header file found
2024-09-30 13:43:31,189 [WARN] ApiManager:308 - Cannot register API 'Board Extension:PGEEZ1' from pack STMicroelectronics.X-CUBE-EEPRMA1.5.1.0: no header file found
2024-09-30 13:43:31,189 [WARN] ApiManager:308 - Cannot register API 'Board Extension:EEICA1' from pack STMicroelectronics.X-CUBE-EEPRMA1.5.1.0: no header file found
2024-09-30 13:43:31,189 [WARN] ApiManager:308 - Cannot register API 'Board Part:M24' from pack STMicroelectronics.X-CUBE-EEPRMA1.5.1.0: no header file found
2024-09-30 13:43:31,189 [WARN] ApiManager:308 - Cannot register API 'Board Part:M95' from pack STMicroelectronics.X-CUBE-EEPRMA1.5.1.0: no header file found
2024-09-30 13:43:31,189 [WARN] ApiManager:308 - Cannot register API 'Board Part:M95P32' from pack STMicroelectronics.X-CUBE-EEPRMA1.5.1.0: no header file found
2024-09-30 13:43:31,189 [WARN] ApiManager:308 - Cannot register API 'Board Part:M24256E-F' from pack STMicroelectronics.X-CUBE-EEPRMA1.5.1.0: no header file found
2024-09-30 13:43:31,190 [WARN] ApiManager:308 - Cannot register API 'Board Part:M24M01E-F' from pack STMicroelectronics.X-CUBE-EEPRMA1.5.1.0: no header file found
2024-09-30 13:43:31,190 [WARN] ApiManager:308 - Cannot register API 'PGEEZ1:SPI' from pack STMicroelectronics.X-CUBE-EEPRMA1.5.1.0: no header file found
2024-09-30 13:43:31,190 [WARN] ApiManager:308 - Cannot register API 'PGEEZ1:QDSPI' from pack STMicroelectronics.X-CUBE-EEPRMA1.5.1.0: no header file found
2024-09-30 13:43:31,198 [WARN] ModelIntegratedComponent:64 - No mode defined for component null
2024-09-30 13:43:31,198 [WARN] ModelIntegratedComponent:64 - No mode defined for component null
2024-09-30 13:43:31,198 [WARN] ModelIntegratedComponent:64 - No mode defined for component null
2024-09-30 13:43:31,199 [WARN] ModelIntegratedComponent:64 - No mode defined for component null
2024-09-30 13:43:31,199 [WARN] ModelIntegratedComponent:64 - No mode defined for component null
2024-09-30 13:43:31,199 [WARN] ModelIntegratedComponent:64 - No mode defined for component null
2024-09-30 13:43:31,199 [WARN] ModelIntegratedComponent:64 - No mode defined for component null
2024-09-30 13:43:31,199 [WARN] ModelIntegratedComponent:64 - No mode defined for component null
2024-09-30 13:43:31,199 [WARN] ModelIntegratedComponent:64 - No mode defined for component null
2024-09-30 13:43:31,199 [WARN] ModelIntegratedComponent:64 - No mode defined for component null
2024-09-30 13:43:31,200 [WARN] ModelIntegratedComponent:64 - No mode defined for component null
2024-09-30 13:43:31,200 [WARN] ModelIntegratedComponent:64 - No mode defined for component null
2024-09-30 13:43:31,200 [WARN] ModelIntegratedComponent:64 - No mode defined for component null
2024-09-30 13:43:31,200 [WARN] ModelIntegratedComponent:64 - No mode defined for component null
2024-09-30 13:43:31,200 [WARN] ModelIntegratedComponent:64 - No mode defined for component null
2024-09-30 13:43:31,200 [WARN] ModelIntegratedComponent:64 - No mode defined for component null
2024-09-30 13:43:31,200 [WARN] ModelIntegratedComponent:64 - No mode defined for component null
2024-09-30 13:43:31,201 [WARN] ModelIntegratedComponent:64 - No mode defined for component null
2024-09-30 13:43:31,201 [WARN] ModelIntegratedComponent:64 - No mode defined for component null
2024-09-30 13:43:31,201 [WARN] ModelIntegratedComponent:64 - No mode defined for component null
2024-09-30 13:43:31,201 [WARN] ModelIntegratedComponent:64 - No mode defined for component null
2024-09-30 13:43:31,201 [WARN] ModelIntegratedComponent:64 - No mode defined for component null
2024-09-30 13:43:31,202 [WARN] ModelIntegratedComponent:64 - No mode defined for component null
2024-09-30 13:43:31,202 [WARN] ModelIntegratedComponent:64 - No mode defined for component null
2024-09-30 13:43:31,202 [WARN] ModelIntegratedComponent:64 - No mode defined for component null
2024-09-30 13:43:31,202 [WARN] ModelIntegratedComponent:64 - No mode defined for component null
2024-09-30 13:43:31,202 [WARN] ModelIntegratedComponent:64 - No mode defined for component null
2024-09-30 13:43:31,203 [WARN] ModelIntegratedComponent:64 - No mode defined for component null
2024-09-30 13:43:31,203 [WARN] ModelIntegratedComponent:64 - No mode defined for component null
2024-09-30 13:43:31,203 [WARN] ModelIntegratedComponent:64 - No mode defined for component null
2024-09-30 13:43:31,203 [WARN] ModelIntegratedComponent:64 - No mode defined for component null
2024-09-30 13:43:31,203 [WARN] ModelIntegratedComponent:64 - No mode defined for component null
2024-09-30 13:43:31,203 [WARN] ModelIntegratedComponent:64 - No mode defined for component null
2024-09-30 13:43:31,666 [WARN] ApiManager:308 - Cannot register API 'Board Extension:IKS01A3' from pack STMicroelectronics.X-CUBE-MEMS1.10.0.0: no header file found
2024-09-30 13:43:31,667 [WARN] ApiManager:308 - Cannot register API 'Board Extension:IKS02A1' from pack STMicroelectronics.X-CUBE-MEMS1.10.0.0: no header file found
2024-09-30 13:43:31,667 [WARN] ApiManager:308 - Cannot register API 'Board Extension:IKS4A1' from pack STMicroelectronics.X-CUBE-MEMS1.10.0.0: no header file found
2024-09-30 13:43:31,719 [WARN] ApiManager:308 - Cannot register API 'Board Extension:NFC07A1' from pack STMicroelectronics.X-CUBE-NFC7.1.0.1: no header file found
2024-09-30 13:43:31,760 [WARN] ApiManager:308 - Cannot register API 'Board Extension:S2868A1' from pack STMicroelectronics.X-CUBE-SFXS2LP1.4.0.0: no header file found
2024-09-30 13:43:31,760 [WARN] ApiManager:308 - Cannot register API 'Board Extension:S2868A2' from pack STMicroelectronics.X-CUBE-SFXS2LP1.4.0.0: no header file found
2024-09-30 13:43:31,760 [WARN] ApiManager:308 - Cannot register API 'Board Extension:S2915A1' from pack STMicroelectronics.X-CUBE-SFXS2LP1.4.0.0: no header file found
2024-09-30 13:43:31,762 [WARN] ApiManager:308 - Cannot register API 'Wireless:BlueNRG-2' from pack STMicroelectronics.X-CUBE-BLE2.3.3.0: no header file found
2024-09-30 13:43:31,806 [INFO] ThirdPartyModel:289 - Start build external matchings
2024-09-30 13:43:33,691 [INFO] ThirdPartyModel:302 - End build external matchings
2024-09-30 13:43:34,078 [INFO] UtilMem:74 - End LoadConfig() Used Memory: 639003424 Bytes (809500672)
2024-09-30 13:43:34,122 [WARN] ThirdParty:789 - waiting for thirdparty lock release [change project]
2024-09-30 13:43:34,122 [INFO] ThirdParty:791 - entering critical section [change project]
2024-09-30 13:43:34,122 [INFO] ThirdParty:981 - CMSIS Pack Vendor :STMicroelectronics X-CUBE-AZRTOS-H7 3.3.0
2024-09-30 13:43:34,123 [INFO] ThirdParty:981 - CMSIS Pack Vendor :STMicroelectronics X-CUBE-NFC9 1.0.0
2024-09-30 13:43:34,123 [INFO] ThirdParty:981 - CMSIS Pack Vendor :STMicroelectronics X-CUBE-GNSS1 6.0.0
2024-09-30 13:43:34,123 [INFO] ThirdParty:981 - CMSIS Pack Vendor :STMicroelectronics USB_HOST 2.0.0
2024-09-30 13:43:34,123 [INFO] ThirdParty:981 - CMSIS Pack Vendor :STMicroelectronics FP-SNS-MOTENVWB1 1.4.0
2024-09-30 13:43:34,124 [INFO] ThirdParty:981 - CMSIS Pack Vendor :STMicroelectronics X-CUBE-AZRTOS-F4 1.1.0
2024-09-30 13:43:34,124 [INFO] ThirdParty:981 - CMSIS Pack Vendor :STMicroelectronics LIBJPEG 8.0.0
2024-09-30 13:43:34,124 [INFO] ThirdParty:981 - CMSIS Pack Vendor :STMicroelectronics X-CUBE-SMBUS 2.1.0
2024-09-30 13:43:34,124 [INFO] ThirdParty:981 - CMSIS Pack Vendor :STMicroelectronics USB_DEVICE 3.0.0
2024-09-30 13:43:34,124 [INFO] ThirdParty:981 - CMSIS Pack Vendor :STMicroelectronics X-CUBE-TCPP 4.1.0
2024-09-30 13:43:34,124 [INFO] ThirdParty:981 - CMSIS Pack Vendor :STMicroelectronics X-CUBE-ISPU 2.1.0
2024-09-30 13:43:34,125 [INFO] ThirdParty:981 - CMSIS Pack Vendor :STMicroelectronics X-CUBE-FREERTOS 1.2.0
2024-09-30 13:43:34,125 [INFO] ThirdParty:981 - CMSIS Pack Vendor :STMicroelectronics X-CUBE-AZRTOS-WB 2.0.0
2024-09-30 13:43:34,125 [INFO] ThirdParty:981 - CMSIS Pack Vendor :STMicroelectronics X-CUBE-GNSS1 7.0.0
2024-09-30 13:43:34,125 [INFO] ThirdParty:981 - CMSIS Pack Vendor :STMicroelectronics X-CUBE-TOUCHGFX 4.23.2
2024-09-30 13:43:34,125 [INFO] ThirdParty:981 - CMSIS Pack Vendor :STMicroelectronics X-CUBE-AZRTOS-F7 1.1.0
2024-09-30 13:43:34,125 [INFO] ThirdParty:981 - CMSIS Pack Vendor :STMicroelectronics X-CUBE-AZRTOS-L5 2.0.0
2024-09-30 13:43:34,125 [INFO] ThirdParty:981 - CMSIS Pack Vendor :STMicroelectronics USB_DEVICE 2.0.0
2024-09-30 13:43:34,126 [INFO] ThirdParty:981 - CMSIS Pack Vendor :STMicroelectronics X-CUBE-NFC6 3.1.0
2024-09-30 13:43:34,126 [INFO] ThirdParty:981 - CMSIS Pack Vendor :STMicroelectronics X-CUBE-ALGOBUILD 1.3.0
2024-09-30 13:43:34,126 [INFO] ThirdParty:981 - CMSIS Pack Vendor :STMicroelectronics X-CUBE-MEMS1 11.0.0
2024-09-30 13:43:34,126 [INFO] ThirdParty:981 - CMSIS Pack Vendor :STMicroelectronics FreeRTOS 0.0.1
2024-09-30 13:43:34,126 [INFO] ThirdParty:981 - CMSIS Pack Vendor :STMicroelectronics X-CUBE-AZRTOS-G0 1.1.0
2024-09-30 13:43:34,126 [INFO] ThirdParty:981 - CMSIS Pack Vendor :STMicroelectronics X-CUBE-SAFEA1 1.2.2
2024-09-30 13:43:34,126 [INFO] ThirdParty:981 - CMSIS Pack Vendor :STMicroelectronics X-CUBE-NFC4 3.0.0
2024-09-30 13:43:34,126 [INFO] ThirdParty:981 - CMSIS Pack Vendor :STMicroelectronics X-CUBE-SUBG2 5.0.0
2024-09-30 13:43:34,130 [INFO] ThirdParty:981 - CMSIS Pack Vendor :STMicroelectronics STM32_WPAN 1.0.0
2024-09-30 13:43:34,131 [INFO] ThirdParty:981 - CMSIS Pack Vendor :wolfSSL I-CUBE-wolfMQTT 1.18.0
2024-09-30 13:43:34,131 [INFO] ThirdParty:981 - CMSIS Pack Vendor :STMicroelectronics lwIP 2.0.3
2024-09-30 13:43:34,131 [INFO] ThirdParty:981 - CMSIS Pack Vendor :STMicroelectronics FP-SNS-FLIGHT1 5.0.2
2024-09-30 13:43:34,132 [INFO] ThirdParty:981 - CMSIS Pack Vendor :STMicroelectronics USB_HOST 1.0.0
2024-09-30 13:43:34,132 [INFO] ThirdParty:981 - CMSIS Pack Vendor :STMicroelectronics X-CUBE-AI 9.0.0
2024-09-30 13:43:34,132 [INFO] ThirdParty:981 - CMSIS Pack Vendor :STMicroelectronics X-CUBE-AZRTOS-G4 2.0.0
2024-09-30 13:43:34,132 [INFO] ThirdParty:981 - CMSIS Pack Vendor :STMicroelectronics PDM2PCM 3.1.0
2024-09-30 13:43:34,132 [INFO] ThirdParty:981 - CMSIS Pack Vendor :STMicroelectronics PDM2PCM 3.3.0
2024-09-30 13:43:34,132 [INFO] ThirdParty:981 - CMSIS Pack Vendor :STMicroelectronics X-CUBE-DISPLAY 3.0.0
2024-09-30 13:43:34,132 [INFO] ThirdParty:981 - CMSIS Pack Vendor :wolfSSL I-CUBE-wolfSSL 5.7.0
2024-09-30 13:43:34,133 [INFO] ThirdParty:981 - CMSIS Pack Vendor :STMicroelectronics X-CUBE-BLE1 7.0.0
2024-09-30 13:43:34,133 [INFO] ThirdParty:981 - CMSIS Pack Vendor :STMicroelectronics FP-ATR-SIGFOX1 3.2.0
2024-09-30 13:43:34,133 [INFO] ThirdParty:981 - CMSIS Pack Vendor :STMicroelectronics X-CUBE-NFC10 1.0.0
2024-09-30 13:43:34,133 [INFO] ThirdParty:981 - CMSIS Pack Vendor :STMicroelectronics X-CUBE-ISPU 2.0.0
2024-09-30 13:43:34,133 [INFO] ThirdParty:981 - CMSIS Pack Vendor :STMicroelectronics X-CUBE-EEPRMA1 5.1.0
2024-09-30 13:43:34,133 [INFO] ThirdParty:981 - CMSIS Pack Vendor :STMicroelectronics HAL Drivers 0.0.0
2024-09-30 13:43:34,133 [INFO] ThirdParty:981 - CMSIS Pack Vendor :STMicroelectronics MBEDTLS 2.16.2
2024-09-30 13:43:34,134 [INFO] ThirdParty:981 - CMSIS Pack Vendor :STMicroelectronics X-CUBE-ALS 1.0.2
2024-09-30 13:43:34,134 [INFO] ThirdParty:981 - CMSIS Pack Vendor :emotas I-CUBE-CANOPEN 1.3.0
2024-09-30 13:43:34,134 [INFO] ThirdParty:981 - CMSIS Pack Vendor :STMicroelectronics X-CUBE-MEMS1 10.0.0
2024-09-30 13:43:34,134 [INFO] ThirdParty:981 - CMSIS Pack Vendor :STMicroelectronics X-CUBE-NFC7 1.0.1
2024-09-30 13:43:34,134 [INFO] ThirdParty:981 - CMSIS Pack Vendor :STMicroelectronics MBEDTLS 2.14.1
2024-09-30 13:43:34,135 [INFO] ThirdParty:981 - CMSIS Pack Vendor :STMicroelectronics X-CUBE-TOUCHGFX 4.24.0
2024-09-30 13:43:34,135 [INFO] ThirdParty:981 - CMSIS Pack Vendor :ITTIA_DB I-CUBE-ITTIADB 8.9.0
2024-09-30 13:43:34,135 [INFO] ThirdParty:981 - CMSIS Pack Vendor :wolfSSL I-CUBE-wolfTPM 3.2.0
2024-09-30 13:43:34,135 [INFO] ThirdParty:981 - CMSIS Pack Vendor :STMicroelectronics X-CUBE-TOUCHGFX 4.24.1
2024-09-30 13:43:34,135 [INFO] ThirdParty:981 - CMSIS Pack Vendor :portGmbH I-Cube-SoM-uGOAL 1.1.0
2024-09-30 13:43:34,136 [INFO] ThirdParty:981 - CMSIS Pack Vendor :STMicroelectronics X-CUBE-ALS 1.0.1
2024-09-30 13:43:34,136 [INFO] ThirdParty:981 - CMSIS Pack Vendor :STMicroelectronics X-CUBE-BLEMGR 3.1.0
2024-09-30 13:43:34,136 [INFO] ThirdParty:981 - CMSIS Pack Vendor :STMicroelectronics ThreadX 1.0.0
2024-09-30 13:43:34,137 [INFO] ThirdParty:981 - CMSIS Pack Vendor :STMicroelectronics FP-SNS-SMARTAG2 1.2.0
2024-09-30 13:43:34,137 [INFO] ThirdParty:981 - CMSIS Pack Vendor :STMicroelectronics X-CUBE-AZRTOS-WL 2.0.0
2024-09-30 13:43:34,137 [INFO] ThirdParty:981 - CMSIS Pack Vendor :SEGGER I-CUBE-embOS 1.3.1
2024-09-30 13:43:34,138 [INFO] ThirdParty:981 - CMSIS Pack Vendor :STMicroelectronics X-CUBE-ALGOBUILD 1.4.0
2024-09-30 13:43:34,138 [INFO] ThirdParty:981 - CMSIS Pack Vendor :STMicroelectronics FP-SNS-MOTENV1 5.0.0
2024-09-30 13:43:34,138 [INFO] ThirdParty:981 - CMSIS Pack Vendor :STMicroelectronics USB_DEVICE 1.0.0
2024-09-30 13:43:34,138 [INFO] ThirdParty:981 - CMSIS Pack Vendor :STMicroelectronics X-CUBE-AZRTOS-H7RS 1.0.0
2024-09-30 13:43:34,138 [INFO] ThirdParty:981 - CMSIS Pack Vendor :wolfSSL I-CUBE-wolfMQTT 1.19.0
2024-09-30 13:43:34,139 [INFO] ThirdParty:981 - CMSIS Pack Vendor :STMicroelectronics X-CUBE-AZRTOS-L4 2.0.0
2024-09-30 13:43:34,139 [INFO] ThirdParty:981 - CMSIS Pack Vendor :STMicroelectronics ThreadX 0.0.2
2024-09-30 13:43:34,139 [INFO] ThirdParty:981 - CMSIS Pack Vendor :WES I-CUBE-Cesium 1.3.0
2024-09-30 13:43:34,140 [INFO] ThirdParty:981 - CMSIS Pack Vendor :STMicroelectronics FP-ATR-ASTRA1 2.0.0
2024-09-30 13:43:34,140 [INFO] ThirdParty:981 - CMSIS Pack Vendor :STMicroelectronics lwIP 2.1.2
2024-09-30 13:43:34,140 [INFO] ThirdParty:981 - CMSIS Pack Vendor :STMicroelectronics X-CUBE-SFXS2LP1 4.0.0
2024-09-30 13:43:34,140 [INFO] ThirdParty:981 - CMSIS Pack Vendor :STMicroelectronics X-CUBE-BLE2 3.3.0
2024-09-30 13:43:34,140 [INFO] ThirdParty:981 - CMSIS Pack Vendor :STMicroelectronics X-CUBE-TOF1 3.4.1
2024-09-30 13:43:34,141 [INFO] ThirdParty:981 - CMSIS Pack Vendor :STMicroelectronics X-CUBE-AZRTOS-H7 3.2.0
2024-09-30 13:43:34,141 [INFO] ThirdParty:981 - CMSIS Pack Vendor :Infineon AIROC-Wi-Fi-Bluetooth-STM32 1.6.0
2024-09-30 13:43:34,141 [INFO] ThirdParty:981 - CMSIS Pack Vendor :STMicroelectronics PDM2PCM 3.2.0
2024-09-30 13:43:34,141 [INFO] ThirdParty:981 - CMSIS Pack Vendor :wolfSSL I-CUBE-wolfSSH 1.4.17
2024-09-30 13:43:34,141 [INFO] ThirdParty:797 - exiting critical section [change project]
2024-09-30 13:43:34,714 [INFO] PinOutPanel:1468 - setPackage(No Configuration,No Configuration)
2024-09-30 13:43:34,716 [INFO] PinOutPanel:1468 - setPackage(STM32F103C6Tx,LQFP48)
2024-09-30 13:43:35,839 [INFO] UtilMem:74 - Before build in PCC Used Memory: 683698840 Bytes (809500672)
2024-09-30 13:43:37,390 [INFO] UtilMem:74 - After build in PCC Used Memory: 650199552 Bytes (834666496)
2024-09-30 13:43:37,447 [INFO] IPUIPlugin:79 - create IPUIPlugin
2024-09-30 13:43:37,447 [INFO] IPUIPlugin:79 - create IPUIPlugin
2024-09-30 13:43:37,447 [INFO] IPUIPlugin:79 - create IPUIPlugin
2024-09-30 13:43:37,448 [INFO] IPUIPlugin:79 - create IPUIPlugin
2024-09-30 13:43:37,448 [INFO] IPUIPlugin:79 - create IPUIPlugin
2024-09-30 13:43:37,448 [INFO] IPUIPlugin:79 - create IPUIPlugin
2024-09-30 13:43:37,449 [INFO] IPUIPlugin:79 - create IPUIPlugin
2024-09-30 13:43:37,449 [INFO] IPUIPlugin:79 - create IPUIPlugin
2024-09-30 13:43:37,449 [INFO] IPUIPlugin:79 - create IPUIPlugin
2024-09-30 13:43:37,450 [INFO] IPUIPlugin:79 - create IPUIPlugin
2024-09-30 13:43:37,450 [INFO] IPUIPlugin:79 - create IPUIPlugin
2024-09-30 13:43:37,451 [INFO] IPUIPlugin:79 - create IPUIPlugin
2024-09-30 13:43:37,451 [INFO] IPUIPlugin:79 - create IPUIPlugin
2024-09-30 13:43:37,454 [INFO] IPUIPlugin:79 - create IPUIPlugin
2024-09-30 13:43:37,455 [INFO] IPUIPlugin:79 - create IPUIPlugin
2024-09-30 13:43:37,455 [INFO] IPUIPlugin:79 - create IPUIPlugin
2024-09-30 13:43:37,456 [INFO] IPUIPlugin:79 - create IPUIPlugin
2024-09-30 13:43:37,457 [INFO] IPUIPlugin:79 - create IPUIPlugin
2024-09-30 13:43:37,457 [INFO] IPUIPlugin:79 - create IPUIPlugin
2024-09-30 13:43:37,458 [INFO] IPUIPlugin:79 - create IPUIPlugin
2024-09-30 13:43:37,459 [INFO] IPUIPlugin:79 - create IPUIPlugin
2024-09-30 13:43:37,460 [INFO] IPUIPlugin:79 - create IPUIPlugin
2024-09-30 13:43:37,460 [INFO] IPUIPlugin:79 - create IPUIPlugin
2024-09-30 13:43:37,890 [INFO] OpenFileManager:327 - Restore cursor
2024-09-30 13:43:40,060 [INFO] UtilMem:74 - End SaveConfig() Used Memory: 645930296 Bytes (834666496)
2024-09-30 13:43:40,171 [INFO] UtilMem:74 - End SaveConfig() Used Memory: 657813984 Bytes (834666496)
2024-09-30 13:43:41,225 [INFO] BlockDiagram:2753 - set Specific Code input for plugin: NVIC
2024-09-30 13:43:41,225 [INFO] BlockDiagram:2753 - set Specific Code input for plugin: RCC
2024-09-30 13:43:41,228 [INFO] CodeGenerator:690 - code generatio: config db path: D:\BKRA\KEIL C test\STM32CubeIDE_1.10.1\STM32CubeIDE\plugins\com.st.stm32cube.common.mx_6.6.1.202207061420\\db\
2024-09-30 13:43:42,008 [INFO] CodeEngine:245 - oldGeneratedFile, D:\BKU\Year 3\VXL-VDK\git3\lab3\MXTmpFiles\license.tmp_save
2024-09-30 13:43:42,945 [INFO] CodeEngine:269 - Generated code: D:\BKU\Year 3\VXL-VDK\git3\lab3\MXTmpFiles\license.tmp
2024-09-30 13:43:42,970 [INFO] CodeEngine:245 - oldGeneratedFile, D:\BKU\Year 3\VXL-VDK\git3\lab3\Core\Src\stm32f1xx_it.c_save
2024-09-30 13:43:43,354 [INFO] CodeEngine:269 - Generated code: D:\BKU\Year 3\VXL-VDK\git3\lab3\Core\Src\stm32f1xx_it.c
2024-09-30 13:43:43,361 [INFO] CodeEngine:245 - oldGeneratedFile, D:\BKU\Year 3\VXL-VDK\git3\lab3\Core\Inc\stm32f1xx_it.h_save
2024-09-30 13:43:43,761 [INFO] CodeEngine:269 - Generated code: D:\BKU\Year 3\VXL-VDK\git3\lab3\Core\Inc\stm32f1xx_it.h
2024-09-30 13:43:43,950 [INFO] CodeEngine:245 - oldGeneratedFile, D:\BKU\Year 3\VXL-VDK\git3\lab3\Core\Src\stm32f1xx_hal_msp.c_save
2024-09-30 13:43:44,277 [INFO] CodeEngine:269 - Generated code: D:\BKU\Year 3\VXL-VDK\git3\lab3\Core\Src\stm32f1xx_hal_msp.c
2024-09-30 13:43:44,283 [INFO] CodeEngine:245 - oldGeneratedFile, D:\BKU\Year 3\VXL-VDK\git3\lab3\MXTmpFiles\system.tmp_save
2024-09-30 13:43:44,433 [INFO] CodeEngine:269 - Generated code: D:\BKU\Year 3\VXL-VDK\git3\lab3\MXTmpFiles\system.tmp
2024-09-30 13:43:44,447 [INFO] CodeEngine:245 - oldGeneratedFile, D:\BKU\Year 3\VXL-VDK\git3\lab3\Core\Inc\stm32f1xx_hal_conf.h_save
2024-09-30 13:43:44,691 [INFO] CodeEngine:269 - Generated code: D:\BKU\Year 3\VXL-VDK\git3\lab3\Core\Inc\stm32f1xx_hal_conf.h
2024-09-30 13:43:44,763 [INFO] CodeEngine:245 - oldGeneratedFile, D:\BKU\Year 3\VXL-VDK\git3\lab3\Core\Inc\main.h_save
2024-09-30 13:43:44,972 [INFO] CodeEngine:269 - Generated code: D:\BKU\Year 3\VXL-VDK\git3\lab3\Core\Inc\main.h
2024-09-30 13:43:44,979 [INFO] CodeEngine:245 - oldGeneratedFile, D:\BKU\Year 3\VXL-VDK\git3\lab3\Core\Src\main.c_save
2024-09-30 13:43:45,337 [INFO] CodeEngine:269 - Generated code: D:\BKU\Year 3\VXL-VDK\git3\lab3\Core\Src\main.c
2024-09-30 13:43:48,185 [INFO] ProjectBuilder:2919 - Time for Copy HAL[1] : 471mS.
2024-09-30 13:43:48,231 [INFO] ProjectBuilder:4117 - Project Generator version: 3.17.1
2024-09-30 13:43:49,661 [INFO] ConfigFileManager:1394 - The Die is : DIE412
2024-09-30 13:43:49,707 [INFO] ApiDbMcu:505 - Load IP Config File for FATFS
2024-09-30 13:43:49,817 [INFO] ApiDbMcu:505 - Load IP Config File for FREERTOS
2024-09-30 13:43:49,900 [INFO] ApiDbMcu:505 - Load IP Config File for USB_DEVICE
2024-09-30 13:43:57,751 [INFO] ProjectBuilder:4285 - Time for Generating toolchain IDE Files: 9519mS.
2024-09-30 13:43:57,752 [INFO] ProjectBuilder:2790 - Time for Copy CMSIS : 0mS.
2024-09-30 13:43:57,757 [INFO] ProjectBuilder:2790 - Time for Copy CMSIS : 0mS.
2024-09-30 13:43:59,047 [INFO] McuFinderGlobals:57 - Set McuFinderConnectedMode to true
2024-09-30 13:43:59,051 [INFO] ApiDb:443 - Save user favorites file C:\Users\User/.stm32cubeide/favorites.mcus.txt: 0 item(s)
2024-09-30 13:43:59,052 [INFO] ApiDb:447 - User favorites MCUs=[]
2024-09-30 13:51:38,352 [INFO] NvicIntPanel:100 - NVIC parent = com.st.microxplorer.plugins.ip.nvic.MultiNvicIntPanel[,0,0,0x0,invalid,layout=javax.swing.BoxLayout,alignmentX=0.0,alignmentY=0.0,border=,flags=9,maximumSize=,minimumSize=,preferredSize=]
2024-09-30 13:51:39,934 [INFO] NvicIntPanel:100 - NVIC parent = com.st.microxplorer.plugins.ip.nvic.MultiNvicIntPanel[,0,0,0x0,invalid,layout=javax.swing.BoxLayout,alignmentX=0.0,alignmentY=0.0,border=,flags=9,maximumSize=,minimumSize=,preferredSize=]
2024-09-30 13:51:58,924 [INFO] NvicIntPanel:100 - NVIC parent = com.st.microxplorer.plugins.ip.nvic.MultiNvicIntPanel[,0,0,0x0,invalid,layout=javax.swing.BoxLayout,alignmentX=0.0,alignmentY=0.0,border=,flags=9,maximumSize=,minimumSize=,preferredSize=]
2024-09-30 13:52:18,364 [INFO] NvicIntPanel:100 - NVIC parent = com.st.microxplorer.plugins.ip.nvic.MultiNvicIntPanel[,0,0,476x173,layout=javax.swing.BoxLayout,alignmentX=0.0,alignmentY=0.0,border=,flags=9,maximumSize=,minimumSize=,preferredSize=]
2024-09-30 13:52:24,559 [INFO] UtilMem:74 - End SaveConfig() Used Memory: 1023062560 Bytes (1073741824)
2024-09-30 13:52:26,476 [INFO] UtilMem:74 - End SaveConfig() Used Memory: 1035843552 Bytes (1073741824)
2024-09-30 13:52:30,717 [INFO] UtilMem:74 - End SaveConfig() Used Memory: 620870784 Bytes (1073741824)
2024-09-30 13:52:31,905 [INFO] BlockDiagram:2753 - set Specific Code input for plugin: NVIC
2024-09-30 13:52:31,906 [INFO] BlockDiagram:2753 - set Specific Code input for plugin: GPIO
2024-09-30 13:52:31,906 [INFO] BlockDiagram:2753 - set Specific Code input for plugin: RCC
2024-09-30 13:52:31,907 [INFO] BlockDiagram:2753 - set Specific Code input for plugin: TIM1_8F1
2024-09-30 13:52:31,909 [INFO] CodeGenerator:690 - code generatio: config db path: D:\BKRA\KEIL C test\STM32CubeIDE_1.10.1\STM32CubeIDE\plugins\com.st.stm32cube.common.mx_6.6.1.202207061420\\db\
2024-09-30 13:52:32,370 [INFO] CodeEngine:245 - oldGeneratedFile, D:\BKU\Year 3\VXL-VDK\git3\lab3\MXTmpFiles\license.tmp_save
2024-09-30 13:52:32,648 [INFO] CodeEngine:269 - Generated code: D:\BKU\Year 3\VXL-VDK\git3\lab3\MXTmpFiles\license.tmp
2024-09-30 13:52:32,892 [INFO] CodeEngine:245 - oldGeneratedFile, D:\BKU\Year 3\VXL-VDK\git3\lab3\MXTmpFiles\gpio.tmp_save
2024-09-30 13:52:33,145 [INFO] CodeEngine:269 - Generated code: D:\BKU\Year 3\VXL-VDK\git3\lab3\MXTmpFiles\gpio.tmp
2024-09-30 13:52:33,501 [INFO] CodeEngine:245 - oldGeneratedFile, D:\BKU\Year 3\VXL-VDK\git3\lab3\Core\Src\stm32f1xx_it.c_save
2024-09-30 13:52:34,097 [INFO] CodeEngine:269 - Generated code: D:\BKU\Year 3\VXL-VDK\git3\lab3\Core\Src\stm32f1xx_it.c
2024-09-30 13:52:34,109 [INFO] CodeEngine:245 - oldGeneratedFile, D:\BKU\Year 3\VXL-VDK\git3\lab3\Core\Inc\stm32f1xx_it.h_save
2024-09-30 13:52:34,334 [INFO] CodeEngine:269 - Generated code: D:\BKU\Year 3\VXL-VDK\git3\lab3\Core\Inc\stm32f1xx_it.h
2024-09-30 13:52:34,391 [INFO] CodeEngine:245 - oldGeneratedFile, D:\BKU\Year 3\VXL-VDK\git3\lab3\Core\Src\stm32f1xx_hal_msp.c_save
2024-09-30 13:52:34,761 [INFO] CodeEngine:269 - Generated code: D:\BKU\Year 3\VXL-VDK\git3\lab3\Core\Src\stm32f1xx_hal_msp.c
2024-09-30 13:52:34,769 [INFO] CodeEngine:245 - oldGeneratedFile, D:\BKU\Year 3\VXL-VDK\git3\lab3\MXTmpFiles\system.tmp_save
2024-09-30 13:52:34,896 [INFO] CodeEngine:269 - Generated code: D:\BKU\Year 3\VXL-VDK\git3\lab3\MXTmpFiles\system.tmp
2024-09-30 13:52:34,907 [INFO] CodeEngine:245 - oldGeneratedFile, D:\BKU\Year 3\VXL-VDK\git3\lab3\Core\Inc\stm32f1xx_hal_conf.h_save
2024-09-30 13:52:35,044 [INFO] CodeEngine:269 - Generated code: D:\BKU\Year 3\VXL-VDK\git3\lab3\Core\Inc\stm32f1xx_hal_conf.h
2024-09-30 13:52:35,078 [WARN] IPConfigManager:3348 - IP not found : TIM
2024-09-30 13:52:35,079 [WARN] CodeGenerator:3567 - IP not found : null
2024-09-30 13:52:35,092 [INFO] CodeEngine:245 - oldGeneratedFile, D:\BKU\Year 3\VXL-VDK\git3\lab3\Core\Inc\main.h_save
2024-09-30 13:52:35,228 [INFO] CodeEngine:269 - Generated code: D:\BKU\Year 3\VXL-VDK\git3\lab3\Core\Inc\main.h
2024-09-30 13:52:35,236 [INFO] CodeEngine:245 - oldGeneratedFile, D:\BKU\Year 3\VXL-VDK\git3\lab3\Core\Src\main.c_save
2024-09-30 13:52:35,500 [INFO] CodeEngine:269 - Generated code: D:\BKU\Year 3\VXL-VDK\git3\lab3\Core\Src\main.c
2024-09-30 13:52:37,231 [INFO] ProjectBuilder:2919 - Time for Copy HAL[1] : 314mS.
2024-09-30 13:52:37,240 [INFO] ProjectBuilder:4117 - Project Generator version: 3.17.1
2024-09-30 13:52:38,422 [INFO] ConfigFileManager:1394 - The Die is : DIE412
2024-09-30 13:52:42,343 [INFO] ProjectBuilder:4285 - Time for Generating toolchain IDE Files: 5103mS.
2024-09-30 13:52:42,344 [INFO] ProjectBuilder:2790 - Time for Copy CMSIS : 1mS.
2024-09-30 13:52:42,347 [INFO] ProjectBuilder:2790 - Time for Copy CMSIS : 0mS.
2024-09-30 14:18:52,458 [INFO] UtilMem:74 - End SaveConfig() Used Memory: 919772696 Bytes (1073741824)
2024-09-30 14:18:53,322 [INFO] UtilMem:74 - End SaveConfig() Used Memory: 937663112 Bytes (1073741824)
2024-09-30 14:18:54,400 [INFO] UtilMem:74 - End SaveConfig() Used Memory: 676276376 Bytes (1073741824)
2024-09-30 14:18:54,967 [INFO] BlockDiagram:2753 - set Specific Code input for plugin: NVIC
2024-09-30 14:18:54,968 [INFO] BlockDiagram:2753 - set Specific Code input for plugin: GPIO
2024-09-30 14:18:54,968 [INFO] BlockDiagram:2753 - set Specific Code input for plugin: RCC
2024-09-30 14:18:54,968 [INFO] BlockDiagram:2753 - set Specific Code input for plugin: TIM1_8F1
2024-09-30 14:18:54,969 [INFO] CodeGenerator:690 - code generatio: config db path: D:\BKRA\KEIL C test\STM32CubeIDE_1.10.1\STM32CubeIDE\plugins\com.st.stm32cube.common.mx_6.6.1.202207061420\\db\
2024-09-30 14:18:55,329 [INFO] CodeEngine:245 - oldGeneratedFile, D:\BKU\Year 3\VXL-VDK\git3\lab3\MXTmpFiles\license.tmp_save
2024-09-30 14:18:55,462 [INFO] CodeEngine:269 - Generated code: D:\BKU\Year 3\VXL-VDK\git3\lab3\MXTmpFiles\license.tmp
2024-09-30 14:18:55,505 [INFO] CodeEngine:245 - oldGeneratedFile, D:\BKU\Year 3\VXL-VDK\git3\lab3\MXTmpFiles\gpio.tmp_save
2024-09-30 14:18:55,640 [INFO] CodeEngine:269 - Generated code: D:\BKU\Year 3\VXL-VDK\git3\lab3\MXTmpFiles\gpio.tmp
2024-09-30 14:18:55,846 [INFO] CodeEngine:245 - oldGeneratedFile, D:\BKU\Year 3\VXL-VDK\git3\lab3\Core\Src\stm32f1xx_it.c_save
2024-09-30 14:18:55,982 [INFO] CodeEngine:269 - Generated code: D:\BKU\Year 3\VXL-VDK\git3\lab3\Core\Src\stm32f1xx_it.c
2024-09-30 14:18:55,991 [INFO] CodeEngine:245 - oldGeneratedFile, D:\BKU\Year 3\VXL-VDK\git3\lab3\Core\Inc\stm32f1xx_it.h_save
2024-09-30 14:18:56,111 [INFO] CodeEngine:269 - Generated code: D:\BKU\Year 3\VXL-VDK\git3\lab3\Core\Inc\stm32f1xx_it.h
2024-09-30 14:18:56,154 [INFO] CodeEngine:245 - oldGeneratedFile, D:\BKU\Year 3\VXL-VDK\git3\lab3\Core\Src\stm32f1xx_hal_msp.c_save
2024-09-30 14:18:56,330 [INFO] CodeEngine:269 - Generated code: D:\BKU\Year 3\VXL-VDK\git3\lab3\Core\Src\stm32f1xx_hal_msp.c
2024-09-30 14:18:56,334 [INFO] CodeEngine:245 - oldGeneratedFile, D:\BKU\Year 3\VXL-VDK\git3\lab3\MXTmpFiles\system.tmp_save
2024-09-30 14:18:56,593 [INFO] CodeEngine:269 - Generated code: D:\BKU\Year 3\VXL-VDK\git3\lab3\MXTmpFiles\system.tmp
2024-09-30 14:18:56,602 [INFO] CodeEngine:245 - oldGeneratedFile, D:\BKU\Year 3\VXL-VDK\git3\lab3\Core\Inc\stm32f1xx_hal_conf.h_save
2024-09-30 14:18:56,826 [INFO] CodeEngine:269 - Generated code: D:\BKU\Year 3\VXL-VDK\git3\lab3\Core\Inc\stm32f1xx_hal_conf.h
2024-09-30 14:18:56,854 [WARN] IPConfigManager:3348 - IP not found : TIM
2024-09-30 14:18:56,855 [WARN] CodeGenerator:3567 - IP not found : null
2024-09-30 14:18:56,864 [INFO] CodeEngine:245 - oldGeneratedFile, D:\BKU\Year 3\VXL-VDK\git3\lab3\Core\Inc\main.h_save
2024-09-30 14:18:56,998 [INFO] CodeEngine:269 - Generated code: D:\BKU\Year 3\VXL-VDK\git3\lab3\Core\Inc\main.h
2024-09-30 14:18:57,006 [INFO] CodeEngine:245 - oldGeneratedFile, D:\BKU\Year 3\VXL-VDK\git3\lab3\Core\Src\main.c_save
2024-09-30 14:18:57,182 [INFO] CodeEngine:269 - Generated code: D:\BKU\Year 3\VXL-VDK\git3\lab3\Core\Src\main.c
2024-09-30 14:18:58,045 [INFO] ProjectBuilder:2919 - Time for Copy HAL[1] : 185mS.
2024-09-30 14:18:58,047 [INFO] ProjectBuilder:4117 - Project Generator version: 3.17.1
2024-09-30 14:18:58,627 [INFO] ConfigFileManager:1394 - The Die is : DIE412
2024-09-30 14:19:01,027 [INFO] ProjectBuilder:4285 - Time for Generating toolchain IDE Files: 2980mS.
2024-09-30 14:19:01,028 [INFO] ProjectBuilder:2790 - Time for Copy CMSIS : 1mS.
2024-09-30 14:19:01,030 [INFO] ProjectBuilder:2790 - Time for Copy CMSIS : 0mS.
2024-10-03 20:18:46,727 [INFO] Activator:177 - 


2024-10-03 20:18:46,729 [INFO] Activator:178 - !SESSION log4j initialized
2024-10-03 20:19:26,610 [ERROR] LogOutputStream:74 - [STDERR_REDIRECT] SLF4J: Failed to load class "org.slf4j.impl.StaticLoggerBinder".
2024-10-03 20:19:26,611 [ERROR] LogOutputStream:74 - [STDERR_REDIRECT] SLF4J: Defaulting to no-operation (NOP) logger implementation
2024-10-03 20:19:26,614 [ERROR] LogOutputStream:74 - [STDERR_REDIRECT] SLF4J: See http://www.slf4j.org/codes.html#StaticLoggerBinder for further details.
2024-10-03 20:43:59,604 [INFO] McuFinderGlobals:44 - Set McuFinder mode to 2 (CubeIDE integrated)
2024-10-03 20:44:01,894 [INFO] ApplicationProperties:181 - Using Application install path: D:\BKRA\KEIL C test\STM32CubeIDE_1.10.1\STM32CubeIDE\plugins\com.st.stm32cube.common.mx_6.6.1.202207061420
2024-10-03 20:44:01,926 [INFO] DbMcusXml:77 - Set database path to: D:\BKRA\KEIL C test\STM32CubeIDE_1.10.1\STM32CubeIDE\plugins\com.st.stm32cube.common.mx_6.6.1.202207061420\\db\/mcu/
2024-10-03 20:44:01,927 [INFO] ApiDb:269 - Set plugin database path to: D:\BKRA\KEIL C test\STM32CubeIDE_1.10.1\STM32CubeIDE\plugins\com.st.stm32cube.common.mx_6.6.1.202207061420\\db\/plugins/boardmanager/
2024-10-03 20:44:01,931 [WARN] ApiDb:254 - Overriding images path with different value:  => D:\BKRA\KEIL C test\STM32CubeIDE_1.10.1\STM32CubeIDE\plugins\com.st.stm32cube.common.mx_6.6.1.202207061420\\db\/plugins/mcufinder/images/
2024-10-03 20:44:01,960 [INFO] ApiDb:249 - Set database path to: C:\Users\User\.stmcufinder\plugins\mcufinder//mcu/
2024-10-03 20:44:01,962 [INFO] DbMcusAds:124 - Set database path to: C:\Users\User\.stmcufinder\plugins\mcufinder//mcu/
2024-10-03 20:44:02,806 [INFO] CrossReferenceDbSqlite:201 - Set database path to: C:\Users\User\.stmcufinder\plugins\mcufinder//mcu/cs/
2024-10-03 20:44:02,943 [INFO] RulesReader:61 - Compatibility file has been processed (282 Rules)
2024-10-03 20:44:03,068 [INFO] DbMcusXml:77 - Set database path to: D:\BKRA\KEIL C test\STM32CubeIDE_1.10.1\STM32CubeIDE\plugins\com.st.stm32cube.common.mx_6.6.1.202207061420\\db\/mcu/
2024-10-03 20:44:03,068 [INFO] ApiDb:269 - Set plugin database path to: D:\BKRA\KEIL C test\STM32CubeIDE_1.10.1\STM32CubeIDE\plugins\com.st.stm32cube.common.mx_6.6.1.202207061420\\db\/plugins/boardmanager/
2024-10-03 20:44:03,069 [INFO] ApiDb:256 - Set plugin images path to: D:\BKRA\KEIL C test\STM32CubeIDE_1.10.1\STM32CubeIDE\plugins\com.st.stm32cube.common.mx_6.6.1.202207061420\\db\/plugins/mcufinder/images/
2024-10-03 20:44:03,069 [WARN] DbFile:40 - Overriding database path with different value: C:\Users\User\.stmcufinder\plugins\mcufinder/ => C:\Users\User\.stmcufinder\plugins\mcufinder
2024-10-03 20:44:03,069 [INFO] ApiDb:249 - Set database path to: C:\Users\User\.stmcufinder\plugins\mcufinder//mcu/
2024-10-03 20:44:03,070 [WARN] DbFile:40 - Overriding database path with different value: C:\Users\User\.stmcufinder\plugins\mcufinder/ => C:\Users\User\.stmcufinder\plugins\mcufinder
2024-10-03 20:44:03,070 [INFO] DbMcusAds:124 - Set database path to: C:\Users\User\.stmcufinder\plugins\mcufinder//mcu/
2024-10-03 20:44:03,070 [WARN] DbFile:40 - Overriding database path with different value: C:\Users\User\.stmcufinder\plugins\mcufinder/ => C:\Users\User\.stmcufinder\plugins\mcufinder
2024-10-03 20:44:03,071 [WARN] DbFile:40 - Overriding database path with different value: C:\Users\User\.stmcufinder\plugins\mcufinder/ => C:\Users\User\.stmcufinder\plugins\mcufinder
2024-10-03 20:44:03,804 [INFO] CrossReferenceDbSqlite:201 - Set database path to: C:\Users\User\.stmcufinder\plugins\mcufinder//mcu/cs/
2024-10-03 20:44:03,914 [INFO] MainPanel:242 - HeapMemory: 600834048
2024-10-03 20:44:04,051 [INFO] DbMcusXml:77 - Set database path to: D:\BKRA\KEIL C test\STM32CubeIDE_1.10.1\STM32CubeIDE\plugins\com.st.stm32cube.common.mx_6.6.1.202207061420\\db\/mcu/
2024-10-03 20:44:04,052 [INFO] ApiDb:269 - Set plugin database path to: D:\BKRA\KEIL C test\STM32CubeIDE_1.10.1\STM32CubeIDE\plugins\com.st.stm32cube.common.mx_6.6.1.202207061420\\db\/plugins/boardmanager/
2024-10-03 20:44:04,052 [INFO] ApiDb:256 - Set plugin images path to: D:\BKRA\KEIL C test\STM32CubeIDE_1.10.1\STM32CubeIDE\plugins\com.st.stm32cube.common.mx_6.6.1.202207061420\\db\/plugins/mcufinder/images/
2024-10-03 20:44:04,053 [WARN] DbFile:40 - Overriding database path with different value: C:\Users\User\.stmcufinder\plugins\mcufinder/ => C:\Users\User\.stmcufinder\plugins\mcufinder
2024-10-03 20:44:04,053 [INFO] ApiDb:249 - Set database path to: C:\Users\User\.stmcufinder\plugins\mcufinder//mcu/
2024-10-03 20:44:04,054 [WARN] DbFile:40 - Overriding database path with different value: C:\Users\User\.stmcufinder\plugins\mcufinder/ => C:\Users\User\.stmcufinder\plugins\mcufinder
2024-10-03 20:44:04,054 [INFO] DbMcusAds:124 - Set database path to: C:\Users\User\.stmcufinder\plugins\mcufinder//mcu/
2024-10-03 20:44:04,054 [WARN] DbFile:40 - Overriding database path with different value: C:\Users\User\.stmcufinder\plugins\mcufinder/ => C:\Users\User\.stmcufinder\plugins\mcufinder
2024-10-03 20:44:04,054 [WARN] DbFile:40 - Overriding database path with different value: C:\Users\User\.stmcufinder\plugins\mcufinder/ => C:\Users\User\.stmcufinder\plugins\mcufinder
2024-10-03 20:44:04,812 [INFO] CrossReferenceDbSqlite:201 - Set database path to: C:\Users\User\.stmcufinder\plugins\mcufinder//mcu/cs/
2024-10-03 20:44:04,837 [INFO] ApplicationProperties:181 - Using Application install path: D:\BKRA\KEIL C test\STM32CubeIDE_1.10.1\STM32CubeIDE\plugins\com.st.stm32cube.common.mx_6.6.1.202207061420
2024-10-03 20:44:04,839 [INFO] PluginManage:193 - Search for loadable plugins [exclusion list=, ]
2024-10-03 20:44:04,843 [INFO] PluginManage:307 - Check plugin analytics
2024-10-03 20:44:05,934 [INFO] AnalyticsPlugin:262 - Accepted Software Licenses: STM32CubeMX.6.12.0
2024-10-03 20:44:05,935 [INFO] AnalyticsPlugin:264 - Accepted CMSIS Pack Licenses: 
2024-10-03 20:44:05,936 [INFO] AnalyticsPlugin:266 - Accepted Firmware Licenses: FW.F4.1.28.0
2024-10-03 20:44:05,957 [INFO] PluginManage:356 - Loaded plugin analytics (category:tool,tabindex:-1)
2024-10-03 20:44:05,958 [INFO] PluginManage:307 - Check plugin cadmodel
2024-10-03 20:44:05,967 [INFO] CADModel:65 - Init CAD model plugin
2024-10-03 20:44:05,968 [INFO] PluginManage:356 - Loaded plugin cadmodel (category:power,tabindex:5)
2024-10-03 20:44:05,968 [INFO] PluginManage:307 - Check plugin clock
2024-10-03 20:44:05,991 [INFO] PluginManage:356 - Loaded plugin clock (category:base,tabindex:2)
2024-10-03 20:44:05,991 [INFO] PluginManage:307 - Check plugin ddr
2024-10-03 20:44:05,996 [INFO] PluginManage:356 - Loaded plugin ddr (category:tool,tabindex:6)
2024-10-03 20:44:05,996 [INFO] PluginManage:307 - Check plugin filemanager
2024-10-03 20:44:06,217 [INFO] PluginManage:356 - Loaded plugin filemanager (category:base,tabindex:10)
2024-10-03 20:44:06,218 [INFO] PluginManage:307 - Check plugin ipmanager
2024-10-03 20:44:06,228 [INFO] PluginManage:356 - Loaded plugin ipmanager (category:base,tabindex:5)
2024-10-03 20:44:06,231 [INFO] PluginManage:307 - Check plugin lpbam
2024-10-03 20:44:06,245 [INFO] PluginManage:356 - Loaded plugin lpbam (category:base,tabindex:0)
2024-10-03 20:44:06,245 [INFO] PluginManage:307 - Check plugin pinoutandconfiguration
2024-10-03 20:44:06,262 [INFO] PluginManage:356 - Loaded plugin pinoutandconfiguration (category:base,tabindex:1)
2024-10-03 20:44:06,263 [INFO] PluginManage:307 - Check plugin pinoutconfig
2024-10-03 20:44:06,306 [INFO] PluginManage:356 - Loaded plugin pinoutconfig (category:base,tabindex:0)
2024-10-03 20:44:06,306 [INFO] PluginManage:307 - Check plugin power
2024-10-03 20:44:06,320 [INFO] PluginManage:356 - Loaded plugin power (category:power,tabindex:4)
2024-10-03 20:44:06,321 [INFO] PluginManage:307 - Check plugin projectmanager
2024-10-03 20:44:06,343 [INFO] PluginManage:356 - Loaded plugin projectmanager (category:projectmanager,tabindex:3)
2024-10-03 20:44:06,343 [INFO] PluginManage:307 - Check plugin thirdparty
2024-10-03 20:44:06,595 [INFO] PluginManage:356 - Loaded plugin thirdparty (category:base,tabindex:-1)
2024-10-03 20:44:06,595 [INFO] PluginManage:307 - Check plugin tools
2024-10-03 20:44:06,600 [INFO] PluginManage:356 - Loaded plugin tools (category:base,tabindex:7)
2024-10-03 20:44:06,600 [INFO] PluginManage:307 - Check plugin tutovideos
2024-10-03 20:44:06,632 [WARN] IntegrityCheckThread:82 - waiting for thirdparty lock release [integrity check]
2024-10-03 20:44:06,635 [INFO] IntegrityCheckThread:84 - entering critical section [integrity check]
2024-10-03 20:44:06,639 [INFO] ThirdPartyUpdaterWithRetryManager:70 - Updater plugin not ready yet. [1/15]
2024-10-03 20:44:06,947 [INFO] PluginManage:356 - Loaded plugin tutovideos (category:base,tabindex:-1)
2024-10-03 20:44:06,947 [INFO] PluginManage:307 - Check plugin updater
2024-10-03 20:44:06,976 [INFO] PluginManage:356 - Loaded plugin updater (category:base,tabindex:12)
2024-10-03 20:44:06,977 [INFO] PluginManage:280 - PluginManage : Loaded plugins [15]
2024-10-03 20:44:07,673 [INFO] PinOutPanel:1468 - setPackage(No Configuration,No Configuration)
2024-10-03 20:44:07,784 [INFO] CADModel:98 - CPN selected for project level
2024-10-03 20:44:07,817 [INFO] IPUIPlugin:79 - create IPUIPlugin
2024-10-03 20:44:07,818 [INFO] PluginManager:217 - loadIPPluginJar : add adc
2024-10-03 20:44:07,822 [INFO] IPUIPlugin:79 - create IPUIPlugin
2024-10-03 20:44:07,822 [INFO] PluginManager:217 - loadIPPluginJar : add aes
2024-10-03 20:44:07,826 [INFO] IPUIPlugin:79 - create IPUIPlugin
2024-10-03 20:44:07,828 [INFO] PluginManager:217 - loadIPPluginJar : add can
2024-10-03 20:44:07,835 [INFO] IPUIPlugin:79 - create IPUIPlugin
2024-10-03 20:44:07,835 [INFO] PluginManager:217 - loadIPPluginJar : add comp
2024-10-03 20:44:07,838 [INFO] IPUIPlugin:79 - create IPUIPlugin
2024-10-03 20:44:07,839 [INFO] PluginManager:217 - loadIPPluginJar : add cryp
2024-10-03 20:44:07,842 [INFO] IPUIPlugin:79 - create IPUIPlugin
2024-10-03 20:44:07,842 [INFO] PluginManager:217 - loadIPPluginJar : add dfsdm
2024-10-03 20:44:07,853 [INFO] IPUIPlugin:79 - create IPUIPlugin
2024-10-03 20:44:07,853 [INFO] PluginManager:217 - loadIPPluginJar : add dma
2024-10-03 20:44:07,856 [INFO] IPUIPlugin:79 - create IPUIPlugin
2024-10-03 20:44:07,858 [INFO] PluginManager:217 - loadIPPluginJar : add dma3
2024-10-03 20:44:07,861 [INFO] IPUIPlugin:79 - create IPUIPlugin
2024-10-03 20:44:07,862 [INFO] PluginManager:217 - loadIPPluginJar : add fatfs
2024-10-03 20:44:07,867 [INFO] IPUIPlugin:79 - create IPUIPlugin
2024-10-03 20:44:07,867 [INFO] PluginManager:217 - loadIPPluginJar : add fmc
2024-10-03 20:44:07,878 [INFO] IPUIPlugin:79 - create IPUIPlugin
2024-10-03 20:44:07,880 [INFO] PluginManager:217 - loadIPPluginJar : add freertos
2024-10-03 20:44:07,887 [INFO] IPUIPlugin:79 - create IPUIPlugin
2024-10-03 20:44:07,888 [INFO] PluginManager:217 - loadIPPluginJar : add genericplugin
2024-10-03 20:44:07,899 [INFO] IPUIPlugin:79 - create IPUIPlugin
2024-10-03 20:44:07,899 [INFO] PluginManager:217 - loadIPPluginJar : add gfxmmu
2024-10-03 20:44:07,906 [INFO] IPUIPlugin:79 - create IPUIPlugin
2024-10-03 20:44:07,907 [INFO] PluginManager:217 - loadIPPluginJar : add gic
2024-10-03 20:44:07,921 [INFO] IPUIPlugin:79 - create IPUIPlugin
2024-10-03 20:44:07,922 [INFO] PluginManager:217 - loadIPPluginJar : add gpio
2024-10-03 20:44:07,933 [INFO] IPUIPlugin:79 - create IPUIPlugin
2024-10-03 20:44:07,934 [INFO] PluginManager:217 - loadIPPluginJar : add gtzc
2024-10-03 20:44:07,963 [INFO] IPUIPlugin:79 - create IPUIPlugin
2024-10-03 20:44:07,965 [INFO] PluginManager:217 - loadIPPluginJar : add hash
2024-10-03 20:44:07,971 [INFO] IPUIPlugin:79 - create IPUIPlugin
2024-10-03 20:44:07,972 [INFO] PluginManager:217 - loadIPPluginJar : add i2c
2024-10-03 20:44:07,983 [INFO] IPUIPlugin:79 - create IPUIPlugin
2024-10-03 20:44:07,984 [INFO] PluginManager:217 - loadIPPluginJar : add i2s
2024-10-03 20:44:07,989 [INFO] IPUIPlugin:79 - create IPUIPlugin
2024-10-03 20:44:07,990 [INFO] PluginManager:217 - loadIPPluginJar : add ipddr
2024-10-03 20:44:08,005 [INFO] IPUIPlugin:79 - create IPUIPlugin
2024-10-03 20:44:08,005 [INFO] PluginManager:217 - loadIPPluginJar : add linkedlist
2024-10-03 20:44:08,016 [INFO] IPUIPlugin:79 - create IPUIPlugin
2024-10-03 20:44:08,016 [INFO] PluginManager:217 - loadIPPluginJar : add lorawan
2024-10-03 20:44:08,020 [INFO] IPUIPlugin:79 - create IPUIPlugin
2024-10-03 20:44:08,021 [INFO] PluginManager:217 - loadIPPluginJar : add ltdc
2024-10-03 20:44:08,035 [INFO] IPUIPlugin:79 - create IPUIPlugin
2024-10-03 20:44:08,035 [INFO] PluginManager:217 - loadIPPluginJar : add mdma
2024-10-03 20:44:08,040 [INFO] IPUIPlugin:79 - create IPUIPlugin
2024-10-03 20:44:08,040 [INFO] PluginManager:217 - loadIPPluginJar : add nvic
2024-10-03 20:44:08,051 [INFO] IPUIPlugin:79 - create IPUIPlugin
2024-10-03 20:44:08,051 [INFO] PluginManager:217 - loadIPPluginJar : add opamp
2024-10-03 20:44:08,055 [INFO] IPUIPlugin:79 - create IPUIPlugin
2024-10-03 20:44:08,055 [INFO] PluginManager:217 - loadIPPluginJar : add openamp
2024-10-03 20:44:08,060 [INFO] IPUIPlugin:79 - create IPUIPlugin
2024-10-03 20:44:08,060 [INFO] PluginManager:217 - loadIPPluginJar : add pdm2pcm
2024-10-03 20:44:08,068 [INFO] IPUIPlugin:79 - create IPUIPlugin
2024-10-03 20:44:08,071 [INFO] PluginManager:217 - loadIPPluginJar : add plateformsettings
2024-10-03 20:44:08,073 [INFO] IPUIPlugin:79 - create IPUIPlugin
2024-10-03 20:44:08,073 [INFO] PluginManager:217 - loadIPPluginJar : add quadspi
2024-10-03 20:44:08,081 [INFO] IPUIPlugin:79 - create IPUIPlugin
2024-10-03 20:44:08,082 [INFO] PluginManager:217 - loadIPPluginJar : add resmgrutility
2024-10-03 20:44:08,085 [INFO] IPUIPlugin:79 - create IPUIPlugin
2024-10-03 20:44:08,085 [INFO] PluginManager:217 - loadIPPluginJar : add sai
2024-10-03 20:44:08,088 [INFO] IPUIPlugin:79 - create IPUIPlugin
2024-10-03 20:44:08,089 [INFO] PluginManager:217 - loadIPPluginJar : add spi
2024-10-03 20:44:08,094 [INFO] IPUIPlugin:79 - create IPUIPlugin
2024-10-03 20:44:08,095 [INFO] PluginManager:217 - loadIPPluginJar : add stm32_wpan
2024-10-03 20:44:08,097 [INFO] IPUIPlugin:79 - create IPUIPlugin
2024-10-03 20:44:08,097 [INFO] PluginManager:217 - loadIPPluginJar : add tim
2024-10-03 20:44:08,100 [INFO] IPUIPlugin:79 - create IPUIPlugin
2024-10-03 20:44:08,100 [INFO] PluginManager:217 - loadIPPluginJar : add touchsensing
2024-10-03 20:44:08,103 [INFO] IPUIPlugin:79 - create IPUIPlugin
2024-10-03 20:44:08,104 [INFO] PluginManager:217 - loadIPPluginJar : add tracer_emb
2024-10-03 20:44:08,106 [INFO] IPUIPlugin:79 - create IPUIPlugin
2024-10-03 20:44:08,106 [INFO] PluginManager:217 - loadIPPluginJar : add ts
2024-10-03 20:44:08,109 [INFO] IPUIPlugin:79 - create IPUIPlugin
2024-10-03 20:44:08,109 [INFO] PluginManager:217 - loadIPPluginJar : add tsc
2024-10-03 20:44:08,112 [INFO] IPUIPlugin:79 - create IPUIPlugin
2024-10-03 20:44:08,112 [INFO] PluginManager:217 - loadIPPluginJar : add ucpd
2024-10-03 20:44:08,114 [INFO] IPUIPlugin:79 - create IPUIPlugin
2024-10-03 20:44:08,115 [INFO] PluginManager:217 - loadIPPluginJar : add usart
2024-10-03 20:44:08,118 [INFO] IPUIPlugin:79 - create IPUIPlugin
2024-10-03 20:44:08,118 [INFO] PluginManager:217 - loadIPPluginJar : add usbx
2024-10-03 20:44:08,503 [FATAL] Updater:301 - Updater called before beeing initialized
2024-10-03 20:44:08,727 [FATAL] Updater:301 - Updater called before beeing initialized
2024-10-03 20:44:08,743 [INFO] DbMcusAds:52 - JSON generation date=Fri Sep 20 20:04:23 ICT 2024 (1726837463113)
2024-10-03 20:44:08,744 [FATAL] Updater:301 - Updater called before beeing initialized
2024-10-03 20:44:08,820 [WARN] DetailPanel:344 - Failed to get advertising image, set to default
2024-10-03 20:44:08,968 [FATAL] Updater:301 - Updater called before beeing initialized
2024-10-03 20:44:08,971 [FATAL] Updater:301 - Updater called before beeing initialized
2024-10-03 20:44:08,971 [FATAL] Updater:301 - Updater called before beeing initialized
2024-10-03 20:44:08,971 [WARN] DetailPanel:344 - Failed to get advertising image, set to default
2024-10-03 20:44:08,973 [FATAL] Updater:301 - Updater called before beeing initialized
2024-10-03 20:44:09,063 [ERROR] Updater:1105 - MainUpdater not yet initialized. External WinMGr cannot be set.
2024-10-03 20:44:09,066 [INFO] Updater:1041 - Updater Version found : 6.6.1
2024-10-03 20:44:09,085 [INFO] ApplicationProperties:181 - Using Application install path: D:\BKRA\KEIL C test\STM32CubeIDE_1.10.1\STM32CubeIDE\plugins\com.st.stm32cube.common.mx_6.6.1.202207061420
2024-10-03 20:44:09,650 [INFO] ThirdPartyUpdaterWithRetryManager:70 - Updater plugin not ready yet. [2/15]
2024-10-03 20:44:12,098 [INFO] MainUpdater:2768 - connection check result : 10
2024-10-03 20:44:12,099 [INFO] MainUpdater:280 - Updater Check For Update Now.
2024-10-03 20:44:12,100 [INFO] MicroXplorer:481 - Change Database Version : DB.6.0.60
2024-10-03 20:44:12,382 [INFO] CheckServerUpdateThread:119 - End of CheckServer Thread
2024-10-03 20:44:12,535 [INFO] MainUpdater:2768 - connection check result : 10
2024-10-03 20:44:12,537 [INFO] MainUpdater:2768 - connection check result : 10
2024-10-03 20:44:12,645 [INFO] MicroXplorer:451 - Change Database Path : 
2024-10-03 20:44:12,652 [INFO] MicroXplorer:481 - Change Database Version : DB.6.0.60
2024-10-03 20:44:12,654 [WARN] ThirdParty:827 - waiting for thirdparty lock release [close project]
2024-10-03 20:44:13,371 [WARN] PackLoader:242 - Cannot read IP mode file for STMicroelectronics.FP-SNS-MOTENVWB1.1.4.0
2024-10-03 20:44:13,393 [WARN] PackLoader:242 - Cannot read IP mode file for STMicroelectronics.X-CUBE-SMBUS.2.1.0
2024-10-03 20:44:13,401 [WARN] PackLoader:242 - Cannot read IP mode file for STMicroelectronics.X-CUBE-TOUCHGFX.4.23.2
2024-10-03 20:44:13,651 [WARN] PackLoader:242 - Cannot read IP mode file for STMicroelectronics.X-CUBE-AZRTOS-F7.1.1.0
2024-10-03 20:44:13,862 [WARN] PackLoader:242 - Cannot read IP mode file for STMicroelectronics.X-CUBE-MEMS1.11.0.0
2024-10-03 20:44:14,288 [WARN] PackLoader:242 - Cannot read IP mode file for STMicroelectronics.FP-SNS-FLIGHT1.5.0.2
2024-10-03 20:44:14,302 [WARN] PackLoader:242 - Cannot read IP mode file for STMicroelectronics.X-CUBE-DISPLAY.3.0.0
2024-10-03 20:44:14,318 [WARN] PackLoader:242 - Cannot read IP mode file for STMicroelectronics.X-CUBE-BLE1.7.0.0
2024-10-03 20:44:14,329 [WARN] PackLoader:242 - Cannot read IP mode file for STMicroelectronics.X-CUBE-NFC10.1.0.0
2024-10-03 20:44:14,342 [WARN] PackLoader:242 - Cannot read IP mode file for emotas.I-CUBE-CANOPEN.1.3.0
2024-10-03 20:44:14,365 [WARN] PackLoader:242 - Cannot read IP mode file for STMicroelectronics.X-CUBE-BLEMGR.3.1.0
2024-10-03 20:44:14,375 [WARN] PackLoader:242 - Cannot read IP mode file for STMicroelectronics.FP-SNS-SMARTAG2.1.2.0
2024-10-03 20:44:14,429 [INFO] LogOutputStream:76 - [STDOUT_REDIRECT] 1 : Invalid condition id : UX_CORESTACK_Condition cause : null
2024-10-03 20:44:14,544 [INFO] LogOutputStream:76 - [STDOUT_REDIRECT] 1 : Invalid condition id : UX_CORESTACK_Condition cause : null
2024-10-03 20:44:14,546 [INFO] LogOutputStream:76 - [STDOUT_REDIRECT] 1 : Invalid condition id : UX_CORESTACK_Condition cause : null
2024-10-03 20:44:14,548 [INFO] LogOutputStream:76 - [STDOUT_REDIRECT] 1 : Invalid condition id : UX_CORESTACK_Condition cause : null
2024-10-03 20:44:14,550 [INFO] LogOutputStream:76 - [STDOUT_REDIRECT] 1 : Invalid condition id : UX_CORESTACK_Condition cause : null
2024-10-03 20:44:14,556 [WARN] PackLoader:242 - Cannot read IP mode file for STMicroelectronics.X-CUBE-AZRTOS-WL.2.0.0
2024-10-03 20:44:14,566 [WARN] PackLoader:242 - Cannot read IP mode file for STMicroelectronics.FP-SNS-MOTENV1.5.0.0
2024-10-03 20:44:14,574 [WARN] PackLoader:242 - Cannot read IP mode file for wolfSSL.I-CUBE-wolfMQTT.1.19.0
2024-10-03 20:44:14,601 [WARN] PackLoader:242 - Cannot read IP mode file for WES.I-CUBE-Cesium.1.3.0
2024-10-03 20:44:14,608 [WARN] PackLoader:242 - Cannot read IP mode file for STMicroelectronics.X-CUBE-BLE2.3.3.0
2024-10-03 20:44:14,617 [WARN] PackLoader:242 - Cannot read IP mode file for STMicroelectronics.X-CUBE-NFC9.1.0.0
2024-10-03 20:44:14,627 [WARN] PackLoader:242 - Cannot read IP mode file for STMicroelectronics.X-CUBE-TCPP.4.1.0
2024-10-03 20:44:14,646 [WARN] PackLoader:242 - Cannot read IP mode file for STMicroelectronics.X-CUBE-ALGOBUILD.1.3.0
2024-10-03 20:44:14,699 [WARN] PackLoader:242 - Cannot read IP mode file for STMicroelectronics.X-CUBE-AZRTOS-G0.1.1.0
2024-10-03 20:44:14,720 [WARN] PackLoader:242 - Cannot read IP mode file for STMicroelectronics.X-CUBE-SAFEA1.1.2.2
2024-10-03 20:44:14,747 [WARN] PackLoader:242 - Cannot read IP mode file for STMicroelectronics.X-CUBE-NFC4.3.0.0
2024-10-03 20:44:14,755 [WARN] PackLoader:242 - Cannot read IP mode file for wolfSSL.I-CUBE-wolfMQTT.1.18.0
2024-10-03 20:44:14,762 [ERROR] Engine:467 - C:\Users\User\.stm32cubemx\thirdparties\pdsc\EmbeddedOffice.I-CUBE-FS-RTOS.1.0.1.pdsc: PDSC version is not supported
2024-10-03 20:44:14,765 [ERROR] Engine:467 - C:\Users\User\.stm32cubemx\thirdparties\pdsc\RealThread.X-CUBE-RT-Thread_Nano.4.1.1.pdsc: PDSC version is not supported
2024-10-03 20:44:14,771 [WARN] PackLoader:242 - Cannot read IP mode file for wolfSSL.I-CUBE-wolfSSL.5.7.0
2024-10-03 20:44:14,777 [WARN] PackLoader:242 - Cannot read IP mode file for STMicroelectronics.FP-ATR-SIGFOX1.3.2.0
2024-10-03 20:44:14,785 [WARN] PackLoader:242 - Cannot read IP mode file for STMicroelectronics.X-CUBE-EEPRMA1.5.1.0
2024-10-03 20:44:14,798 [WARN] PackLoader:242 - Cannot read IP mode file for ITTIA_DB.I-CUBE-ITTIADB.8.9.0
2024-10-03 20:44:14,894 [WARN] PackLoader:242 - Cannot read IP mode file for SEGGER.I-CUBE-embOS.1.3.1
2024-10-03 20:44:15,005 [WARN] PackLoader:242 - Cannot read IP mode file for STMicroelectronics.X-CUBE-ALGOBUILD.1.4.0
2024-10-03 20:44:15,014 [WARN] PackLoader:242 - Cannot read IP mode file for STMicroelectronics.X-CUBE-GNSS1.6.0.0
2024-10-03 20:44:15,059 [WARN] PackLoader:242 - Cannot read IP mode file for STMicroelectronics.X-CUBE-AZRTOS-F4.1.1.0
2024-10-03 20:44:15,068 [WARN] PackLoader:242 - Cannot read IP mode file for STMicroelectronics.X-CUBE-ISPU.2.1.0
2024-10-03 20:44:15,076 [WARN] PackLoader:242 - Cannot read IP mode file for STMicroelectronics.X-CUBE-FREERTOS.1.2.0
2024-10-03 20:44:15,132 [WARN] PackLoader:242 - Cannot read IP mode file for STMicroelectronics.X-CUBE-AZRTOS-L5.2.0.0
2024-10-03 20:44:15,148 [WARN] PackLoader:242 - Cannot read IP mode file for STMicroelectronics.X-CUBE-NFC6.3.1.0
2024-10-03 20:44:15,154 [ERROR] Engine:467 - C:\Users\User\.stm32cubemx\thirdparties\pdsc\STMicroelectronics.X-CUBE-DPower.1.2.0.pdsc: PDSC version is not supported
2024-10-03 20:44:15,159 [WARN] PackLoader:242 - Cannot read IP mode file for STMicroelectronics.X-CUBE-AI.9.0.0
2024-10-03 20:44:15,174 [WARN] PackLoader:242 - Cannot read IP mode file for STMicroelectronics.X-CUBE-NFC7.1.0.1
2024-10-03 20:44:15,224 [WARN] PackLoader:242 - Cannot read IP mode file for wolfSSL.I-CUBE-wolfTPM.3.2.0
2024-10-03 20:44:15,257 [WARN] ConditionMgr:437 - getConditionDescription Invalid condition id : LAN8742 Phy interface Condition cause : null
2024-10-03 20:44:15,259 [WARN] PackLoader:242 - Cannot read IP mode file for STMicroelectronics.X-CUBE-AZRTOS-L4.2.0.0
2024-10-03 20:44:15,261 [WARN] ConditionMgr:1038 - genDependencies : Invalid condition id : LAN8742 Phy interface Condition cause : null
2024-10-03 20:44:15,261 [WARN] ConditionMgr:1038 - genDependencies : Invalid condition id : LAN8742 Phy interface Condition cause : null
2024-10-03 20:44:15,262 [WARN] ConditionMgr:1038 - genDependencies : Invalid condition id : LAN8742 Phy interface Condition cause : null
2024-10-03 20:44:15,274 [WARN] PackLoader:242 - Cannot read IP mode file for STMicroelectronics.X-CUBE-SFXS2LP1.4.0.0
2024-10-03 20:44:15,363 [WARN] PackLoader:242 - Cannot read IP mode file for STMicroelectronics.X-CUBE-AZRTOS-H7.3.3.0
2024-10-03 20:44:15,396 [WARN] ConditionMgr:437 - getConditionDescription Invalid condition id : UX DEVICE CLASS RTOS Condition cause : null
2024-10-03 20:44:15,396 [WARN] ConditionMgr:437 - getConditionDescription Invalid condition id : UX DEVICE CLASS RTOS Condition cause : null
2024-10-03 20:44:15,400 [WARN] PackLoader:242 - Cannot read IP mode file for STMicroelectronics.X-CUBE-AZRTOS-WB.2.0.0
2024-10-03 20:44:15,401 [WARN] ConditionMgr:1038 - genDependencies : Invalid condition id : UX DEVICE CLASS RTOS Condition cause : null
2024-10-03 20:44:15,402 [WARN] ConditionMgr:1038 - genDependencies : Invalid condition id : UX DEVICE CLASS RTOS Condition cause : null
2024-10-03 20:44:15,402 [WARN] ConditionMgr:1038 - genDependencies : Invalid condition id : UX DEVICE CLASS RTOS Condition cause : null
2024-10-03 20:44:15,403 [WARN] ConditionMgr:1038 - genDependencies : Invalid condition id : UX DEVICE CLASS RTOS Condition cause : null
2024-10-03 20:44:15,403 [WARN] ConditionMgr:1038 - genDependencies : Invalid condition id : UX DEVICE CLASS RTOS Condition cause : null
2024-10-03 20:44:15,411 [WARN] PackLoader:242 - Cannot read IP mode file for STMicroelectronics.X-CUBE-GNSS1.7.0.0
2024-10-03 20:44:15,416 [ERROR] Engine:467 - C:\Users\User\.stm32cubemx\thirdparties\pdsc\STMicroelectronics.FP-SNS-STBOX1.2.0.0.pdsc: PDSC version is not supported
2024-10-03 20:44:15,431 [WARN] PackLoader:242 - Cannot read IP mode file for STMicroelectronics.X-CUBE-SUBG2.5.0.0
2024-10-03 20:44:15,476 [WARN] PackLoader:242 - Cannot read IP mode file for STMicroelectronics.X-CUBE-AZRTOS-G4.2.0.0
2024-10-03 20:44:15,491 [WARN] PackLoader:242 - Cannot read IP mode file for STMicroelectronics.X-CUBE-ISPU.2.0.0
2024-10-03 20:44:15,501 [WARN] PackLoader:242 - Cannot read IP mode file for STMicroelectronics.X-CUBE-ALS.1.0.2
2024-10-03 20:44:15,681 [WARN] PackLoader:242 - Cannot read IP mode file for STMicroelectronics.X-CUBE-MEMS1.10.0.0
2024-10-03 20:44:16,016 [WARN] PackLoader:242 - Cannot read IP mode file for STMicroelectronics.X-CUBE-TOUCHGFX.4.24.0
2024-10-03 20:44:16,020 [WARN] PackLoader:242 - Cannot read IP mode file for STMicroelectronics.X-CUBE-TOUCHGFX.4.24.1
2024-10-03 20:44:16,028 [WARN] PackLoader:242 - Cannot read IP mode file for portGmbH.I-Cube-SoM-uGOAL.1.1.0
2024-10-03 20:44:16,041 [WARN] PackLoader:242 - Cannot read IP mode file for STMicroelectronics.X-CUBE-ALS.1.0.1
2024-10-03 20:44:16,072 [WARN] PackLoader:242 - Cannot read IP mode file for STMicroelectronics.X-CUBE-AZRTOS-H7RS.1.0.0
2024-10-03 20:44:16,115 [WARN] PackLoader:242 - Cannot read IP mode file for STMicroelectronics.FP-ATR-ASTRA1.2.0.0
2024-10-03 20:44:16,124 [ERROR] Engine:467 - C:\Users\User\.stm32cubemx\thirdparties\pdsc\STMicroelectronics.X-CUBE-TOF1.3.4.2.pdsc: PDSC version is not supported
2024-10-03 20:44:16,151 [WARN] PackLoader:242 - Cannot read IP mode file for STMicroelectronics.X-CUBE-TOF1.3.4.1
2024-10-03 20:44:16,223 [WARN] PackLoader:242 - Cannot read IP mode file for STMicroelectronics.X-CUBE-AZRTOS-H7.3.2.0
2024-10-03 20:44:16,266 [WARN] PackLoader:242 - Cannot read IP mode file for Infineon.AIROC-Wi-Fi-Bluetooth-STM32.1.6.0
2024-10-03 20:44:16,312 [WARN] PackLoader:242 - Cannot read IP mode file for wolfSSL.I-CUBE-wolfSSH.1.4.17
2024-10-03 20:44:16,318 [INFO] ThirdParty:929 - Integrity check success = true
2024-10-03 20:44:16,321 [INFO] IntegrityCheckThread:98 - exiting critical section [integrity check]
2024-10-03 20:44:16,344 [INFO] IntegrityCheckThread:101 - End integrity checks thread
2024-10-03 20:44:16,345 [INFO] ThirdParty:829 - entering critical section [close project]
2024-10-03 20:44:16,353 [INFO] ThirdParty:839 - exiting critical section [close project]
2024-10-03 20:44:16,404 [INFO] PinOutPanel:1468 - setPackage(No Configuration,No Configuration)
2024-10-03 20:44:16,415 [INFO] UtilMem:74 - Begin LoadConfig() Used Memory: 600169888 Bytes (682622976)
2024-10-03 20:44:16,416 [INFO] MicroXplorer:451 - Change Database Path : 
2024-10-03 20:44:16,416 [INFO] MicroXplorer:481 - Change Database Version : DB.6.0.60
2024-10-03 20:44:16,417 [INFO] OpenFileManager:307 - Change cursor
2024-10-03 20:44:16,564 [INFO] Mcu:1922 - Initializing MCU STM32F103C(4-6)Tx STM32F103C6Tx STM32F103C6T6A
2024-10-03 20:44:18,531 [INFO] Context:654 - Trying to add GPIOservice into a context  which must be forbidden
2024-10-03 20:44:20,248 [WARN] ApiManager:308 - Cannot register API 'Board Extension:NFC09A1' from pack STMicroelectronics.X-CUBE-NFC9.1.0.0: no header file found
2024-10-03 20:44:20,256 [WARN] ApiManager:308 - Cannot register API 'Board Extension:GNSS1A1' from pack STMicroelectronics.X-CUBE-GNSS1.6.0.0: no header file found
2024-10-03 20:44:20,256 [WARN] ApiManager:308 - Cannot register API 'Board Support:Custom' from pack STMicroelectronics.X-CUBE-GNSS1.6.0.0: no header file found
2024-10-03 20:44:20,256 [WARN] ApiManager:308 - Cannot register API 'Data Exchange:lib_gnss' from pack STMicroelectronics.X-CUBE-GNSS1.6.0.0: no header file found
2024-10-03 20:44:20,321 [WARN] ApiManager:308 - Cannot register API 'Board Extension:GNSS1A1' from pack STMicroelectronics.X-CUBE-GNSS1.7.0.0: no header file found
2024-10-03 20:44:20,322 [WARN] ApiManager:308 - Cannot register API 'Board Support:Custom' from pack STMicroelectronics.X-CUBE-GNSS1.7.0.0: no header file found
2024-10-03 20:44:20,322 [WARN] ApiManager:308 - Cannot register API 'Data Exchange:lib_gnss' from pack STMicroelectronics.X-CUBE-GNSS1.7.0.0: no header file found
2024-10-03 20:44:20,337 [WARN] ApiManager:308 - Cannot register API 'Board Extension:NFC06A1' from pack STMicroelectronics.X-CUBE-NFC6.3.1.0: no header file found
2024-10-03 20:44:20,337 [WARN] ApiManager:308 - Cannot register API 'Board Extension:NFC08A1' from pack STMicroelectronics.X-CUBE-NFC6.3.1.0: no header file found
2024-10-03 20:44:20,573 [WARN] ApiManager:308 - Cannot register API 'Board Extension:IKS01A3' from pack STMicroelectronics.X-CUBE-MEMS1.11.0.0: no header file found
2024-10-03 20:44:20,573 [WARN] ApiManager:308 - Cannot register API 'Board Extension:IKS02A1' from pack STMicroelectronics.X-CUBE-MEMS1.11.0.0: no header file found
2024-10-03 20:44:20,574 [WARN] ApiManager:308 - Cannot register API 'Board Extension:IKS4A1' from pack STMicroelectronics.X-CUBE-MEMS1.11.0.0: no header file found
2024-10-03 20:44:20,611 [INFO] RtosManager:488 - Registered RTOS mode: class=CMSIS, group=RTOS, mode=CMSIS_V1, owner=FREERTOS
2024-10-03 20:44:20,611 [INFO] RtosManager:488 - Registered RTOS mode: class=CMSIS, group=RTOS2, mode=CMSIS_V2, owner=FREERTOS
2024-10-03 20:44:20,611 [INFO] RtosManager:488 - Registered RTOS mode: class=RTOS, group=Core, mode=CMSIS_V1, owner=FREERTOS
2024-10-03 20:44:20,611 [INFO] RtosManager:488 - Registered RTOS mode: class=RTOS, group=Core, mode=CMSIS_V2, owner=FREERTOS
2024-10-03 20:44:20,612 [WARN] ModelIntegratedComponent:185 - Missing modes for component STMicroelectronics:FreeRTOS:0.0.1:STMicroelectronics:RTOS:FreeRTOS:Core:::10.2.0:
2024-10-03 20:44:20,614 [WARN] ApiManager:308 - Cannot register API 'Board Extension:STSAFEA1' from pack STMicroelectronics.X-CUBE-SAFEA1.1.2.2: no header file found
2024-10-03 20:44:20,614 [WARN] ApiManager:308 - Cannot register API 'Board Part:STSAFEA110' from pack STMicroelectronics.X-CUBE-SAFEA1.1.2.2: no header file found
2024-10-03 20:44:20,614 [WARN] ApiManager:308 - Cannot register API 'Security:ST_Cryptolib' from pack STMicroelectronics.X-CUBE-SAFEA1.1.2.2: no header file found
2024-10-03 20:44:20,615 [WARN] ApiManager:308 - Cannot register API 'Security:MbedTLS' from pack STMicroelectronics.X-CUBE-SAFEA1.1.2.2: no header file found
2024-10-03 20:44:20,616 [WARN] ApiManager:308 - Cannot register API 'Board Extension:NFC04A1' from pack STMicroelectronics.X-CUBE-NFC4.3.0.0: no header file found
2024-10-03 20:44:20,625 [WARN] ApiManager:308 - Cannot register API 'Board Extension:S2868A1' from pack STMicroelectronics.X-CUBE-SUBG2.5.0.0: no header file found
2024-10-03 20:44:20,626 [WARN] ApiManager:308 - Cannot register API 'Board Extension:S2868A2' from pack STMicroelectronics.X-CUBE-SUBG2.5.0.0: no header file found
2024-10-03 20:44:20,626 [WARN] ApiManager:308 - Cannot register API 'Board Extension:S2915A1' from pack STMicroelectronics.X-CUBE-SUBG2.5.0.0: no header file found
2024-10-03 20:44:20,682 [WARN] ApiManager:308 - Cannot register API 'Wireless:BlueNRG-MS' from pack STMicroelectronics.X-CUBE-BLE1.7.0.0: no header file found
2024-10-03 20:44:20,684 [WARN] ApiManager:308 - Cannot register API 'Board Extension:NFC10A1' from pack STMicroelectronics.X-CUBE-NFC10.1.0.0: no header file found
2024-10-03 20:44:20,685 [WARN] ApiManager:308 - Cannot register API 'Board Extension:EEPRMA2' from pack STMicroelectronics.X-CUBE-EEPRMA1.5.1.0: no header file found
2024-10-03 20:44:20,685 [WARN] ApiManager:308 - Cannot register API 'Board Extension:PGEEZ1' from pack STMicroelectronics.X-CUBE-EEPRMA1.5.1.0: no header file found
2024-10-03 20:44:20,686 [WARN] ApiManager:308 - Cannot register API 'Board Extension:EEICA1' from pack STMicroelectronics.X-CUBE-EEPRMA1.5.1.0: no header file found
2024-10-03 20:44:20,686 [WARN] ApiManager:308 - Cannot register API 'Board Part:M24' from pack STMicroelectronics.X-CUBE-EEPRMA1.5.1.0: no header file found
2024-10-03 20:44:20,686 [WARN] ApiManager:308 - Cannot register API 'Board Part:M95' from pack STMicroelectronics.X-CUBE-EEPRMA1.5.1.0: no header file found
2024-10-03 20:44:20,686 [WARN] ApiManager:308 - Cannot register API 'Board Part:M95P32' from pack STMicroelectronics.X-CUBE-EEPRMA1.5.1.0: no header file found
2024-10-03 20:44:20,686 [WARN] ApiManager:308 - Cannot register API 'Board Part:M24256E-F' from pack STMicroelectronics.X-CUBE-EEPRMA1.5.1.0: no header file found
2024-10-03 20:44:20,686 [WARN] ApiManager:308 - Cannot register API 'Board Part:M24M01E-F' from pack STMicroelectronics.X-CUBE-EEPRMA1.5.1.0: no header file found
2024-10-03 20:44:20,686 [WARN] ApiManager:308 - Cannot register API 'PGEEZ1:SPI' from pack STMicroelectronics.X-CUBE-EEPRMA1.5.1.0: no header file found
2024-10-03 20:44:20,686 [WARN] ApiManager:308 - Cannot register API 'PGEEZ1:QDSPI' from pack STMicroelectronics.X-CUBE-EEPRMA1.5.1.0: no header file found
2024-10-03 20:44:20,689 [WARN] ModelIntegratedComponent:64 - No mode defined for component null
2024-10-03 20:44:20,689 [WARN] ModelIntegratedComponent:64 - No mode defined for component null
2024-10-03 20:44:20,689 [WARN] ModelIntegratedComponent:64 - No mode defined for component null
2024-10-03 20:44:20,689 [WARN] ModelIntegratedComponent:64 - No mode defined for component null
2024-10-03 20:44:20,689 [WARN] ModelIntegratedComponent:64 - No mode defined for component null
2024-10-03 20:44:20,690 [WARN] ModelIntegratedComponent:64 - No mode defined for component null
2024-10-03 20:44:20,690 [WARN] ModelIntegratedComponent:64 - No mode defined for component null
2024-10-03 20:44:20,690 [WARN] ModelIntegratedComponent:64 - No mode defined for component null
2024-10-03 20:44:20,690 [WARN] ModelIntegratedComponent:64 - No mode defined for component null
2024-10-03 20:44:20,690 [WARN] ModelIntegratedComponent:64 - No mode defined for component null
2024-10-03 20:44:20,690 [WARN] ModelIntegratedComponent:64 - No mode defined for component null
2024-10-03 20:44:20,690 [WARN] ModelIntegratedComponent:64 - No mode defined for component null
2024-10-03 20:44:20,690 [WARN] ModelIntegratedComponent:64 - No mode defined for component null
2024-10-03 20:44:20,691 [WARN] ModelIntegratedComponent:64 - No mode defined for component null
2024-10-03 20:44:20,691 [WARN] ModelIntegratedComponent:64 - No mode defined for component null
2024-10-03 20:44:20,691 [WARN] ModelIntegratedComponent:64 - No mode defined for component null
2024-10-03 20:44:20,692 [WARN] ModelIntegratedComponent:64 - No mode defined for component null
2024-10-03 20:44:20,692 [WARN] ModelIntegratedComponent:64 - No mode defined for component null
2024-10-03 20:44:20,692 [WARN] ModelIntegratedComponent:64 - No mode defined for component null
2024-10-03 20:44:20,693 [WARN] ModelIntegratedComponent:64 - No mode defined for component null
2024-10-03 20:44:20,693 [WARN] ModelIntegratedComponent:64 - No mode defined for component null
2024-10-03 20:44:20,693 [WARN] ModelIntegratedComponent:64 - No mode defined for component null
2024-10-03 20:44:20,693 [WARN] ModelIntegratedComponent:64 - No mode defined for component null
2024-10-03 20:44:20,693 [WARN] ModelIntegratedComponent:64 - No mode defined for component null
2024-10-03 20:44:20,693 [WARN] ModelIntegratedComponent:64 - No mode defined for component null
2024-10-03 20:44:20,693 [WARN] ModelIntegratedComponent:64 - No mode defined for component null
2024-10-03 20:44:20,694 [WARN] ModelIntegratedComponent:64 - No mode defined for component null
2024-10-03 20:44:20,694 [WARN] ModelIntegratedComponent:64 - No mode defined for component null
2024-10-03 20:44:20,694 [WARN] ModelIntegratedComponent:64 - No mode defined for component null
2024-10-03 20:44:20,694 [WARN] ModelIntegratedComponent:64 - No mode defined for component null
2024-10-03 20:44:20,694 [WARN] ModelIntegratedComponent:64 - No mode defined for component null
2024-10-03 20:44:20,694 [WARN] ModelIntegratedComponent:64 - No mode defined for component null
2024-10-03 20:44:20,694 [WARN] ModelIntegratedComponent:64 - No mode defined for component null
2024-10-03 20:44:20,997 [WARN] ApiManager:308 - Cannot register API 'Board Extension:IKS01A3' from pack STMicroelectronics.X-CUBE-MEMS1.10.0.0: no header file found
2024-10-03 20:44:20,997 [WARN] ApiManager:308 - Cannot register API 'Board Extension:IKS02A1' from pack STMicroelectronics.X-CUBE-MEMS1.10.0.0: no header file found
2024-10-03 20:44:20,998 [WARN] ApiManager:308 - Cannot register API 'Board Extension:IKS4A1' from pack STMicroelectronics.X-CUBE-MEMS1.10.0.0: no header file found
2024-10-03 20:44:21,037 [WARN] ApiManager:308 - Cannot register API 'Board Extension:NFC07A1' from pack STMicroelectronics.X-CUBE-NFC7.1.0.1: no header file found
2024-10-03 20:44:21,064 [WARN] ApiManager:308 - Cannot register API 'Board Extension:S2868A1' from pack STMicroelectronics.X-CUBE-SFXS2LP1.4.0.0: no header file found
2024-10-03 20:44:21,064 [WARN] ApiManager:308 - Cannot register API 'Board Extension:S2868A2' from pack STMicroelectronics.X-CUBE-SFXS2LP1.4.0.0: no header file found
2024-10-03 20:44:21,064 [WARN] ApiManager:308 - Cannot register API 'Board Extension:S2915A1' from pack STMicroelectronics.X-CUBE-SFXS2LP1.4.0.0: no header file found
2024-10-03 20:44:21,065 [WARN] ApiManager:308 - Cannot register API 'Wireless:BlueNRG-2' from pack STMicroelectronics.X-CUBE-BLE2.3.3.0: no header file found
2024-10-03 20:44:21,102 [INFO] ThirdPartyModel:289 - Start build external matchings
2024-10-03 20:44:22,721 [INFO] ThirdPartyModel:302 - End build external matchings
2024-10-03 20:44:23,202 [INFO] UtilMem:74 - End LoadConfig() Used Memory: 612190296 Bytes (682622976)
2024-10-03 20:44:23,466 [INFO] ApiDb:576 - Connected to CubeFinder SQLite database (C:\Users\User\.stmcufinder\plugins\mcufinder\mcu\cube-finder-db.db)
2024-10-03 20:44:23,675 [INFO] ApiDb:663 - CubeFinder database Data Model version=2.1
2024-10-03 20:44:23,675 [INFO] ApiDb:664 - CubeFinder database Configuration version=3.0.39
2024-10-03 20:44:23,676 [INFO] ApiDb:665 - CubeFinder database generation date=2024-09-16 (1726485674)
2024-10-03 20:44:23,676 [INFO] ApiDb:666 - CubeFinder database FW Pack versions=[FP-ATR-ASTRA1_V2.0.0, FP-SNS-FLIGHT1_V5.0.2, FP-SNS-MOTENV1_V5.0.0, FP-SNS-MOTENVWB1_V1.4.0, FP-SNS-SMARTAG2_V1.2.0, FP-SNS-STBOX1_V2.0.0, STM32Cube_FW_C0_V1.2.0, STM32Cube_FW_F4_V1.28.1, STM32Cube_FW_F7_V1.17.2, STM32Cube_FW_G0_V1.6.2, STM32Cube_FW_G4_V1.6.0, STM32Cube_FW_H5_V1.3.0, STM32Cube_FW_H7RS_V1.1.0, STM32Cube_FW_H7_V1.11.2, STM32Cube_FW_L0_V1.12.2, STM32Cube_FW_L5_V1.5.1, STM32Cube_FW_U0_V1.1.0, STM32Cube_FW_U5_V1.6.0, STM32Cube_FW_WB0_V1.0.0, STM32Cube_FW_WBA_V1.4.1, STM32Cube_FW_WB_V1.20.0, STM32Cube_FW_WL_V1.3.0, X-CUBE-ALGOBUILD_V1.4.0, X-CUBE-ALS_V1.0.2, X-CUBE-AZRTOS-F4_V1.1.0, X-CUBE-AZRTOS-F7_V1.1.0, X-CUBE-AZRTOS-G0_V1.1.0, X-CUBE-AZRTOS-G4_V2.0.0, X-CUBE-AZRTOS-H7RS_V1.0.0, X-CUBE-AZRTOS-H7_V3.2.0, X-CUBE-AZRTOS-L4_V2.0.0, X-CUBE-AZRTOS-L5_V2.0.0, X-CUBE-AZRTOS-WB_V2.0.0, X-CUBE-AZRTOS-WL_V2.0.0, X-CUBE-BLE1_V7.0.0, X-CUBE-BLE2_V3.3.0, X-CUBE-BLEMGR_V3.1.0, X-CUBE-EEPRMA1_V5.1.0, X-CUBE-FREERTOS_V1.2.0, X-CUBE-GNSS1_V6.0.0, X-CUBE-MEMS1_V11.0.0, X-CUBE-NFC4_V3.0.0, X-CUBE-NFC7_V1.0.1, X-CUBE-SFXS2LP1_V4.0.0, X-CUBE-SUBG2_V5.0.0, X-CUBE-TOF1_V3.4.2]
2024-10-03 20:44:27,705 [INFO] ApiDb:239 - Found 138 in-development CPN: [B-WB1M-WPAN1, NUCLEO-C031C6, STEVAL-STWINBX1, STM320518-EVAL, STM32C0116-DK, STM32C011D6Y3TR, STM32C011D6Y6TR, STM32C011F4P3, STM32C011F4P6, STM32C011F4U3, STM32C011F4U6TR, STM32C011F6P3, STM32C011F6P6, STM32C011F6U3, STM32C011F6U6TR, STM32C011J4M3, STM32C011J4M6, STM32C011J6M3, STM32C011J6M6, STM32C0316-DK, STM32C031C4T3, STM32C031C4T6, STM32C031C4U3, STM32C031C4U6, STM32C031C6T3, STM32C031C6T6, STM32C031C6U3, STM32C031C6U6, STM32C031F4P3, STM32C031F4P6, STM32C031F6P3, STM32C031F6P6, STM32C031G4U3, STM32C031G4U6, STM32C031G6U3, STM32C031G6U6, STM32C031K4T3, STM32C031K4T6, STM32C031K4U3, STM32C031K4U6, STM32C031K6T3, STM32C031K6T6, STM32C031K6U3, STM32C031K6U6, STM32G071K8TXN, STM32G071K8UXN, STM32G081GBU6N, STM32G081KBT6N, STM32G081KBUXN, STM32G0B1CCT6N, STM32G0B1KCT6, STM32G0B1NEY6TR, STM32G0B1RCT6N, STM32G0C1CCT6, STM32G0C1CCT6N, STM32G0C1CCU6N, STM32G0C1CET6N, STM32G0C1CEU6N, STM32G0C1KCT6, STM32G0C1NEY6TR, STM32G0C1RCI6N, STM32G0C1RCT6N, STM32G0C1REI6N, STM32G0C1RET6N, STM32G0C1VCI6, STM32G0C1VEI6, STM32G471CCT6, STM32G471CCU6, STM32G471CET3, STM32G471CET6, STM32G471CEU3, STM32G471CEU6, STM32G471MCT6, STM32G471MET3, STM32G471MET6, STM32G471MEY6TR, STM32G471QCT6, STM32G471QET3, STM32G471RCT6, STM32G471RET3, STM32G471RET6, STM32G471VCH6, STM32G471VCI6, STM32G471VCT6, STM32G471VEH3, STM32G471VEH6, STM32G471VEI3, STM32G471VEI6, STM32G471VET3, STM32G471VET6, STM32G474CCT6, STM32L476VGY6PTR, STM32L4R5QGI6STR, STM32MP131AAE3, STM32MP131AAF3, STM32MP131AAG3, STM32MP131CAE3, STM32MP131CAF3, STM32MP131CAG3, STM32MP131DAE7, STM32MP131DAF7, STM32MP131DAG7, STM32MP131FAE7, STM32MP131FAF7, STM32MP131FAG7, STM32MP133AAE3, STM32MP133AAF3, STM32MP133AAG3, STM32MP133CAE3, STM32MP133CAF3, STM32MP133CAG3, STM32MP133DAE7, STM32MP133DAF7, STM32MP133DAG7, STM32MP133FAE7, STM32MP133FAF7, STM32MP133FAG7, STM32MP135AAE3, STM32MP135AAF3, STM32MP135AAG3, STM32MP135CAE3, STM32MP135CAF3, STM32MP135CAG3, STM32MP135DAE7, STM32MP135DAF7, STM32MP135DAG7, STM32MP135F-DK, STM32MP135FAE7, STM32MP135FAF7, STM32MP135FAG7, STM32U595ZJT6Q, STM32U599BJY6QTR, STM32U599NIH6Q, STM32U599NJH6Q, STM32U5A5ZJT6Q, STM32U5A9BJY6QTR, STM32U5A9NJH6Q, STM32WB1MMCH6]
2024-10-03 20:44:27,712 [INFO] DbMcus:215 - Found 4178 MCUs, 4178 are supported
2024-10-03 20:44:27,719 [INFO] ApiDb:418 - Load user favorites file C:\Users\User/.stm32cubeide/favorites.mcus.txt: 0 item(s)
2024-10-03 20:44:27,719 [INFO] ApiDb:422 - User favorites MCUs=[]
2024-10-03 20:44:27,719 [INFO] DbMcus:221 - Set 0 / 0 favorites MCUs
2024-10-03 20:44:28,009 [WARN] ThirdParty:789 - waiting for thirdparty lock release [change project]
2024-10-03 20:44:28,009 [INFO] ThirdParty:791 - entering critical section [change project]
2024-10-03 20:44:28,009 [INFO] ThirdParty:981 - CMSIS Pack Vendor :STMicroelectronics X-CUBE-AZRTOS-H7 3.3.0
2024-10-03 20:44:28,010 [INFO] ThirdParty:981 - CMSIS Pack Vendor :STMicroelectronics X-CUBE-NFC9 1.0.0
2024-10-03 20:44:28,010 [INFO] ThirdParty:981 - CMSIS Pack Vendor :STMicroelectronics X-CUBE-GNSS1 6.0.0
2024-10-03 20:44:28,010 [INFO] ThirdParty:981 - CMSIS Pack Vendor :STMicroelectronics USB_HOST 2.0.0
2024-10-03 20:44:28,010 [INFO] ThirdParty:981 - CMSIS Pack Vendor :STMicroelectronics FP-SNS-MOTENVWB1 1.4.0
2024-10-03 20:44:28,010 [INFO] ThirdParty:981 - CMSIS Pack Vendor :STMicroelectronics X-CUBE-AZRTOS-F4 1.1.0
2024-10-03 20:44:28,010 [INFO] ThirdParty:981 - CMSIS Pack Vendor :STMicroelectronics LIBJPEG 8.0.0
2024-10-03 20:44:28,010 [INFO] ThirdParty:981 - CMSIS Pack Vendor :STMicroelectronics X-CUBE-SMBUS 2.1.0
2024-10-03 20:44:28,010 [INFO] ThirdParty:981 - CMSIS Pack Vendor :STMicroelectronics USB_DEVICE 3.0.0
2024-10-03 20:44:28,010 [INFO] ThirdParty:981 - CMSIS Pack Vendor :STMicroelectronics X-CUBE-TCPP 4.1.0
2024-10-03 20:44:28,010 [INFO] ThirdParty:981 - CMSIS Pack Vendor :STMicroelectronics X-CUBE-ISPU 2.1.0
2024-10-03 20:44:28,011 [INFO] ThirdParty:981 - CMSIS Pack Vendor :STMicroelectronics X-CUBE-FREERTOS 1.2.0
2024-10-03 20:44:28,011 [INFO] ThirdParty:981 - CMSIS Pack Vendor :STMicroelectronics X-CUBE-AZRTOS-WB 2.0.0
2024-10-03 20:44:28,011 [INFO] ThirdParty:981 - CMSIS Pack Vendor :STMicroelectronics X-CUBE-GNSS1 7.0.0
2024-10-03 20:44:28,011 [INFO] ThirdParty:981 - CMSIS Pack Vendor :STMicroelectronics X-CUBE-TOUCHGFX 4.23.2
2024-10-03 20:44:28,011 [INFO] ThirdParty:981 - CMSIS Pack Vendor :STMicroelectronics X-CUBE-AZRTOS-F7 1.1.0
2024-10-03 20:44:28,011 [INFO] ThirdParty:981 - CMSIS Pack Vendor :STMicroelectronics X-CUBE-AZRTOS-L5 2.0.0
2024-10-03 20:44:28,011 [INFO] ThirdParty:981 - CMSIS Pack Vendor :STMicroelectronics USB_DEVICE 2.0.0
2024-10-03 20:44:28,011 [INFO] ThirdParty:981 - CMSIS Pack Vendor :STMicroelectronics X-CUBE-NFC6 3.1.0
2024-10-03 20:44:28,011 [INFO] ThirdParty:981 - CMSIS Pack Vendor :STMicroelectronics X-CUBE-ALGOBUILD 1.3.0
2024-10-03 20:44:28,011 [INFO] ThirdParty:981 - CMSIS Pack Vendor :STMicroelectronics X-CUBE-MEMS1 11.0.0
2024-10-03 20:44:28,012 [INFO] ThirdParty:981 - CMSIS Pack Vendor :STMicroelectronics FreeRTOS 0.0.1
2024-10-03 20:44:28,012 [INFO] ThirdParty:981 - CMSIS Pack Vendor :STMicroelectronics X-CUBE-AZRTOS-G0 1.1.0
2024-10-03 20:44:28,012 [INFO] ThirdParty:981 - CMSIS Pack Vendor :STMicroelectronics X-CUBE-SAFEA1 1.2.2
2024-10-03 20:44:28,012 [INFO] ThirdParty:981 - CMSIS Pack Vendor :STMicroelectronics X-CUBE-NFC4 3.0.0
2024-10-03 20:44:28,012 [INFO] ThirdParty:981 - CMSIS Pack Vendor :STMicroelectronics X-CUBE-SUBG2 5.0.0
2024-10-03 20:44:28,012 [INFO] ThirdParty:981 - CMSIS Pack Vendor :STMicroelectronics STM32_WPAN 1.0.0
2024-10-03 20:44:28,012 [INFO] ThirdParty:981 - CMSIS Pack Vendor :wolfSSL I-CUBE-wolfMQTT 1.18.0
2024-10-03 20:44:28,012 [INFO] ThirdParty:981 - CMSIS Pack Vendor :STMicroelectronics lwIP 2.0.3
2024-10-03 20:44:28,012 [INFO] ThirdParty:981 - CMSIS Pack Vendor :STMicroelectronics FP-SNS-FLIGHT1 5.0.2
2024-10-03 20:44:28,013 [INFO] ThirdParty:981 - CMSIS Pack Vendor :STMicroelectronics USB_HOST 1.0.0
2024-10-03 20:44:28,013 [INFO] ThirdParty:981 - CMSIS Pack Vendor :STMicroelectronics X-CUBE-AI 9.0.0
2024-10-03 20:44:28,013 [INFO] ThirdParty:981 - CMSIS Pack Vendor :STMicroelectronics X-CUBE-AZRTOS-G4 2.0.0
2024-10-03 20:44:28,013 [INFO] ThirdParty:981 - CMSIS Pack Vendor :STMicroelectronics PDM2PCM 3.1.0
2024-10-03 20:44:28,013 [INFO] ThirdParty:981 - CMSIS Pack Vendor :STMicroelectronics PDM2PCM 3.3.0
2024-10-03 20:44:28,013 [INFO] ThirdParty:981 - CMSIS Pack Vendor :STMicroelectronics X-CUBE-DISPLAY 3.0.0
2024-10-03 20:44:28,013 [INFO] ThirdParty:981 - CMSIS Pack Vendor :wolfSSL I-CUBE-wolfSSL 5.7.0
2024-10-03 20:44:28,013 [INFO] ThirdParty:981 - CMSIS Pack Vendor :STMicroelectronics X-CUBE-BLE1 7.0.0
2024-10-03 20:44:28,013 [INFO] ThirdParty:981 - CMSIS Pack Vendor :STMicroelectronics FP-ATR-SIGFOX1 3.2.0
2024-10-03 20:44:28,014 [INFO] ThirdParty:981 - CMSIS Pack Vendor :STMicroelectronics X-CUBE-NFC10 1.0.0
2024-10-03 20:44:28,014 [INFO] ThirdParty:981 - CMSIS Pack Vendor :STMicroelectronics X-CUBE-ISPU 2.0.0
2024-10-03 20:44:28,014 [INFO] ThirdParty:981 - CMSIS Pack Vendor :STMicroelectronics X-CUBE-EEPRMA1 5.1.0
2024-10-03 20:44:28,014 [INFO] ThirdParty:981 - CMSIS Pack Vendor :STMicroelectronics HAL Drivers 0.0.0
2024-10-03 20:44:28,014 [INFO] ThirdParty:981 - CMSIS Pack Vendor :STMicroelectronics MBEDTLS 2.16.2
2024-10-03 20:44:28,014 [INFO] ThirdParty:981 - CMSIS Pack Vendor :STMicroelectronics X-CUBE-ALS 1.0.2
2024-10-03 20:44:28,014 [INFO] ThirdParty:981 - CMSIS Pack Vendor :emotas I-CUBE-CANOPEN 1.3.0
2024-10-03 20:44:28,014 [INFO] ThirdParty:981 - CMSIS Pack Vendor :STMicroelectronics X-CUBE-MEMS1 10.0.0
2024-10-03 20:44:28,014 [INFO] ThirdParty:981 - CMSIS Pack Vendor :STMicroelectronics X-CUBE-NFC7 1.0.1
2024-10-03 20:44:28,014 [INFO] ThirdParty:981 - CMSIS Pack Vendor :STMicroelectronics MBEDTLS 2.14.1
2024-10-03 20:44:28,015 [INFO] ThirdParty:981 - CMSIS Pack Vendor :STMicroelectronics X-CUBE-TOUCHGFX 4.24.0
2024-10-03 20:44:28,015 [INFO] ThirdParty:981 - CMSIS Pack Vendor :ITTIA_DB I-CUBE-ITTIADB 8.9.0
2024-10-03 20:44:28,015 [INFO] ThirdParty:981 - CMSIS Pack Vendor :wolfSSL I-CUBE-wolfTPM 3.2.0
2024-10-03 20:44:28,015 [INFO] ThirdParty:981 - CMSIS Pack Vendor :STMicroelectronics X-CUBE-TOUCHGFX 4.24.1
2024-10-03 20:44:28,015 [INFO] ThirdParty:981 - CMSIS Pack Vendor :portGmbH I-Cube-SoM-uGOAL 1.1.0
2024-10-03 20:44:28,015 [INFO] ThirdParty:981 - CMSIS Pack Vendor :STMicroelectronics X-CUBE-ALS 1.0.1
2024-10-03 20:44:28,015 [INFO] ThirdParty:981 - CMSIS Pack Vendor :STMicroelectronics X-CUBE-BLEMGR 3.1.0
2024-10-03 20:44:28,015 [INFO] ThirdParty:981 - CMSIS Pack Vendor :STMicroelectronics ThreadX 1.0.0
2024-10-03 20:44:28,015 [INFO] ThirdParty:981 - CMSIS Pack Vendor :STMicroelectronics FP-SNS-SMARTAG2 1.2.0
2024-10-03 20:44:28,015 [INFO] ThirdParty:981 - CMSIS Pack Vendor :STMicroelectronics X-CUBE-AZRTOS-WL 2.0.0
2024-10-03 20:44:28,016 [INFO] ThirdParty:981 - CMSIS Pack Vendor :SEGGER I-CUBE-embOS 1.3.1
2024-10-03 20:44:28,016 [INFO] ThirdParty:981 - CMSIS Pack Vendor :STMicroelectronics X-CUBE-ALGOBUILD 1.4.0
2024-10-03 20:44:28,016 [INFO] ThirdParty:981 - CMSIS Pack Vendor :STMicroelectronics FP-SNS-MOTENV1 5.0.0
2024-10-03 20:44:28,016 [INFO] ThirdParty:981 - CMSIS Pack Vendor :STMicroelectronics USB_DEVICE 1.0.0
2024-10-03 20:44:28,016 [INFO] ThirdParty:981 - CMSIS Pack Vendor :STMicroelectronics X-CUBE-AZRTOS-H7RS 1.0.0
2024-10-03 20:44:28,016 [INFO] ThirdParty:981 - CMSIS Pack Vendor :wolfSSL I-CUBE-wolfMQTT 1.19.0
2024-10-03 20:44:28,016 [INFO] ThirdParty:981 - CMSIS Pack Vendor :STMicroelectronics X-CUBE-AZRTOS-L4 2.0.0
2024-10-03 20:44:28,016 [INFO] ThirdParty:981 - CMSIS Pack Vendor :STMicroelectronics ThreadX 0.0.2
2024-10-03 20:44:28,016 [INFO] ThirdParty:981 - CMSIS Pack Vendor :WES I-CUBE-Cesium 1.3.0
2024-10-03 20:44:28,016 [INFO] ThirdParty:981 - CMSIS Pack Vendor :STMicroelectronics FP-ATR-ASTRA1 2.0.0
2024-10-03 20:44:28,017 [INFO] ThirdParty:981 - CMSIS Pack Vendor :STMicroelectronics lwIP 2.1.2
2024-10-03 20:44:28,017 [INFO] ThirdParty:981 - CMSIS Pack Vendor :STMicroelectronics X-CUBE-SFXS2LP1 4.0.0
2024-10-03 20:44:28,017 [INFO] ThirdParty:981 - CMSIS Pack Vendor :STMicroelectronics X-CUBE-BLE2 3.3.0
2024-10-03 20:44:28,017 [INFO] ThirdParty:981 - CMSIS Pack Vendor :STMicroelectronics X-CUBE-TOF1 3.4.1
2024-10-03 20:44:28,017 [INFO] ThirdParty:981 - CMSIS Pack Vendor :STMicroelectronics X-CUBE-AZRTOS-H7 3.2.0
2024-10-03 20:44:28,017 [INFO] ThirdParty:981 - CMSIS Pack Vendor :Infineon AIROC-Wi-Fi-Bluetooth-STM32 1.6.0
2024-10-03 20:44:28,017 [INFO] ThirdParty:981 - CMSIS Pack Vendor :STMicroelectronics PDM2PCM 3.2.0
2024-10-03 20:44:28,017 [INFO] ThirdParty:981 - CMSIS Pack Vendor :wolfSSL I-CUBE-wolfSSH 1.4.17
2024-10-03 20:44:28,018 [INFO] ThirdParty:797 - exiting critical section [change project]
2024-10-03 20:44:28,810 [INFO] PinOutPanel:1468 - setPackage(No Configuration,No Configuration)
2024-10-03 20:44:28,812 [INFO] PinOutPanel:1468 - setPackage(STM32F103C6Tx,LQFP48)
2024-10-03 20:44:29,801 [INFO] UtilMem:74 - Before build in PCC Used Memory: 596563392 Bytes (682622976)
2024-10-03 20:44:33,214 [INFO] UtilMem:74 - After build in PCC Used Memory: 602990280 Bytes (682622976)
2024-10-03 20:44:33,293 [INFO] IPUIPlugin:79 - create IPUIPlugin
2024-10-03 20:44:33,293 [INFO] IPUIPlugin:79 - create IPUIPlugin
2024-10-03 20:44:33,293 [INFO] IPUIPlugin:79 - create IPUIPlugin
2024-10-03 20:44:33,294 [INFO] IPUIPlugin:79 - create IPUIPlugin
2024-10-03 20:44:33,294 [INFO] IPUIPlugin:79 - create IPUIPlugin
2024-10-03 20:44:33,294 [INFO] IPUIPlugin:79 - create IPUIPlugin
2024-10-03 20:44:33,295 [INFO] IPUIPlugin:79 - create IPUIPlugin
2024-10-03 20:44:33,296 [INFO] IPUIPlugin:79 - create IPUIPlugin
2024-10-03 20:44:33,296 [INFO] IPUIPlugin:79 - create IPUIPlugin
2024-10-03 20:44:33,296 [INFO] IPUIPlugin:79 - create IPUIPlugin
2024-10-03 20:44:33,297 [INFO] IPUIPlugin:79 - create IPUIPlugin
2024-10-03 20:44:33,297 [INFO] IPUIPlugin:79 - create IPUIPlugin
2024-10-03 20:44:33,298 [INFO] IPUIPlugin:79 - create IPUIPlugin
2024-10-03 20:44:33,298 [INFO] IPUIPlugin:79 - create IPUIPlugin
2024-10-03 20:44:33,298 [INFO] IPUIPlugin:79 - create IPUIPlugin
2024-10-03 20:44:33,299 [INFO] IPUIPlugin:79 - create IPUIPlugin
2024-10-03 20:44:33,299 [INFO] IPUIPlugin:79 - create IPUIPlugin
2024-10-03 20:44:33,299 [INFO] IPUIPlugin:79 - create IPUIPlugin
2024-10-03 20:44:33,300 [INFO] IPUIPlugin:79 - create IPUIPlugin
2024-10-03 20:44:33,301 [INFO] IPUIPlugin:79 - create IPUIPlugin
2024-10-03 20:44:33,301 [INFO] IPUIPlugin:79 - create IPUIPlugin
2024-10-03 20:44:33,302 [INFO] IPUIPlugin:79 - create IPUIPlugin
2024-10-03 20:44:33,302 [INFO] IPUIPlugin:79 - create IPUIPlugin
2024-10-03 20:44:33,669 [INFO] OpenFileManager:327 - Restore cursor
2024-10-03 20:44:49,718 [INFO] Activator:177 - 


2024-10-03 20:44:49,720 [INFO] Activator:178 - !SESSION log4j initialized
2024-10-03 20:45:20,567 [ERROR] LogOutputStream:74 - [STDERR_REDIRECT] SLF4J: Failed to load class "org.slf4j.impl.StaticLoggerBinder".
2024-10-03 20:45:20,568 [ERROR] LogOutputStream:74 - [STDERR_REDIRECT] SLF4J: Defaulting to no-operation (NOP) logger implementation
2024-10-03 20:45:20,571 [ERROR] LogOutputStream:74 - [STDERR_REDIRECT] SLF4J: See http://www.slf4j.org/codes.html#StaticLoggerBinder for further details.
2024-10-03 20:58:09,455 [INFO] McuFinderGlobals:44 - Set McuFinder mode to 2 (CubeIDE integrated)
2024-10-03 20:58:09,696 [INFO] ApplicationProperties:181 - Using Application install path: D:\BKRA\KEIL C test\STM32CubeIDE_1.10.1\STM32CubeIDE\plugins\com.st.stm32cube.common.mx_6.6.1.202207061420
2024-10-03 20:58:09,719 [INFO] DbMcusXml:77 - Set database path to: D:\BKRA\KEIL C test\STM32CubeIDE_1.10.1\STM32CubeIDE\plugins\com.st.stm32cube.common.mx_6.6.1.202207061420\\db\/mcu/
2024-10-03 20:58:09,720 [INFO] ApiDb:269 - Set plugin database path to: D:\BKRA\KEIL C test\STM32CubeIDE_1.10.1\STM32CubeIDE\plugins\com.st.stm32cube.common.mx_6.6.1.202207061420\\db\/plugins/boardmanager/
2024-10-03 20:58:09,723 [WARN] ApiDb:254 - Overriding images path with different value:  => D:\BKRA\KEIL C test\STM32CubeIDE_1.10.1\STM32CubeIDE\plugins\com.st.stm32cube.common.mx_6.6.1.202207061420\\db\/plugins/mcufinder/images/
2024-10-03 20:58:09,739 [INFO] ApiDb:249 - Set database path to: C:\Users\User\.stmcufinder\plugins\mcufinder//mcu/
2024-10-03 20:58:09,742 [INFO] DbMcusAds:124 - Set database path to: C:\Users\User\.stmcufinder\plugins\mcufinder//mcu/
2024-10-03 20:58:09,793 [INFO] CrossReferenceDbSqlite:201 - Set database path to: C:\Users\User\.stmcufinder\plugins\mcufinder//mcu/cs/
2024-10-03 20:58:09,926 [INFO] RulesReader:61 - Compatibility file has been processed (282 Rules)
2024-10-03 20:58:10,023 [INFO] DbMcusXml:77 - Set database path to: D:\BKRA\KEIL C test\STM32CubeIDE_1.10.1\STM32CubeIDE\plugins\com.st.stm32cube.common.mx_6.6.1.202207061420\\db\/mcu/
2024-10-03 20:58:10,023 [INFO] ApiDb:269 - Set plugin database path to: D:\BKRA\KEIL C test\STM32CubeIDE_1.10.1\STM32CubeIDE\plugins\com.st.stm32cube.common.mx_6.6.1.202207061420\\db\/plugins/boardmanager/
2024-10-03 20:58:10,023 [INFO] ApiDb:256 - Set plugin images path to: D:\BKRA\KEIL C test\STM32CubeIDE_1.10.1\STM32CubeIDE\plugins\com.st.stm32cube.common.mx_6.6.1.202207061420\\db\/plugins/mcufinder/images/
2024-10-03 20:58:10,024 [WARN] DbFile:40 - Overriding database path with different value: C:\Users\User\.stmcufinder\plugins\mcufinder/ => C:\Users\User\.stmcufinder\plugins\mcufinder
2024-10-03 20:58:10,024 [INFO] ApiDb:249 - Set database path to: C:\Users\User\.stmcufinder\plugins\mcufinder//mcu/
2024-10-03 20:58:10,024 [WARN] DbFile:40 - Overriding database path with different value: C:\Users\User\.stmcufinder\plugins\mcufinder/ => C:\Users\User\.stmcufinder\plugins\mcufinder
2024-10-03 20:58:10,024 [INFO] DbMcusAds:124 - Set database path to: C:\Users\User\.stmcufinder\plugins\mcufinder//mcu/
2024-10-03 20:58:10,025 [WARN] DbFile:40 - Overriding database path with different value: C:\Users\User\.stmcufinder\plugins\mcufinder/ => C:\Users\User\.stmcufinder\plugins\mcufinder
2024-10-03 20:58:10,026 [WARN] DbFile:40 - Overriding database path with different value: C:\Users\User\.stmcufinder\plugins\mcufinder/ => C:\Users\User\.stmcufinder\plugins\mcufinder
2024-10-03 20:58:10,026 [INFO] CrossReferenceDbSqlite:201 - Set database path to: C:\Users\User\.stmcufinder\plugins\mcufinder//mcu/cs/
2024-10-03 20:58:10,150 [INFO] MainPanel:242 - HeapMemory: 597688320
2024-10-03 20:58:10,266 [INFO] DbMcusXml:77 - Set database path to: D:\BKRA\KEIL C test\STM32CubeIDE_1.10.1\STM32CubeIDE\plugins\com.st.stm32cube.common.mx_6.6.1.202207061420\\db\/mcu/
2024-10-03 20:58:10,267 [INFO] ApiDb:269 - Set plugin database path to: D:\BKRA\KEIL C test\STM32CubeIDE_1.10.1\STM32CubeIDE\plugins\com.st.stm32cube.common.mx_6.6.1.202207061420\\db\/plugins/boardmanager/
2024-10-03 20:58:10,267 [INFO] ApiDb:256 - Set plugin images path to: D:\BKRA\KEIL C test\STM32CubeIDE_1.10.1\STM32CubeIDE\plugins\com.st.stm32cube.common.mx_6.6.1.202207061420\\db\/plugins/mcufinder/images/
2024-10-03 20:58:10,267 [WARN] DbFile:40 - Overriding database path with different value: C:\Users\User\.stmcufinder\plugins\mcufinder/ => C:\Users\User\.stmcufinder\plugins\mcufinder
2024-10-03 20:58:10,268 [INFO] ApiDb:249 - Set database path to: C:\Users\User\.stmcufinder\plugins\mcufinder//mcu/
2024-10-03 20:58:10,268 [WARN] DbFile:40 - Overriding database path with different value: C:\Users\User\.stmcufinder\plugins\mcufinder/ => C:\Users\User\.stmcufinder\plugins\mcufinder
2024-10-03 20:58:10,268 [INFO] DbMcusAds:124 - Set database path to: C:\Users\User\.stmcufinder\plugins\mcufinder//mcu/
2024-10-03 20:58:10,268 [WARN] DbFile:40 - Overriding database path with different value: C:\Users\User\.stmcufinder\plugins\mcufinder/ => C:\Users\User\.stmcufinder\plugins\mcufinder
2024-10-03 20:58:10,268 [WARN] DbFile:40 - Overriding database path with different value: C:\Users\User\.stmcufinder\plugins\mcufinder/ => C:\Users\User\.stmcufinder\plugins\mcufinder
2024-10-03 20:58:10,269 [INFO] CrossReferenceDbSqlite:201 - Set database path to: C:\Users\User\.stmcufinder\plugins\mcufinder//mcu/cs/
2024-10-03 20:58:10,298 [INFO] ApplicationProperties:181 - Using Application install path: D:\BKRA\KEIL C test\STM32CubeIDE_1.10.1\STM32CubeIDE\plugins\com.st.stm32cube.common.mx_6.6.1.202207061420
2024-10-03 20:58:10,301 [INFO] PluginManage:193 - Search for loadable plugins [exclusion list=, ]
2024-10-03 20:58:10,303 [INFO] PluginManage:307 - Check plugin analytics
2024-10-03 20:58:10,568 [INFO] AnalyticsPlugin:262 - Accepted Software Licenses: STM32CubeMX.6.12.0
2024-10-03 20:58:10,569 [INFO] AnalyticsPlugin:264 - Accepted CMSIS Pack Licenses: 
2024-10-03 20:58:10,570 [INFO] AnalyticsPlugin:266 - Accepted Firmware Licenses: FW.F4.1.28.0
2024-10-03 20:58:10,591 [INFO] PluginManage:356 - Loaded plugin analytics (category:tool,tabindex:-1)
2024-10-03 20:58:10,592 [INFO] PluginManage:307 - Check plugin cadmodel
2024-10-03 20:58:10,598 [INFO] CADModel:65 - Init CAD model plugin
2024-10-03 20:58:10,598 [INFO] PluginManage:356 - Loaded plugin cadmodel (category:power,tabindex:5)
2024-10-03 20:58:10,598 [INFO] PluginManage:307 - Check plugin clock
2024-10-03 20:58:10,617 [INFO] PluginManage:356 - Loaded plugin clock (category:base,tabindex:2)
2024-10-03 20:58:10,617 [INFO] PluginManage:307 - Check plugin ddr
2024-10-03 20:58:10,623 [INFO] PluginManage:356 - Loaded plugin ddr (category:tool,tabindex:6)
2024-10-03 20:58:10,623 [INFO] PluginManage:307 - Check plugin filemanager
2024-10-03 20:58:10,844 [INFO] PluginManage:356 - Loaded plugin filemanager (category:base,tabindex:10)
2024-10-03 20:58:10,845 [INFO] PluginManage:307 - Check plugin ipmanager
2024-10-03 20:58:10,857 [INFO] PluginManage:356 - Loaded plugin ipmanager (category:base,tabindex:5)
2024-10-03 20:58:10,858 [INFO] PluginManage:307 - Check plugin lpbam
2024-10-03 20:58:10,874 [INFO] PluginManage:356 - Loaded plugin lpbam (category:base,tabindex:0)
2024-10-03 20:58:10,875 [INFO] PluginManage:307 - Check plugin pinoutandconfiguration
2024-10-03 20:58:10,921 [INFO] PluginManage:356 - Loaded plugin pinoutandconfiguration (category:base,tabindex:1)
2024-10-03 20:58:10,924 [INFO] PluginManage:307 - Check plugin pinoutconfig
2024-10-03 20:58:10,985 [INFO] PluginManage:356 - Loaded plugin pinoutconfig (category:base,tabindex:0)
2024-10-03 20:58:10,986 [INFO] PluginManage:307 - Check plugin power
2024-10-03 20:58:11,024 [INFO] PluginManage:356 - Loaded plugin power (category:power,tabindex:4)
2024-10-03 20:58:11,025 [INFO] PluginManage:307 - Check plugin projectmanager
2024-10-03 20:58:11,064 [INFO] PluginManage:356 - Loaded plugin projectmanager (category:projectmanager,tabindex:3)
2024-10-03 20:58:11,065 [INFO] PluginManage:307 - Check plugin thirdparty
2024-10-03 20:58:11,274 [INFO] PluginManage:356 - Loaded plugin thirdparty (category:base,tabindex:-1)
2024-10-03 20:58:11,274 [INFO] PluginManage:307 - Check plugin tools
2024-10-03 20:58:11,278 [INFO] PluginManage:356 - Loaded plugin tools (category:base,tabindex:7)
2024-10-03 20:58:11,279 [INFO] PluginManage:307 - Check plugin tutovideos
2024-10-03 20:58:11,297 [WARN] IntegrityCheckThread:82 - waiting for thirdparty lock release [integrity check]
2024-10-03 20:58:11,299 [INFO] IntegrityCheckThread:84 - entering critical section [integrity check]
2024-10-03 20:58:11,302 [INFO] ThirdPartyUpdaterWithRetryManager:70 - Updater plugin not ready yet. [1/15]
2024-10-03 20:58:11,604 [INFO] PluginManage:356 - Loaded plugin tutovideos (category:base,tabindex:-1)
2024-10-03 20:58:11,605 [INFO] PluginManage:307 - Check plugin updater
2024-10-03 20:58:11,657 [INFO] PluginManage:356 - Loaded plugin updater (category:base,tabindex:12)
2024-10-03 20:58:11,658 [INFO] PluginManage:280 - PluginManage : Loaded plugins [15]
2024-10-03 20:58:12,127 [INFO] PinOutPanel:1468 - setPackage(No Configuration,No Configuration)
2024-10-03 20:58:12,219 [INFO] CADModel:98 - CPN selected for project level
2024-10-03 20:58:12,240 [INFO] IPUIPlugin:79 - create IPUIPlugin
2024-10-03 20:58:12,240 [INFO] PluginManager:217 - loadIPPluginJar : add adc
2024-10-03 20:58:12,243 [INFO] IPUIPlugin:79 - create IPUIPlugin
2024-10-03 20:58:12,244 [INFO] PluginManager:217 - loadIPPluginJar : add aes
2024-10-03 20:58:12,247 [INFO] IPUIPlugin:79 - create IPUIPlugin
2024-10-03 20:58:12,247 [INFO] PluginManager:217 - loadIPPluginJar : add can
2024-10-03 20:58:12,250 [INFO] IPUIPlugin:79 - create IPUIPlugin
2024-10-03 20:58:12,250 [INFO] PluginManager:217 - loadIPPluginJar : add comp
2024-10-03 20:58:12,254 [INFO] IPUIPlugin:79 - create IPUIPlugin
2024-10-03 20:58:12,254 [INFO] PluginManager:217 - loadIPPluginJar : add cryp
2024-10-03 20:58:12,257 [INFO] IPUIPlugin:79 - create IPUIPlugin
2024-10-03 20:58:12,258 [INFO] PluginManager:217 - loadIPPluginJar : add dfsdm
2024-10-03 20:58:12,267 [INFO] IPUIPlugin:79 - create IPUIPlugin
2024-10-03 20:58:12,268 [INFO] PluginManager:217 - loadIPPluginJar : add dma
2024-10-03 20:58:12,308 [INFO] IPUIPlugin:79 - create IPUIPlugin
2024-10-03 20:58:12,308 [INFO] PluginManager:217 - loadIPPluginJar : add dma3
2024-10-03 20:58:12,311 [INFO] IPUIPlugin:79 - create IPUIPlugin
2024-10-03 20:58:12,311 [INFO] PluginManager:217 - loadIPPluginJar : add fatfs
2024-10-03 20:58:12,318 [INFO] IPUIPlugin:79 - create IPUIPlugin
2024-10-03 20:58:12,318 [INFO] PluginManager:217 - loadIPPluginJar : add fmc
2024-10-03 20:58:12,328 [INFO] IPUIPlugin:79 - create IPUIPlugin
2024-10-03 20:58:12,328 [INFO] PluginManager:217 - loadIPPluginJar : add freertos
2024-10-03 20:58:12,331 [INFO] IPUIPlugin:79 - create IPUIPlugin
2024-10-03 20:58:12,331 [INFO] PluginManager:217 - loadIPPluginJar : add genericplugin
2024-10-03 20:58:12,335 [INFO] IPUIPlugin:79 - create IPUIPlugin
2024-10-03 20:58:12,335 [INFO] PluginManager:217 - loadIPPluginJar : add gfxmmu
2024-10-03 20:58:12,343 [INFO] IPUIPlugin:79 - create IPUIPlugin
2024-10-03 20:58:12,343 [INFO] PluginManager:217 - loadIPPluginJar : add gic
2024-10-03 20:58:12,350 [INFO] IPUIPlugin:79 - create IPUIPlugin
2024-10-03 20:58:12,351 [INFO] PluginManager:217 - loadIPPluginJar : add gpio
2024-10-03 20:58:12,355 [INFO] IPUIPlugin:79 - create IPUIPlugin
2024-10-03 20:58:12,355 [INFO] PluginManager:217 - loadIPPluginJar : add gtzc
2024-10-03 20:58:12,363 [INFO] IPUIPlugin:79 - create IPUIPlugin
2024-10-03 20:58:12,363 [INFO] PluginManager:217 - loadIPPluginJar : add hash
2024-10-03 20:58:12,367 [INFO] IPUIPlugin:79 - create IPUIPlugin
2024-10-03 20:58:12,368 [INFO] PluginManager:217 - loadIPPluginJar : add i2c
2024-10-03 20:58:12,372 [INFO] IPUIPlugin:79 - create IPUIPlugin
2024-10-03 20:58:12,373 [INFO] PluginManager:217 - loadIPPluginJar : add i2s
2024-10-03 20:58:12,382 [INFO] IPUIPlugin:79 - create IPUIPlugin
2024-10-03 20:58:12,383 [INFO] PluginManager:217 - loadIPPluginJar : add ipddr
2024-10-03 20:58:12,391 [INFO] IPUIPlugin:79 - create IPUIPlugin
2024-10-03 20:58:12,392 [INFO] PluginManager:217 - loadIPPluginJar : add linkedlist
2024-10-03 20:58:12,395 [INFO] IPUIPlugin:79 - create IPUIPlugin
2024-10-03 20:58:12,396 [INFO] PluginManager:217 - loadIPPluginJar : add lorawan
2024-10-03 20:58:12,399 [INFO] IPUIPlugin:79 - create IPUIPlugin
2024-10-03 20:58:12,399 [INFO] PluginManager:217 - loadIPPluginJar : add ltdc
2024-10-03 20:58:12,409 [INFO] IPUIPlugin:79 - create IPUIPlugin
2024-10-03 20:58:12,409 [INFO] PluginManager:217 - loadIPPluginJar : add mdma
2024-10-03 20:58:12,421 [INFO] IPUIPlugin:79 - create IPUIPlugin
2024-10-03 20:58:12,422 [INFO] PluginManager:217 - loadIPPluginJar : add nvic
2024-10-03 20:58:12,427 [INFO] IPUIPlugin:79 - create IPUIPlugin
2024-10-03 20:58:12,428 [INFO] PluginManager:217 - loadIPPluginJar : add opamp
2024-10-03 20:58:12,434 [INFO] IPUIPlugin:79 - create IPUIPlugin
2024-10-03 20:58:12,435 [INFO] PluginManager:217 - loadIPPluginJar : add openamp
2024-10-03 20:58:12,441 [INFO] IPUIPlugin:79 - create IPUIPlugin
2024-10-03 20:58:12,442 [INFO] PluginManager:217 - loadIPPluginJar : add pdm2pcm
2024-10-03 20:58:12,454 [INFO] IPUIPlugin:79 - create IPUIPlugin
2024-10-03 20:58:12,459 [INFO] PluginManager:217 - loadIPPluginJar : add plateformsettings
2024-10-03 20:58:12,463 [INFO] IPUIPlugin:79 - create IPUIPlugin
2024-10-03 20:58:12,464 [INFO] PluginManager:217 - loadIPPluginJar : add quadspi
2024-10-03 20:58:12,474 [INFO] IPUIPlugin:79 - create IPUIPlugin
2024-10-03 20:58:12,475 [INFO] PluginManager:217 - loadIPPluginJar : add resmgrutility
2024-10-03 20:58:12,481 [INFO] IPUIPlugin:79 - create IPUIPlugin
2024-10-03 20:58:12,482 [INFO] PluginManager:217 - loadIPPluginJar : add sai
2024-10-03 20:58:12,486 [INFO] IPUIPlugin:79 - create IPUIPlugin
2024-10-03 20:58:12,487 [INFO] PluginManager:217 - loadIPPluginJar : add spi
2024-10-03 20:58:12,498 [INFO] IPUIPlugin:79 - create IPUIPlugin
2024-10-03 20:58:12,501 [INFO] PluginManager:217 - loadIPPluginJar : add stm32_wpan
2024-10-03 20:58:12,504 [INFO] IPUIPlugin:79 - create IPUIPlugin
2024-10-03 20:58:12,505 [INFO] PluginManager:217 - loadIPPluginJar : add tim
2024-10-03 20:58:12,511 [INFO] IPUIPlugin:79 - create IPUIPlugin
2024-10-03 20:58:12,512 [INFO] PluginManager:217 - loadIPPluginJar : add touchsensing
2024-10-03 20:58:12,516 [INFO] IPUIPlugin:79 - create IPUIPlugin
2024-10-03 20:58:12,516 [INFO] PluginManager:217 - loadIPPluginJar : add tracer_emb
2024-10-03 20:58:12,520 [INFO] IPUIPlugin:79 - create IPUIPlugin
2024-10-03 20:58:12,520 [INFO] PluginManager:217 - loadIPPluginJar : add ts
2024-10-03 20:58:12,522 [INFO] IPUIPlugin:79 - create IPUIPlugin
2024-10-03 20:58:12,523 [INFO] PluginManager:217 - loadIPPluginJar : add tsc
2024-10-03 20:58:12,525 [INFO] IPUIPlugin:79 - create IPUIPlugin
2024-10-03 20:58:12,526 [INFO] PluginManager:217 - loadIPPluginJar : add ucpd
2024-10-03 20:58:12,530 [INFO] IPUIPlugin:79 - create IPUIPlugin
2024-10-03 20:58:12,530 [INFO] PluginManager:217 - loadIPPluginJar : add usart
2024-10-03 20:58:12,534 [INFO] IPUIPlugin:79 - create IPUIPlugin
2024-10-03 20:58:12,534 [INFO] PluginManager:217 - loadIPPluginJar : add usbx
2024-10-03 20:58:12,930 [FATAL] Updater:301 - Updater called before beeing initialized
2024-10-03 20:58:13,238 [FATAL] Updater:301 - Updater called before beeing initialized
2024-10-03 20:58:13,255 [INFO] DbMcusAds:52 - JSON generation date=Fri Sep 20 20:04:23 ICT 2024 (1726837463113)
2024-10-03 20:58:13,256 [FATAL] Updater:301 - Updater called before beeing initialized
2024-10-03 20:58:13,316 [WARN] DetailPanel:344 - Failed to get advertising image, set to default
2024-10-03 20:58:13,447 [FATAL] Updater:301 - Updater called before beeing initialized
2024-10-03 20:58:13,450 [FATAL] Updater:301 - Updater called before beeing initialized
2024-10-03 20:58:13,450 [FATAL] Updater:301 - Updater called before beeing initialized
2024-10-03 20:58:13,451 [WARN] DetailPanel:344 - Failed to get advertising image, set to default
2024-10-03 20:58:13,452 [FATAL] Updater:301 - Updater called before beeing initialized
2024-10-03 20:58:13,525 [ERROR] Updater:1105 - MainUpdater not yet initialized. External WinMGr cannot be set.
2024-10-03 20:58:13,527 [INFO] Updater:1041 - Updater Version found : 6.6.1
2024-10-03 20:58:13,551 [INFO] ApplicationProperties:181 - Using Application install path: D:\BKRA\KEIL C test\STM32CubeIDE_1.10.1\STM32CubeIDE\plugins\com.st.stm32cube.common.mx_6.6.1.202207061420
2024-10-03 20:58:14,316 [INFO] ThirdPartyUpdaterWithRetryManager:70 - Updater plugin not ready yet. [2/15]
2024-10-03 20:58:15,826 [INFO] MainUpdater:2768 - connection check result : 10
2024-10-03 20:58:15,831 [INFO] MainUpdater:280 - Updater Check For Update Now.
2024-10-03 20:58:15,832 [INFO] MicroXplorer:481 - Change Database Version : DB.6.0.60
2024-10-03 20:58:16,121 [INFO] CheckServerUpdateThread:119 - End of CheckServer Thread
2024-10-03 20:58:16,260 [INFO] MainUpdater:2768 - connection check result : 10
2024-10-03 20:58:16,261 [INFO] MainUpdater:2768 - connection check result : 10
2024-10-03 20:58:16,317 [INFO] MicroXplorer:451 - Change Database Path : 
2024-10-03 20:58:16,318 [INFO] MicroXplorer:481 - Change Database Version : DB.6.0.60
2024-10-03 20:58:16,320 [WARN] ThirdParty:827 - waiting for thirdparty lock release [close project]
2024-10-03 20:58:18,158 [WARN] PackLoader:242 - Cannot read IP mode file for STMicroelectronics.FP-SNS-MOTENVWB1.1.4.0
2024-10-03 20:58:18,177 [WARN] PackLoader:242 - Cannot read IP mode file for STMicroelectronics.X-CUBE-SMBUS.2.1.0
2024-10-03 20:58:18,193 [WARN] PackLoader:242 - Cannot read IP mode file for STMicroelectronics.X-CUBE-TOUCHGFX.4.23.2
2024-10-03 20:58:18,312 [WARN] PackLoader:242 - Cannot read IP mode file for STMicroelectronics.X-CUBE-AZRTOS-F7.1.1.0
2024-10-03 20:58:18,781 [WARN] PackLoader:242 - Cannot read IP mode file for STMicroelectronics.X-CUBE-MEMS1.11.0.0
2024-10-03 20:58:19,390 [WARN] PackLoader:242 - Cannot read IP mode file for STMicroelectronics.FP-SNS-FLIGHT1.5.0.2
2024-10-03 20:58:19,404 [WARN] PackLoader:242 - Cannot read IP mode file for STMicroelectronics.X-CUBE-DISPLAY.3.0.0
2024-10-03 20:58:19,449 [WARN] PackLoader:242 - Cannot read IP mode file for STMicroelectronics.X-CUBE-BLE1.7.0.0
2024-10-03 20:58:19,469 [WARN] PackLoader:242 - Cannot read IP mode file for STMicroelectronics.X-CUBE-NFC10.1.0.0
2024-10-03 20:58:19,520 [WARN] PackLoader:242 - Cannot read IP mode file for emotas.I-CUBE-CANOPEN.1.3.0
2024-10-03 20:58:19,542 [WARN] PackLoader:242 - Cannot read IP mode file for STMicroelectronics.X-CUBE-BLEMGR.3.1.0
2024-10-03 20:58:19,583 [WARN] PackLoader:242 - Cannot read IP mode file for STMicroelectronics.FP-SNS-SMARTAG2.1.2.0
2024-10-03 20:58:19,603 [INFO] LogOutputStream:76 - [STDOUT_REDIRECT] 1 : Invalid condition id : UX_CORESTACK_Condition cause : null
2024-10-03 20:58:19,604 [INFO] LogOutputStream:76 - [STDOUT_REDIRECT] 1 : Invalid condition id : UX_CORESTACK_Condition cause : null
2024-10-03 20:58:19,606 [INFO] LogOutputStream:76 - [STDOUT_REDIRECT] 1 : Invalid condition id : UX_CORESTACK_Condition cause : null
2024-10-03 20:58:19,608 [INFO] LogOutputStream:76 - [STDOUT_REDIRECT] 1 : Invalid condition id : UX_CORESTACK_Condition cause : null
2024-10-03 20:58:19,612 [INFO] LogOutputStream:76 - [STDOUT_REDIRECT] 1 : Invalid condition id : UX_CORESTACK_Condition cause : null
2024-10-03 20:58:19,617 [WARN] PackLoader:242 - Cannot read IP mode file for STMicroelectronics.X-CUBE-AZRTOS-WL.2.0.0
2024-10-03 20:58:19,627 [WARN] PackLoader:242 - Cannot read IP mode file for STMicroelectronics.FP-SNS-MOTENV1.5.0.0
2024-10-03 20:58:19,636 [WARN] PackLoader:242 - Cannot read IP mode file for wolfSSL.I-CUBE-wolfMQTT.1.19.0
2024-10-03 20:58:19,647 [WARN] PackLoader:242 - Cannot read IP mode file for WES.I-CUBE-Cesium.1.3.0
2024-10-03 20:58:19,655 [WARN] PackLoader:242 - Cannot read IP mode file for STMicroelectronics.X-CUBE-BLE2.3.3.0
2024-10-03 20:58:19,683 [WARN] PackLoader:242 - Cannot read IP mode file for STMicroelectronics.X-CUBE-NFC9.1.0.0
2024-10-03 20:58:19,696 [WARN] PackLoader:242 - Cannot read IP mode file for STMicroelectronics.X-CUBE-TCPP.4.1.0
2024-10-03 20:58:19,708 [WARN] PackLoader:242 - Cannot read IP mode file for STMicroelectronics.X-CUBE-ALGOBUILD.1.3.0
2024-10-03 20:58:19,741 [WARN] PackLoader:242 - Cannot read IP mode file for STMicroelectronics.X-CUBE-AZRTOS-G0.1.1.0
2024-10-03 20:58:19,770 [WARN] PackLoader:242 - Cannot read IP mode file for STMicroelectronics.X-CUBE-SAFEA1.1.2.2
2024-10-03 20:58:19,782 [WARN] PackLoader:242 - Cannot read IP mode file for STMicroelectronics.X-CUBE-NFC4.3.0.0
2024-10-03 20:58:19,787 [WARN] PackLoader:242 - Cannot read IP mode file for wolfSSL.I-CUBE-wolfMQTT.1.18.0
2024-10-03 20:58:19,794 [ERROR] Engine:467 - C:\Users\User\.stm32cubemx\thirdparties\pdsc\EmbeddedOffice.I-CUBE-FS-RTOS.1.0.1.pdsc: PDSC version is not supported
2024-10-03 20:58:19,796 [ERROR] Engine:467 - C:\Users\User\.stm32cubemx\thirdparties\pdsc\RealThread.X-CUBE-RT-Thread_Nano.4.1.1.pdsc: PDSC version is not supported
2024-10-03 20:58:19,803 [WARN] PackLoader:242 - Cannot read IP mode file for wolfSSL.I-CUBE-wolfSSL.5.7.0
2024-10-03 20:58:19,808 [WARN] PackLoader:242 - Cannot read IP mode file for STMicroelectronics.FP-ATR-SIGFOX1.3.2.0
2024-10-03 20:58:19,851 [WARN] PackLoader:242 - Cannot read IP mode file for STMicroelectronics.X-CUBE-EEPRMA1.5.1.0
2024-10-03 20:58:19,864 [WARN] PackLoader:242 - Cannot read IP mode file for ITTIA_DB.I-CUBE-ITTIADB.8.9.0
2024-10-03 20:58:19,917 [WARN] PackLoader:242 - Cannot read IP mode file for SEGGER.I-CUBE-embOS.1.3.1
2024-10-03 20:58:20,085 [WARN] PackLoader:242 - Cannot read IP mode file for STMicroelectronics.X-CUBE-ALGOBUILD.1.4.0
2024-10-03 20:58:20,101 [WARN] PackLoader:242 - Cannot read IP mode file for STMicroelectronics.X-CUBE-GNSS1.6.0.0
2024-10-03 20:58:20,151 [WARN] PackLoader:242 - Cannot read IP mode file for STMicroelectronics.X-CUBE-AZRTOS-F4.1.1.0
2024-10-03 20:58:20,164 [WARN] PackLoader:242 - Cannot read IP mode file for STMicroelectronics.X-CUBE-ISPU.2.1.0
2024-10-03 20:58:20,174 [WARN] PackLoader:242 - Cannot read IP mode file for STMicroelectronics.X-CUBE-FREERTOS.1.2.0
2024-10-03 20:58:20,235 [WARN] PackLoader:242 - Cannot read IP mode file for STMicroelectronics.X-CUBE-AZRTOS-L5.2.0.0
2024-10-03 20:58:20,304 [WARN] PackLoader:242 - Cannot read IP mode file for STMicroelectronics.X-CUBE-NFC6.3.1.0
2024-10-03 20:58:20,311 [ERROR] Engine:467 - C:\Users\User\.stm32cubemx\thirdparties\pdsc\STMicroelectronics.X-CUBE-DPower.1.2.0.pdsc: PDSC version is not supported
2024-10-03 20:58:20,320 [WARN] PackLoader:242 - Cannot read IP mode file for STMicroelectronics.X-CUBE-AI.9.0.0
2024-10-03 20:58:20,333 [WARN] PackLoader:242 - Cannot read IP mode file for STMicroelectronics.X-CUBE-NFC7.1.0.1
2024-10-03 20:58:20,340 [WARN] PackLoader:242 - Cannot read IP mode file for wolfSSL.I-CUBE-wolfTPM.3.2.0
2024-10-03 20:58:20,397 [WARN] ConditionMgr:437 - getConditionDescription Invalid condition id : LAN8742 Phy interface Condition cause : null
2024-10-03 20:58:20,398 [WARN] PackLoader:242 - Cannot read IP mode file for STMicroelectronics.X-CUBE-AZRTOS-L4.2.0.0
2024-10-03 20:58:20,400 [WARN] ConditionMgr:1038 - genDependencies : Invalid condition id : LAN8742 Phy interface Condition cause : null
2024-10-03 20:58:20,401 [WARN] ConditionMgr:1038 - genDependencies : Invalid condition id : LAN8742 Phy interface Condition cause : null
2024-10-03 20:58:20,402 [WARN] ConditionMgr:1038 - genDependencies : Invalid condition id : LAN8742 Phy interface Condition cause : null
2024-10-03 20:58:20,508 [WARN] PackLoader:242 - Cannot read IP mode file for STMicroelectronics.X-CUBE-SFXS2LP1.4.0.0
2024-10-03 20:58:20,872 [WARN] PackLoader:242 - Cannot read IP mode file for STMicroelectronics.X-CUBE-AZRTOS-H7.3.3.0
2024-10-03 20:58:21,579 [WARN] ConditionMgr:437 - getConditionDescription Invalid condition id : UX DEVICE CLASS RTOS Condition cause : null
2024-10-03 20:58:21,580 [WARN] ConditionMgr:437 - getConditionDescription Invalid condition id : UX DEVICE CLASS RTOS Condition cause : null
2024-10-03 20:58:21,584 [WARN] PackLoader:242 - Cannot read IP mode file for STMicroelectronics.X-CUBE-AZRTOS-WB.2.0.0
2024-10-03 20:58:21,588 [WARN] ConditionMgr:1038 - genDependencies : Invalid condition id : UX DEVICE CLASS RTOS Condition cause : null
2024-10-03 20:58:21,589 [WARN] ConditionMgr:1038 - genDependencies : Invalid condition id : UX DEVICE CLASS RTOS Condition cause : null
2024-10-03 20:58:21,589 [WARN] ConditionMgr:1038 - genDependencies : Invalid condition id : UX DEVICE CLASS RTOS Condition cause : null
2024-10-03 20:58:21,590 [WARN] ConditionMgr:1038 - genDependencies : Invalid condition id : UX DEVICE CLASS RTOS Condition cause : null
2024-10-03 20:58:21,590 [WARN] ConditionMgr:1038 - genDependencies : Invalid condition id : UX DEVICE CLASS RTOS Condition cause : null
2024-10-03 20:58:21,612 [WARN] PackLoader:242 - Cannot read IP mode file for STMicroelectronics.X-CUBE-GNSS1.7.0.0
2024-10-03 20:58:21,628 [ERROR] Engine:467 - C:\Users\User\.stm32cubemx\thirdparties\pdsc\STMicroelectronics.FP-SNS-STBOX1.2.0.0.pdsc: PDSC version is not supported
2024-10-03 20:58:21,812 [WARN] PackLoader:242 - Cannot read IP mode file for STMicroelectronics.X-CUBE-SUBG2.5.0.0
2024-10-03 20:58:22,056 [WARN] PackLoader:242 - Cannot read IP mode file for STMicroelectronics.X-CUBE-AZRTOS-G4.2.0.0
2024-10-03 20:58:22,074 [WARN] PackLoader:242 - Cannot read IP mode file for STMicroelectronics.X-CUBE-ISPU.2.0.0
2024-10-03 20:58:22,093 [WARN] PackLoader:242 - Cannot read IP mode file for STMicroelectronics.X-CUBE-ALS.1.0.2
2024-10-03 20:58:22,472 [WARN] PackLoader:242 - Cannot read IP mode file for STMicroelectronics.X-CUBE-MEMS1.10.0.0
2024-10-03 20:58:23,755 [WARN] PackLoader:242 - Cannot read IP mode file for STMicroelectronics.X-CUBE-TOUCHGFX.4.24.0
2024-10-03 20:58:23,762 [WARN] PackLoader:242 - Cannot read IP mode file for STMicroelectronics.X-CUBE-TOUCHGFX.4.24.1
2024-10-03 20:58:23,807 [WARN] PackLoader:242 - Cannot read IP mode file for portGmbH.I-Cube-SoM-uGOAL.1.1.0
2024-10-03 20:58:23,847 [WARN] PackLoader:242 - Cannot read IP mode file for STMicroelectronics.X-CUBE-ALS.1.0.1
2024-10-03 20:58:23,980 [WARN] PackLoader:242 - Cannot read IP mode file for STMicroelectronics.X-CUBE-AZRTOS-H7RS.1.0.0
2024-10-03 20:58:23,990 [WARN] PackLoader:242 - Cannot read IP mode file for STMicroelectronics.FP-ATR-ASTRA1.2.0.0
2024-10-03 20:58:24,003 [ERROR] Engine:467 - C:\Users\User\.stm32cubemx\thirdparties\pdsc\STMicroelectronics.X-CUBE-TOF1.3.4.2.pdsc: PDSC version is not supported
2024-10-03 20:58:24,023 [WARN] PackLoader:242 - Cannot read IP mode file for STMicroelectronics.X-CUBE-TOF1.3.4.1
2024-10-03 20:58:24,120 [WARN] PackLoader:242 - Cannot read IP mode file for STMicroelectronics.X-CUBE-AZRTOS-H7.3.2.0
2024-10-03 20:58:24,148 [WARN] PackLoader:242 - Cannot read IP mode file for Infineon.AIROC-Wi-Fi-Bluetooth-STM32.1.6.0
2024-10-03 20:58:24,246 [WARN] PackLoader:242 - Cannot read IP mode file for wolfSSL.I-CUBE-wolfSSH.1.4.17
2024-10-03 20:58:24,247 [INFO] ThirdParty:929 - Integrity check success = true
2024-10-03 20:58:24,247 [INFO] IntegrityCheckThread:98 - exiting critical section [integrity check]
2024-10-03 20:58:24,252 [INFO] IntegrityCheckThread:101 - End integrity checks thread
2024-10-03 20:58:24,294 [INFO] ThirdParty:829 - entering critical section [close project]
2024-10-03 20:58:24,316 [INFO] ThirdParty:839 - exiting critical section [close project]
2024-10-03 20:58:24,483 [INFO] PinOutPanel:1468 - setPackage(No Configuration,No Configuration)
2024-10-03 20:58:24,558 [INFO] UtilMem:74 - Begin LoadConfig() Used Memory: 593873160 Bytes (600834048)
2024-10-03 20:58:24,562 [INFO] MicroXplorer:451 - Change Database Path : 
2024-10-03 20:58:24,564 [INFO] MicroXplorer:481 - Change Database Version : DB.6.0.60
2024-10-03 20:58:24,564 [INFO] OpenFileManager:307 - Change cursor
2024-10-03 20:58:24,891 [INFO] Mcu:1922 - Initializing MCU STM32F103C(4-6)Tx STM32F103C6Tx STM32F103C6T6A
2024-10-03 20:58:26,983 [INFO] Context:654 - Trying to add GPIOservice into a context  which must be forbidden
2024-10-03 20:58:27,801 [WARN] ApiManager:308 - Cannot register API 'Board Extension:NFC09A1' from pack STMicroelectronics.X-CUBE-NFC9.1.0.0: no header file found
2024-10-03 20:58:27,808 [WARN] ApiManager:308 - Cannot register API 'Board Extension:GNSS1A1' from pack STMicroelectronics.X-CUBE-GNSS1.6.0.0: no header file found
2024-10-03 20:58:27,808 [WARN] ApiManager:308 - Cannot register API 'Board Support:Custom' from pack STMicroelectronics.X-CUBE-GNSS1.6.0.0: no header file found
2024-10-03 20:58:27,808 [WARN] ApiManager:308 - Cannot register API 'Data Exchange:lib_gnss' from pack STMicroelectronics.X-CUBE-GNSS1.6.0.0: no header file found
2024-10-03 20:58:27,822 [WARN] ApiManager:308 - Cannot register API 'Board Extension:GNSS1A1' from pack STMicroelectronics.X-CUBE-GNSS1.7.0.0: no header file found
2024-10-03 20:58:27,822 [WARN] ApiManager:308 - Cannot register API 'Board Support:Custom' from pack STMicroelectronics.X-CUBE-GNSS1.7.0.0: no header file found
2024-10-03 20:58:27,822 [WARN] ApiManager:308 - Cannot register API 'Data Exchange:lib_gnss' from pack STMicroelectronics.X-CUBE-GNSS1.7.0.0: no header file found
2024-10-03 20:58:27,841 [WARN] ApiManager:308 - Cannot register API 'Board Extension:NFC06A1' from pack STMicroelectronics.X-CUBE-NFC6.3.1.0: no header file found
2024-10-03 20:58:27,841 [WARN] ApiManager:308 - Cannot register API 'Board Extension:NFC08A1' from pack STMicroelectronics.X-CUBE-NFC6.3.1.0: no header file found
2024-10-03 20:58:28,375 [WARN] ApiManager:308 - Cannot register API 'Board Extension:IKS01A3' from pack STMicroelectronics.X-CUBE-MEMS1.11.0.0: no header file found
2024-10-03 20:58:28,375 [WARN] ApiManager:308 - Cannot register API 'Board Extension:IKS02A1' from pack STMicroelectronics.X-CUBE-MEMS1.11.0.0: no header file found
2024-10-03 20:58:28,375 [WARN] ApiManager:308 - Cannot register API 'Board Extension:IKS4A1' from pack STMicroelectronics.X-CUBE-MEMS1.11.0.0: no header file found
2024-10-03 20:58:28,471 [INFO] RtosManager:488 - Registered RTOS mode: class=CMSIS, group=RTOS, mode=CMSIS_V1, owner=FREERTOS
2024-10-03 20:58:28,472 [INFO] RtosManager:488 - Registered RTOS mode: class=CMSIS, group=RTOS2, mode=CMSIS_V2, owner=FREERTOS
2024-10-03 20:58:28,472 [INFO] RtosManager:488 - Registered RTOS mode: class=RTOS, group=Core, mode=CMSIS_V1, owner=FREERTOS
2024-10-03 20:58:28,472 [INFO] RtosManager:488 - Registered RTOS mode: class=RTOS, group=Core, mode=CMSIS_V2, owner=FREERTOS
2024-10-03 20:58:28,473 [WARN] ModelIntegratedComponent:185 - Missing modes for component STMicroelectronics:FreeRTOS:0.0.1:STMicroelectronics:RTOS:FreeRTOS:Core:::10.2.0:
2024-10-03 20:58:28,477 [WARN] ApiManager:308 - Cannot register API 'Board Extension:STSAFEA1' from pack STMicroelectronics.X-CUBE-SAFEA1.1.2.2: no header file found
2024-10-03 20:58:28,477 [WARN] ApiManager:308 - Cannot register API 'Board Part:STSAFEA110' from pack STMicroelectronics.X-CUBE-SAFEA1.1.2.2: no header file found
2024-10-03 20:58:28,477 [WARN] ApiManager:308 - Cannot register API 'Security:ST_Cryptolib' from pack STMicroelectronics.X-CUBE-SAFEA1.1.2.2: no header file found
2024-10-03 20:58:28,477 [WARN] ApiManager:308 - Cannot register API 'Security:MbedTLS' from pack STMicroelectronics.X-CUBE-SAFEA1.1.2.2: no header file found
2024-10-03 20:58:28,480 [WARN] ApiManager:308 - Cannot register API 'Board Extension:NFC04A1' from pack STMicroelectronics.X-CUBE-NFC4.3.0.0: no header file found
2024-10-03 20:58:28,490 [WARN] ApiManager:308 - Cannot register API 'Board Extension:S2868A1' from pack STMicroelectronics.X-CUBE-SUBG2.5.0.0: no header file found
2024-10-03 20:58:28,491 [WARN] ApiManager:308 - Cannot register API 'Board Extension:S2868A2' from pack STMicroelectronics.X-CUBE-SUBG2.5.0.0: no header file found
2024-10-03 20:58:28,491 [WARN] ApiManager:308 - Cannot register API 'Board Extension:S2915A1' from pack STMicroelectronics.X-CUBE-SUBG2.5.0.0: no header file found
2024-10-03 20:58:28,672 [WARN] ApiManager:308 - Cannot register API 'Wireless:BlueNRG-MS' from pack STMicroelectronics.X-CUBE-BLE1.7.0.0: no header file found
2024-10-03 20:58:28,686 [WARN] ApiManager:308 - Cannot register API 'Board Extension:NFC10A1' from pack STMicroelectronics.X-CUBE-NFC10.1.0.0: no header file found
2024-10-03 20:58:28,688 [WARN] ApiManager:308 - Cannot register API 'Board Extension:EEPRMA2' from pack STMicroelectronics.X-CUBE-EEPRMA1.5.1.0: no header file found
2024-10-03 20:58:28,688 [WARN] ApiManager:308 - Cannot register API 'Board Extension:PGEEZ1' from pack STMicroelectronics.X-CUBE-EEPRMA1.5.1.0: no header file found
2024-10-03 20:58:28,688 [WARN] ApiManager:308 - Cannot register API 'Board Extension:EEICA1' from pack STMicroelectronics.X-CUBE-EEPRMA1.5.1.0: no header file found
2024-10-03 20:58:28,688 [WARN] ApiManager:308 - Cannot register API 'Board Part:M24' from pack STMicroelectronics.X-CUBE-EEPRMA1.5.1.0: no header file found
2024-10-03 20:58:28,688 [WARN] ApiManager:308 - Cannot register API 'Board Part:M95' from pack STMicroelectronics.X-CUBE-EEPRMA1.5.1.0: no header file found
2024-10-03 20:58:28,688 [WARN] ApiManager:308 - Cannot register API 'Board Part:M95P32' from pack STMicroelectronics.X-CUBE-EEPRMA1.5.1.0: no header file found
2024-10-03 20:58:28,688 [WARN] ApiManager:308 - Cannot register API 'Board Part:M24256E-F' from pack STMicroelectronics.X-CUBE-EEPRMA1.5.1.0: no header file found
2024-10-03 20:58:28,689 [WARN] ApiManager:308 - Cannot register API 'Board Part:M24M01E-F' from pack STMicroelectronics.X-CUBE-EEPRMA1.5.1.0: no header file found
2024-10-03 20:58:28,689 [WARN] ApiManager:308 - Cannot register API 'PGEEZ1:SPI' from pack STMicroelectronics.X-CUBE-EEPRMA1.5.1.0: no header file found
2024-10-03 20:58:28,689 [WARN] ApiManager:308 - Cannot register API 'PGEEZ1:QDSPI' from pack STMicroelectronics.X-CUBE-EEPRMA1.5.1.0: no header file found
2024-10-03 20:58:28,691 [WARN] ModelIntegratedComponent:64 - No mode defined for component null
2024-10-03 20:58:28,692 [WARN] ModelIntegratedComponent:64 - No mode defined for component null
2024-10-03 20:58:28,692 [WARN] ModelIntegratedComponent:64 - No mode defined for component null
2024-10-03 20:58:28,693 [WARN] ModelIntegratedComponent:64 - No mode defined for component null
2024-10-03 20:58:28,693 [WARN] ModelIntegratedComponent:64 - No mode defined for component null
2024-10-03 20:58:28,693 [WARN] ModelIntegratedComponent:64 - No mode defined for component null
2024-10-03 20:58:28,693 [WARN] ModelIntegratedComponent:64 - No mode defined for component null
2024-10-03 20:58:28,693 [WARN] ModelIntegratedComponent:64 - No mode defined for component null
2024-10-03 20:58:28,693 [WARN] ModelIntegratedComponent:64 - No mode defined for component null
2024-10-03 20:58:28,693 [WARN] ModelIntegratedComponent:64 - No mode defined for component null
2024-10-03 20:58:28,694 [WARN] ModelIntegratedComponent:64 - No mode defined for component null
2024-10-03 20:58:28,694 [WARN] ModelIntegratedComponent:64 - No mode defined for component null
2024-10-03 20:58:28,701 [WARN] ModelIntegratedComponent:64 - No mode defined for component null
2024-10-03 20:58:28,701 [WARN] ModelIntegratedComponent:64 - No mode defined for component null
2024-10-03 20:58:28,701 [WARN] ModelIntegratedComponent:64 - No mode defined for component null
2024-10-03 20:58:28,701 [WARN] ModelIntegratedComponent:64 - No mode defined for component null
2024-10-03 20:58:28,701 [WARN] ModelIntegratedComponent:64 - No mode defined for component null
2024-10-03 20:58:28,701 [WARN] ModelIntegratedComponent:64 - No mode defined for component null
2024-10-03 20:58:28,702 [WARN] ModelIntegratedComponent:64 - No mode defined for component null
2024-10-03 20:58:28,703 [WARN] ModelIntegratedComponent:64 - No mode defined for component null
2024-10-03 20:58:28,704 [WARN] ModelIntegratedComponent:64 - No mode defined for component null
2024-10-03 20:58:28,704 [WARN] ModelIntegratedComponent:64 - No mode defined for component null
2024-10-03 20:58:28,704 [WARN] ModelIntegratedComponent:64 - No mode defined for component null
2024-10-03 20:58:28,704 [WARN] ModelIntegratedComponent:64 - No mode defined for component null
2024-10-03 20:58:28,704 [WARN] ModelIntegratedComponent:64 - No mode defined for component null
2024-10-03 20:58:28,704 [WARN] ModelIntegratedComponent:64 - No mode defined for component null
2024-10-03 20:58:28,704 [WARN] ModelIntegratedComponent:64 - No mode defined for component null
2024-10-03 20:58:28,705 [WARN] ModelIntegratedComponent:64 - No mode defined for component null
2024-10-03 20:58:28,705 [WARN] ModelIntegratedComponent:64 - No mode defined for component null
2024-10-03 20:58:28,705 [WARN] ModelIntegratedComponent:64 - No mode defined for component null
2024-10-03 20:58:28,705 [WARN] ModelIntegratedComponent:64 - No mode defined for component null
2024-10-03 20:58:28,705 [WARN] ModelIntegratedComponent:64 - No mode defined for component null
2024-10-03 20:58:28,705 [WARN] ModelIntegratedComponent:64 - No mode defined for component null
2024-10-03 20:58:29,524 [WARN] ApiManager:308 - Cannot register API 'Board Extension:IKS01A3' from pack STMicroelectronics.X-CUBE-MEMS1.10.0.0: no header file found
2024-10-03 20:58:29,524 [WARN] ApiManager:308 - Cannot register API 'Board Extension:IKS02A1' from pack STMicroelectronics.X-CUBE-MEMS1.10.0.0: no header file found
2024-10-03 20:58:29,525 [WARN] ApiManager:308 - Cannot register API 'Board Extension:IKS4A1' from pack STMicroelectronics.X-CUBE-MEMS1.10.0.0: no header file found
2024-10-03 20:58:29,541 [WARN] ApiManager:308 - Cannot register API 'Board Extension:NFC07A1' from pack STMicroelectronics.X-CUBE-NFC7.1.0.1: no header file found
2024-10-03 20:58:29,617 [WARN] ApiManager:308 - Cannot register API 'Board Extension:S2868A1' from pack STMicroelectronics.X-CUBE-SFXS2LP1.4.0.0: no header file found
2024-10-03 20:58:29,618 [WARN] ApiManager:308 - Cannot register API 'Board Extension:S2868A2' from pack STMicroelectronics.X-CUBE-SFXS2LP1.4.0.0: no header file found
2024-10-03 20:58:29,618 [WARN] ApiManager:308 - Cannot register API 'Board Extension:S2915A1' from pack STMicroelectronics.X-CUBE-SFXS2LP1.4.0.0: no header file found
2024-10-03 20:58:29,619 [WARN] ApiManager:308 - Cannot register API 'Wireless:BlueNRG-2' from pack STMicroelectronics.X-CUBE-BLE2.3.3.0: no header file found
2024-10-03 20:58:29,686 [INFO] ThirdPartyModel:289 - Start build external matchings
2024-10-03 20:58:31,231 [INFO] ThirdPartyModel:302 - End build external matchings
2024-10-03 20:58:31,517 [INFO] UtilMem:74 - End LoadConfig() Used Memory: 564584936 Bytes (600834048)
2024-10-03 20:58:31,630 [INFO] ApiDb:576 - Connected to CubeFinder SQLite database (C:\Users\User\.stmcufinder\plugins\mcufinder\mcu\cube-finder-db.db)
2024-10-03 20:58:31,810 [INFO] ApiDb:663 - CubeFinder database Data Model version=2.1
2024-10-03 20:58:31,811 [INFO] ApiDb:664 - CubeFinder database Configuration version=3.0.39
2024-10-03 20:58:31,811 [INFO] ApiDb:665 - CubeFinder database generation date=2024-09-16 (1726485674)
2024-10-03 20:58:31,811 [INFO] ApiDb:666 - CubeFinder database FW Pack versions=[FP-ATR-ASTRA1_V2.0.0, FP-SNS-FLIGHT1_V5.0.2, FP-SNS-MOTENV1_V5.0.0, FP-SNS-MOTENVWB1_V1.4.0, FP-SNS-SMARTAG2_V1.2.0, FP-SNS-STBOX1_V2.0.0, STM32Cube_FW_C0_V1.2.0, STM32Cube_FW_F4_V1.28.1, STM32Cube_FW_F7_V1.17.2, STM32Cube_FW_G0_V1.6.2, STM32Cube_FW_G4_V1.6.0, STM32Cube_FW_H5_V1.3.0, STM32Cube_FW_H7RS_V1.1.0, STM32Cube_FW_H7_V1.11.2, STM32Cube_FW_L0_V1.12.2, STM32Cube_FW_L5_V1.5.1, STM32Cube_FW_U0_V1.1.0, STM32Cube_FW_U5_V1.6.0, STM32Cube_FW_WB0_V1.0.0, STM32Cube_FW_WBA_V1.4.1, STM32Cube_FW_WB_V1.20.0, STM32Cube_FW_WL_V1.3.0, X-CUBE-ALGOBUILD_V1.4.0, X-CUBE-ALS_V1.0.2, X-CUBE-AZRTOS-F4_V1.1.0, X-CUBE-AZRTOS-F7_V1.1.0, X-CUBE-AZRTOS-G0_V1.1.0, X-CUBE-AZRTOS-G4_V2.0.0, X-CUBE-AZRTOS-H7RS_V1.0.0, X-CUBE-AZRTOS-H7_V3.2.0, X-CUBE-AZRTOS-L4_V2.0.0, X-CUBE-AZRTOS-L5_V2.0.0, X-CUBE-AZRTOS-WB_V2.0.0, X-CUBE-AZRTOS-WL_V2.0.0, X-CUBE-BLE1_V7.0.0, X-CUBE-BLE2_V3.3.0, X-CUBE-BLEMGR_V3.1.0, X-CUBE-EEPRMA1_V5.1.0, X-CUBE-FREERTOS_V1.2.0, X-CUBE-GNSS1_V6.0.0, X-CUBE-MEMS1_V11.0.0, X-CUBE-NFC4_V3.0.0, X-CUBE-NFC7_V1.0.1, X-CUBE-SFXS2LP1_V4.0.0, X-CUBE-SUBG2_V5.0.0, X-CUBE-TOF1_V3.4.2]
2024-10-03 20:58:36,597 [INFO] ApiDb:239 - Found 138 in-development CPN: [B-WB1M-WPAN1, NUCLEO-C031C6, STEVAL-STWINBX1, STM320518-EVAL, STM32C0116-DK, STM32C011D6Y3TR, STM32C011D6Y6TR, STM32C011F4P3, STM32C011F4P6, STM32C011F4U3, STM32C011F4U6TR, STM32C011F6P3, STM32C011F6P6, STM32C011F6U3, STM32C011F6U6TR, STM32C011J4M3, STM32C011J4M6, STM32C011J6M3, STM32C011J6M6, STM32C0316-DK, STM32C031C4T3, STM32C031C4T6, STM32C031C4U3, STM32C031C4U6, STM32C031C6T3, STM32C031C6T6, STM32C031C6U3, STM32C031C6U6, STM32C031F4P3, STM32C031F4P6, STM32C031F6P3, STM32C031F6P6, STM32C031G4U3, STM32C031G4U6, STM32C031G6U3, STM32C031G6U6, STM32C031K4T3, STM32C031K4T6, STM32C031K4U3, STM32C031K4U6, STM32C031K6T3, STM32C031K6T6, STM32C031K6U3, STM32C031K6U6, STM32G071K8TXN, STM32G071K8UXN, STM32G081GBU6N, STM32G081KBT6N, STM32G081KBUXN, STM32G0B1CCT6N, STM32G0B1KCT6, STM32G0B1NEY6TR, STM32G0B1RCT6N, STM32G0C1CCT6, STM32G0C1CCT6N, STM32G0C1CCU6N, STM32G0C1CET6N, STM32G0C1CEU6N, STM32G0C1KCT6, STM32G0C1NEY6TR, STM32G0C1RCI6N, STM32G0C1RCT6N, STM32G0C1REI6N, STM32G0C1RET6N, STM32G0C1VCI6, STM32G0C1VEI6, STM32G471CCT6, STM32G471CCU6, STM32G471CET3, STM32G471CET6, STM32G471CEU3, STM32G471CEU6, STM32G471MCT6, STM32G471MET3, STM32G471MET6, STM32G471MEY6TR, STM32G471QCT6, STM32G471QET3, STM32G471RCT6, STM32G471RET3, STM32G471RET6, STM32G471VCH6, STM32G471VCI6, STM32G471VCT6, STM32G471VEH3, STM32G471VEH6, STM32G471VEI3, STM32G471VEI6, STM32G471VET3, STM32G471VET6, STM32G474CCT6, STM32L476VGY6PTR, STM32L4R5QGI6STR, STM32MP131AAE3, STM32MP131AAF3, STM32MP131AAG3, STM32MP131CAE3, STM32MP131CAF3, STM32MP131CAG3, STM32MP131DAE7, STM32MP131DAF7, STM32MP131DAG7, STM32MP131FAE7, STM32MP131FAF7, STM32MP131FAG7, STM32MP133AAE3, STM32MP133AAF3, STM32MP133AAG3, STM32MP133CAE3, STM32MP133CAF3, STM32MP133CAG3, STM32MP133DAE7, STM32MP133DAF7, STM32MP133DAG7, STM32MP133FAE7, STM32MP133FAF7, STM32MP133FAG7, STM32MP135AAE3, STM32MP135AAF3, STM32MP135AAG3, STM32MP135CAE3, STM32MP135CAF3, STM32MP135CAG3, STM32MP135DAE7, STM32MP135DAF7, STM32MP135DAG7, STM32MP135F-DK, STM32MP135FAE7, STM32MP135FAF7, STM32MP135FAG7, STM32U595ZJT6Q, STM32U599BJY6QTR, STM32U599NIH6Q, STM32U599NJH6Q, STM32U5A5ZJT6Q, STM32U5A9BJY6QTR, STM32U5A9NJH6Q, STM32WB1MMCH6]
2024-10-03 20:58:36,602 [INFO] DbMcus:215 - Found 4178 MCUs, 4178 are supported
2024-10-03 20:58:36,606 [INFO] ApiDb:418 - Load user favorites file C:\Users\User/.stm32cubeide/favorites.mcus.txt: 0 item(s)
2024-10-03 20:58:36,606 [INFO] ApiDb:422 - User favorites MCUs=[]
2024-10-03 20:58:36,607 [INFO] DbMcus:221 - Set 0 / 0 favorites MCUs
2024-10-03 20:58:37,374 [WARN] ThirdParty:789 - waiting for thirdparty lock release [change project]
2024-10-03 20:58:37,375 [INFO] ThirdParty:791 - entering critical section [change project]
2024-10-03 20:58:37,380 [INFO] ThirdParty:981 - CMSIS Pack Vendor :STMicroelectronics X-CUBE-AZRTOS-H7 3.3.0
2024-10-03 20:58:37,381 [INFO] ThirdParty:981 - CMSIS Pack Vendor :STMicroelectronics X-CUBE-NFC9 1.0.0
2024-10-03 20:58:37,381 [INFO] ThirdParty:981 - CMSIS Pack Vendor :STMicroelectronics X-CUBE-GNSS1 6.0.0
2024-10-03 20:58:37,383 [INFO] ThirdParty:981 - CMSIS Pack Vendor :STMicroelectronics USB_HOST 2.0.0
2024-10-03 20:58:37,383 [INFO] ThirdParty:981 - CMSIS Pack Vendor :STMicroelectronics FP-SNS-MOTENVWB1 1.4.0
2024-10-03 20:58:37,383 [INFO] ThirdParty:981 - CMSIS Pack Vendor :STMicroelectronics X-CUBE-AZRTOS-F4 1.1.0
2024-10-03 20:58:37,385 [INFO] ThirdParty:981 - CMSIS Pack Vendor :STMicroelectronics LIBJPEG 8.0.0
2024-10-03 20:58:37,385 [INFO] ThirdParty:981 - CMSIS Pack Vendor :STMicroelectronics X-CUBE-SMBUS 2.1.0
2024-10-03 20:58:37,385 [INFO] ThirdParty:981 - CMSIS Pack Vendor :STMicroelectronics USB_DEVICE 3.0.0
2024-10-03 20:58:37,421 [INFO] ThirdParty:981 - CMSIS Pack Vendor :STMicroelectronics X-CUBE-TCPP 4.1.0
2024-10-03 20:58:37,421 [INFO] ThirdParty:981 - CMSIS Pack Vendor :STMicroelectronics X-CUBE-ISPU 2.1.0
2024-10-03 20:58:37,435 [INFO] ThirdParty:981 - CMSIS Pack Vendor :STMicroelectronics X-CUBE-FREERTOS 1.2.0
2024-10-03 20:58:37,440 [INFO] ThirdParty:981 - CMSIS Pack Vendor :STMicroelectronics X-CUBE-AZRTOS-WB 2.0.0
2024-10-03 20:58:37,441 [INFO] ThirdParty:981 - CMSIS Pack Vendor :STMicroelectronics X-CUBE-GNSS1 7.0.0
2024-10-03 20:58:37,441 [INFO] ThirdParty:981 - CMSIS Pack Vendor :STMicroelectronics X-CUBE-TOUCHGFX 4.23.2
2024-10-03 20:58:37,442 [INFO] ThirdParty:981 - CMSIS Pack Vendor :STMicroelectronics X-CUBE-AZRTOS-F7 1.1.0
2024-10-03 20:58:37,446 [INFO] ThirdParty:981 - CMSIS Pack Vendor :STMicroelectronics X-CUBE-AZRTOS-L5 2.0.0
2024-10-03 20:58:37,453 [INFO] ThirdParty:981 - CMSIS Pack Vendor :STMicroelectronics USB_DEVICE 2.0.0
2024-10-03 20:58:37,453 [INFO] ThirdParty:981 - CMSIS Pack Vendor :STMicroelectronics X-CUBE-NFC6 3.1.0
2024-10-03 20:58:37,453 [INFO] ThirdParty:981 - CMSIS Pack Vendor :STMicroelectronics X-CUBE-ALGOBUILD 1.3.0
2024-10-03 20:58:37,453 [INFO] ThirdParty:981 - CMSIS Pack Vendor :STMicroelectronics X-CUBE-MEMS1 11.0.0
2024-10-03 20:58:37,454 [INFO] ThirdParty:981 - CMSIS Pack Vendor :STMicroelectronics FreeRTOS 0.0.1
2024-10-03 20:58:37,454 [INFO] ThirdParty:981 - CMSIS Pack Vendor :STMicroelectronics X-CUBE-AZRTOS-G0 1.1.0
2024-10-03 20:58:37,454 [INFO] ThirdParty:981 - CMSIS Pack Vendor :STMicroelectronics X-CUBE-SAFEA1 1.2.2
2024-10-03 20:58:37,465 [INFO] ThirdParty:981 - CMSIS Pack Vendor :STMicroelectronics X-CUBE-NFC4 3.0.0
2024-10-03 20:58:37,466 [INFO] ThirdParty:981 - CMSIS Pack Vendor :STMicroelectronics X-CUBE-SUBG2 5.0.0
2024-10-03 20:58:37,467 [INFO] ThirdParty:981 - CMSIS Pack Vendor :STMicroelectronics STM32_WPAN 1.0.0
2024-10-03 20:58:37,467 [INFO] ThirdParty:981 - CMSIS Pack Vendor :wolfSSL I-CUBE-wolfMQTT 1.18.0
2024-10-03 20:58:37,467 [INFO] ThirdParty:981 - CMSIS Pack Vendor :STMicroelectronics lwIP 2.0.3
2024-10-03 20:58:37,468 [INFO] ThirdParty:981 - CMSIS Pack Vendor :STMicroelectronics FP-SNS-FLIGHT1 5.0.2
2024-10-03 20:58:37,468 [INFO] ThirdParty:981 - CMSIS Pack Vendor :STMicroelectronics USB_HOST 1.0.0
2024-10-03 20:58:37,468 [INFO] ThirdParty:981 - CMSIS Pack Vendor :STMicroelectronics X-CUBE-AI 9.0.0
2024-10-03 20:58:37,468 [INFO] ThirdParty:981 - CMSIS Pack Vendor :STMicroelectronics X-CUBE-AZRTOS-G4 2.0.0
2024-10-03 20:58:37,469 [INFO] ThirdParty:981 - CMSIS Pack Vendor :STMicroelectronics PDM2PCM 3.1.0
2024-10-03 20:58:37,469 [INFO] ThirdParty:981 - CMSIS Pack Vendor :STMicroelectronics PDM2PCM 3.3.0
2024-10-03 20:58:37,470 [INFO] ThirdParty:981 - CMSIS Pack Vendor :STMicroelectronics X-CUBE-DISPLAY 3.0.0
2024-10-03 20:58:37,470 [INFO] ThirdParty:981 - CMSIS Pack Vendor :wolfSSL I-CUBE-wolfSSL 5.7.0
2024-10-03 20:58:37,470 [INFO] ThirdParty:981 - CMSIS Pack Vendor :STMicroelectronics X-CUBE-BLE1 7.0.0
2024-10-03 20:58:37,471 [INFO] ThirdParty:981 - CMSIS Pack Vendor :STMicroelectronics FP-ATR-SIGFOX1 3.2.0
2024-10-03 20:58:37,471 [INFO] ThirdParty:981 - CMSIS Pack Vendor :STMicroelectronics X-CUBE-NFC10 1.0.0
2024-10-03 20:58:37,471 [INFO] ThirdParty:981 - CMSIS Pack Vendor :STMicroelectronics X-CUBE-ISPU 2.0.0
2024-10-03 20:58:37,471 [INFO] ThirdParty:981 - CMSIS Pack Vendor :STMicroelectronics X-CUBE-EEPRMA1 5.1.0
2024-10-03 20:58:37,472 [INFO] ThirdParty:981 - CMSIS Pack Vendor :STMicroelectronics HAL Drivers 0.0.0
2024-10-03 20:58:37,472 [INFO] ThirdParty:981 - CMSIS Pack Vendor :STMicroelectronics MBEDTLS 2.16.2
2024-10-03 20:58:37,472 [INFO] ThirdParty:981 - CMSIS Pack Vendor :STMicroelectronics X-CUBE-ALS 1.0.2
2024-10-03 20:58:37,472 [INFO] ThirdParty:981 - CMSIS Pack Vendor :emotas I-CUBE-CANOPEN 1.3.0
2024-10-03 20:58:37,472 [INFO] ThirdParty:981 - CMSIS Pack Vendor :STMicroelectronics X-CUBE-MEMS1 10.0.0
2024-10-03 20:58:37,473 [INFO] ThirdParty:981 - CMSIS Pack Vendor :STMicroelectronics X-CUBE-NFC7 1.0.1
2024-10-03 20:58:37,474 [INFO] ThirdParty:981 - CMSIS Pack Vendor :STMicroelectronics MBEDTLS 2.14.1
2024-10-03 20:58:37,474 [INFO] ThirdParty:981 - CMSIS Pack Vendor :STMicroelectronics X-CUBE-TOUCHGFX 4.24.0
2024-10-03 20:58:37,475 [INFO] ThirdParty:981 - CMSIS Pack Vendor :ITTIA_DB I-CUBE-ITTIADB 8.9.0
2024-10-03 20:58:37,475 [INFO] ThirdParty:981 - CMSIS Pack Vendor :wolfSSL I-CUBE-wolfTPM 3.2.0
2024-10-03 20:58:37,475 [INFO] ThirdParty:981 - CMSIS Pack Vendor :STMicroelectronics X-CUBE-TOUCHGFX 4.24.1
2024-10-03 20:58:37,475 [INFO] ThirdParty:981 - CMSIS Pack Vendor :portGmbH I-Cube-SoM-uGOAL 1.1.0
2024-10-03 20:58:37,475 [INFO] ThirdParty:981 - CMSIS Pack Vendor :STMicroelectronics X-CUBE-ALS 1.0.1
2024-10-03 20:58:37,476 [INFO] ThirdParty:981 - CMSIS Pack Vendor :STMicroelectronics X-CUBE-BLEMGR 3.1.0
2024-10-03 20:58:37,478 [INFO] ThirdParty:981 - CMSIS Pack Vendor :STMicroelectronics ThreadX 1.0.0
2024-10-03 20:58:37,479 [INFO] ThirdParty:981 - CMSIS Pack Vendor :STMicroelectronics FP-SNS-SMARTAG2 1.2.0
2024-10-03 20:58:37,480 [INFO] ThirdParty:981 - CMSIS Pack Vendor :STMicroelectronics X-CUBE-AZRTOS-WL 2.0.0
2024-10-03 20:58:37,481 [INFO] ThirdParty:981 - CMSIS Pack Vendor :SEGGER I-CUBE-embOS 1.3.1
2024-10-03 20:58:37,483 [INFO] ThirdParty:981 - CMSIS Pack Vendor :STMicroelectronics X-CUBE-ALGOBUILD 1.4.0
2024-10-03 20:58:37,483 [INFO] ThirdParty:981 - CMSIS Pack Vendor :STMicroelectronics FP-SNS-MOTENV1 5.0.0
2024-10-03 20:58:37,483 [INFO] ThirdParty:981 - CMSIS Pack Vendor :STMicroelectronics USB_DEVICE 1.0.0
2024-10-03 20:58:37,483 [INFO] ThirdParty:981 - CMSIS Pack Vendor :STMicroelectronics X-CUBE-AZRTOS-H7RS 1.0.0
2024-10-03 20:58:37,483 [INFO] ThirdParty:981 - CMSIS Pack Vendor :wolfSSL I-CUBE-wolfMQTT 1.19.0
2024-10-03 20:58:37,483 [INFO] ThirdParty:981 - CMSIS Pack Vendor :STMicroelectronics X-CUBE-AZRTOS-L4 2.0.0
2024-10-03 20:58:37,483 [INFO] ThirdParty:981 - CMSIS Pack Vendor :STMicroelectronics ThreadX 0.0.2
2024-10-03 20:58:37,483 [INFO] ThirdParty:981 - CMSIS Pack Vendor :WES I-CUBE-Cesium 1.3.0
2024-10-03 20:58:37,484 [INFO] ThirdParty:981 - CMSIS Pack Vendor :STMicroelectronics FP-ATR-ASTRA1 2.0.0
2024-10-03 20:58:37,484 [INFO] ThirdParty:981 - CMSIS Pack Vendor :STMicroelectronics lwIP 2.1.2
2024-10-03 20:58:37,484 [INFO] ThirdParty:981 - CMSIS Pack Vendor :STMicroelectronics X-CUBE-SFXS2LP1 4.0.0
2024-10-03 20:58:37,484 [INFO] ThirdParty:981 - CMSIS Pack Vendor :STMicroelectronics X-CUBE-BLE2 3.3.0
2024-10-03 20:58:37,484 [INFO] ThirdParty:981 - CMSIS Pack Vendor :STMicroelectronics X-CUBE-TOF1 3.4.1
2024-10-03 20:58:37,485 [INFO] ThirdParty:981 - CMSIS Pack Vendor :STMicroelectronics X-CUBE-AZRTOS-H7 3.2.0
2024-10-03 20:58:37,485 [INFO] ThirdParty:981 - CMSIS Pack Vendor :Infineon AIROC-Wi-Fi-Bluetooth-STM32 1.6.0
2024-10-03 20:58:37,485 [INFO] ThirdParty:981 - CMSIS Pack Vendor :STMicroelectronics PDM2PCM 3.2.0
2024-10-03 20:58:37,485 [INFO] ThirdParty:981 - CMSIS Pack Vendor :wolfSSL I-CUBE-wolfSSH 1.4.17
2024-10-03 20:58:37,485 [INFO] ThirdParty:797 - exiting critical section [change project]
2024-10-03 20:58:39,160 [INFO] PinOutPanel:1468 - setPackage(No Configuration,No Configuration)
2024-10-03 20:58:39,162 [INFO] PinOutPanel:1468 - setPackage(STM32F103C6Tx,LQFP48)
2024-10-03 20:58:42,486 [INFO] UtilMem:74 - Before build in PCC Used Memory: 591486360 Bytes (605028352)
2024-10-03 20:58:46,619 [INFO] UtilMem:74 - After build in PCC Used Memory: 591998424 Bytes (618659840)
2024-10-03 20:58:46,755 [INFO] IPUIPlugin:79 - create IPUIPlugin
2024-10-03 20:58:46,755 [INFO] IPUIPlugin:79 - create IPUIPlugin
2024-10-03 20:58:46,755 [INFO] IPUIPlugin:79 - create IPUIPlugin
2024-10-03 20:58:46,756 [INFO] IPUIPlugin:79 - create IPUIPlugin
2024-10-03 20:58:46,756 [INFO] IPUIPlugin:79 - create IPUIPlugin
2024-10-03 20:58:46,756 [INFO] IPUIPlugin:79 - create IPUIPlugin
2024-10-03 20:58:46,756 [INFO] IPUIPlugin:79 - create IPUIPlugin
2024-10-03 20:58:46,758 [INFO] IPUIPlugin:79 - create IPUIPlugin
2024-10-03 20:58:46,758 [INFO] IPUIPlugin:79 - create IPUIPlugin
2024-10-03 20:58:46,760 [INFO] IPUIPlugin:79 - create IPUIPlugin
2024-10-03 20:58:46,760 [INFO] IPUIPlugin:79 - create IPUIPlugin
2024-10-03 20:58:46,760 [INFO] IPUIPlugin:79 - create IPUIPlugin
2024-10-03 20:58:46,761 [INFO] IPUIPlugin:79 - create IPUIPlugin
2024-10-03 20:58:46,763 [INFO] IPUIPlugin:79 - create IPUIPlugin
2024-10-03 20:58:46,764 [INFO] IPUIPlugin:79 - create IPUIPlugin
2024-10-03 20:58:46,764 [INFO] IPUIPlugin:79 - create IPUIPlugin
2024-10-03 20:58:46,764 [INFO] IPUIPlugin:79 - create IPUIPlugin
2024-10-03 20:58:46,765 [INFO] IPUIPlugin:79 - create IPUIPlugin
2024-10-03 20:58:46,766 [INFO] IPUIPlugin:79 - create IPUIPlugin
2024-10-03 20:58:46,770 [INFO] IPUIPlugin:79 - create IPUIPlugin
2024-10-03 20:58:46,776 [INFO] IPUIPlugin:79 - create IPUIPlugin
2024-10-03 20:58:46,778 [INFO] IPUIPlugin:79 - create IPUIPlugin
2024-10-03 20:58:46,814 [INFO] IPUIPlugin:79 - create IPUIPlugin
2024-10-03 20:58:47,700 [INFO] OpenFileManager:327 - Restore cursor
2024-10-03 21:12:07,193 [INFO] MainUpdater:2768 - connection check result : 10
2024-10-03 21:12:07,194 [INFO] MainUpdater:2768 - connection check result : 10
2024-10-03 21:12:07,217 [INFO] MicroXplorer:451 - Change Database Path : 
2024-10-03 21:12:07,218 [INFO] MicroXplorer:481 - Change Database Version : DB.6.0.60
2024-10-03 21:12:07,252 [WARN] ThirdParty:827 - waiting for thirdparty lock release [close project]
2024-10-03 21:12:07,252 [INFO] ThirdParty:829 - entering critical section [close project]
2024-10-03 21:12:07,252 [INFO] ThirdParty:839 - exiting critical section [close project]
2024-10-03 21:12:07,253 [INFO] PinOutPanel:1468 - setPackage(No Configuration,No Configuration)
2024-10-03 21:12:07,268 [INFO] UtilMem:74 - Begin LoadConfig() Used Memory: 600440992 Bytes (625999872)
2024-10-03 21:12:07,269 [INFO] MicroXplorer:451 - Change Database Path : 
2024-10-03 21:12:07,269 [INFO] MicroXplorer:481 - Change Database Version : DB.6.0.60
2024-10-03 21:12:07,269 [INFO] OpenFileManager:307 - Change cursor
2024-10-03 21:12:07,296 [INFO] Mcu:1922 - Initializing MCU STM32F103C(4-6)Tx STM32F103C6Tx STM32F103C6T6A
2024-10-03 21:12:08,533 [INFO] Context:654 - Trying to add GPIOservice into a context  which must be forbidden
2024-10-03 21:12:08,833 [WARN] ApiManager:308 - Cannot register API 'Board Extension:NFC09A1' from pack STMicroelectronics.X-CUBE-NFC9.1.0.0: no header file found
2024-10-03 21:12:08,834 [WARN] ApiManager:308 - Cannot register API 'Board Extension:GNSS1A1' from pack STMicroelectronics.X-CUBE-GNSS1.6.0.0: no header file found
2024-10-03 21:12:08,834 [WARN] ApiManager:308 - Cannot register API 'Board Support:Custom' from pack STMicroelectronics.X-CUBE-GNSS1.6.0.0: no header file found
2024-10-03 21:12:08,834 [WARN] ApiManager:308 - Cannot register API 'Data Exchange:lib_gnss' from pack STMicroelectronics.X-CUBE-GNSS1.6.0.0: no header file found
2024-10-03 21:12:08,840 [WARN] ApiManager:308 - Cannot register API 'Board Extension:GNSS1A1' from pack STMicroelectronics.X-CUBE-GNSS1.7.0.0: no header file found
2024-10-03 21:12:08,840 [WARN] ApiManager:308 - Cannot register API 'Board Support:Custom' from pack STMicroelectronics.X-CUBE-GNSS1.7.0.0: no header file found
2024-10-03 21:12:08,840 [WARN] ApiManager:308 - Cannot register API 'Data Exchange:lib_gnss' from pack STMicroelectronics.X-CUBE-GNSS1.7.0.0: no header file found
2024-10-03 21:12:08,843 [WARN] ApiManager:308 - Cannot register API 'Board Extension:NFC06A1' from pack STMicroelectronics.X-CUBE-NFC6.3.1.0: no header file found
2024-10-03 21:12:08,844 [WARN] ApiManager:308 - Cannot register API 'Board Extension:NFC08A1' from pack STMicroelectronics.X-CUBE-NFC6.3.1.0: no header file found
2024-10-03 21:12:08,979 [WARN] ApiManager:308 - Cannot register API 'Board Extension:IKS01A3' from pack STMicroelectronics.X-CUBE-MEMS1.11.0.0: no header file found
2024-10-03 21:12:08,979 [WARN] ApiManager:308 - Cannot register API 'Board Extension:IKS02A1' from pack STMicroelectronics.X-CUBE-MEMS1.11.0.0: no header file found
2024-10-03 21:12:08,979 [WARN] ApiManager:308 - Cannot register API 'Board Extension:IKS4A1' from pack STMicroelectronics.X-CUBE-MEMS1.11.0.0: no header file found
2024-10-03 21:12:08,986 [INFO] RtosManager:488 - Registered RTOS mode: class=CMSIS, group=RTOS, mode=CMSIS_V1, owner=FREERTOS
2024-10-03 21:12:08,986 [INFO] RtosManager:488 - Registered RTOS mode: class=CMSIS, group=RTOS2, mode=CMSIS_V2, owner=FREERTOS
2024-10-03 21:12:08,986 [INFO] RtosManager:488 - Registered RTOS mode: class=RTOS, group=Core, mode=CMSIS_V1, owner=FREERTOS
2024-10-03 21:12:08,987 [INFO] RtosManager:488 - Registered RTOS mode: class=RTOS, group=Core, mode=CMSIS_V2, owner=FREERTOS
2024-10-03 21:12:08,987 [WARN] ModelIntegratedComponent:185 - Missing modes for component STMicroelectronics:FreeRTOS:0.0.1:STMicroelectronics:RTOS:FreeRTOS:Core:::10.2.0:
2024-10-03 21:12:08,989 [WARN] ApiManager:308 - Cannot register API 'Board Extension:STSAFEA1' from pack STMicroelectronics.X-CUBE-SAFEA1.1.2.2: no header file found
2024-10-03 21:12:08,989 [WARN] ApiManager:308 - Cannot register API 'Board Part:STSAFEA110' from pack STMicroelectronics.X-CUBE-SAFEA1.1.2.2: no header file found
2024-10-03 21:12:08,990 [WARN] ApiManager:308 - Cannot register API 'Security:ST_Cryptolib' from pack STMicroelectronics.X-CUBE-SAFEA1.1.2.2: no header file found
2024-10-03 21:12:08,990 [WARN] ApiManager:308 - Cannot register API 'Security:MbedTLS' from pack STMicroelectronics.X-CUBE-SAFEA1.1.2.2: no header file found
2024-10-03 21:12:08,991 [WARN] ApiManager:308 - Cannot register API 'Board Extension:NFC04A1' from pack STMicroelectronics.X-CUBE-NFC4.3.0.0: no header file found
2024-10-03 21:12:08,994 [WARN] ApiManager:308 - Cannot register API 'Board Extension:S2868A1' from pack STMicroelectronics.X-CUBE-SUBG2.5.0.0: no header file found
2024-10-03 21:12:08,994 [WARN] ApiManager:308 - Cannot register API 'Board Extension:S2868A2' from pack STMicroelectronics.X-CUBE-SUBG2.5.0.0: no header file found
2024-10-03 21:12:08,994 [WARN] ApiManager:308 - Cannot register API 'Board Extension:S2915A1' from pack STMicroelectronics.X-CUBE-SUBG2.5.0.0: no header file found
2024-10-03 21:12:08,999 [WARN] ApiManager:308 - Cannot register API 'Wireless:BlueNRG-MS' from pack STMicroelectronics.X-CUBE-BLE1.7.0.0: no header file found
2024-10-03 21:12:09,000 [WARN] ApiManager:308 - Cannot register API 'Board Extension:NFC10A1' from pack STMicroelectronics.X-CUBE-NFC10.1.0.0: no header file found
2024-10-03 21:12:09,001 [WARN] ApiManager:308 - Cannot register API 'Board Extension:EEPRMA2' from pack STMicroelectronics.X-CUBE-EEPRMA1.5.1.0: no header file found
2024-10-03 21:12:09,001 [WARN] ApiManager:308 - Cannot register API 'Board Extension:PGEEZ1' from pack STMicroelectronics.X-CUBE-EEPRMA1.5.1.0: no header file found
2024-10-03 21:12:09,002 [WARN] ApiManager:308 - Cannot register API 'Board Extension:EEICA1' from pack STMicroelectronics.X-CUBE-EEPRMA1.5.1.0: no header file found
2024-10-03 21:12:09,002 [WARN] ApiManager:308 - Cannot register API 'Board Part:M24' from pack STMicroelectronics.X-CUBE-EEPRMA1.5.1.0: no header file found
2024-10-03 21:12:09,002 [WARN] ApiManager:308 - Cannot register API 'Board Part:M95' from pack STMicroelectronics.X-CUBE-EEPRMA1.5.1.0: no header file found
2024-10-03 21:12:09,002 [WARN] ApiManager:308 - Cannot register API 'Board Part:M95P32' from pack STMicroelectronics.X-CUBE-EEPRMA1.5.1.0: no header file found
2024-10-03 21:12:09,002 [WARN] ApiManager:308 - Cannot register API 'Board Part:M24256E-F' from pack STMicroelectronics.X-CUBE-EEPRMA1.5.1.0: no header file found
2024-10-03 21:12:09,002 [WARN] ApiManager:308 - Cannot register API 'Board Part:M24M01E-F' from pack STMicroelectronics.X-CUBE-EEPRMA1.5.1.0: no header file found
2024-10-03 21:12:09,002 [WARN] ApiManager:308 - Cannot register API 'PGEEZ1:SPI' from pack STMicroelectronics.X-CUBE-EEPRMA1.5.1.0: no header file found
2024-10-03 21:12:09,003 [WARN] ApiManager:308 - Cannot register API 'PGEEZ1:QDSPI' from pack STMicroelectronics.X-CUBE-EEPRMA1.5.1.0: no header file found
2024-10-03 21:12:09,003 [WARN] ModelIntegratedComponent:64 - No mode defined for component null
2024-10-03 21:12:09,003 [WARN] ModelIntegratedComponent:64 - No mode defined for component null
2024-10-03 21:12:09,003 [WARN] ModelIntegratedComponent:64 - No mode defined for component null
2024-10-03 21:12:09,004 [WARN] ModelIntegratedComponent:64 - No mode defined for component null
2024-10-03 21:12:09,004 [WARN] ModelIntegratedComponent:64 - No mode defined for component null
2024-10-03 21:12:09,004 [WARN] ModelIntegratedComponent:64 - No mode defined for component null
2024-10-03 21:12:09,004 [WARN] ModelIntegratedComponent:64 - No mode defined for component null
2024-10-03 21:12:09,004 [WARN] ModelIntegratedComponent:64 - No mode defined for component null
2024-10-03 21:12:09,004 [WARN] ModelIntegratedComponent:64 - No mode defined for component null
2024-10-03 21:12:09,004 [WARN] ModelIntegratedComponent:64 - No mode defined for component null
2024-10-03 21:12:09,004 [WARN] ModelIntegratedComponent:64 - No mode defined for component null
2024-10-03 21:12:09,004 [WARN] ModelIntegratedComponent:64 - No mode defined for component null
2024-10-03 21:12:09,004 [WARN] ModelIntegratedComponent:64 - No mode defined for component null
2024-10-03 21:12:09,005 [WARN] ModelIntegratedComponent:64 - No mode defined for component null
2024-10-03 21:12:09,005 [WARN] ModelIntegratedComponent:64 - No mode defined for component null
2024-10-03 21:12:09,005 [WARN] ModelIntegratedComponent:64 - No mode defined for component null
2024-10-03 21:12:09,005 [WARN] ModelIntegratedComponent:64 - No mode defined for component null
2024-10-03 21:12:09,005 [WARN] ModelIntegratedComponent:64 - No mode defined for component null
2024-10-03 21:12:09,005 [WARN] ModelIntegratedComponent:64 - No mode defined for component null
2024-10-03 21:12:09,005 [WARN] ModelIntegratedComponent:64 - No mode defined for component null
2024-10-03 21:12:09,005 [WARN] ModelIntegratedComponent:64 - No mode defined for component null
2024-10-03 21:12:09,005 [WARN] ModelIntegratedComponent:64 - No mode defined for component null
2024-10-03 21:12:09,005 [WARN] ModelIntegratedComponent:64 - No mode defined for component null
2024-10-03 21:12:09,005 [WARN] ModelIntegratedComponent:64 - No mode defined for component null
2024-10-03 21:12:09,005 [WARN] ModelIntegratedComponent:64 - No mode defined for component null
2024-10-03 21:12:09,006 [WARN] ModelIntegratedComponent:64 - No mode defined for component null
2024-10-03 21:12:09,006 [WARN] ModelIntegratedComponent:64 - No mode defined for component null
2024-10-03 21:12:09,006 [WARN] ModelIntegratedComponent:64 - No mode defined for component null
2024-10-03 21:12:09,006 [WARN] ModelIntegratedComponent:64 - No mode defined for component null
2024-10-03 21:12:09,006 [WARN] ModelIntegratedComponent:64 - No mode defined for component null
2024-10-03 21:12:09,006 [WARN] ModelIntegratedComponent:64 - No mode defined for component null
2024-10-03 21:12:09,006 [WARN] ModelIntegratedComponent:64 - No mode defined for component null
2024-10-03 21:12:09,006 [WARN] ModelIntegratedComponent:64 - No mode defined for component null
2024-10-03 21:12:09,144 [WARN] ApiManager:308 - Cannot register API 'Board Extension:IKS01A3' from pack STMicroelectronics.X-CUBE-MEMS1.10.0.0: no header file found
2024-10-03 21:12:09,145 [WARN] ApiManager:308 - Cannot register API 'Board Extension:IKS02A1' from pack STMicroelectronics.X-CUBE-MEMS1.10.0.0: no header file found
2024-10-03 21:12:09,145 [WARN] ApiManager:308 - Cannot register API 'Board Extension:IKS4A1' from pack STMicroelectronics.X-CUBE-MEMS1.10.0.0: no header file found
2024-10-03 21:12:09,152 [WARN] ApiManager:308 - Cannot register API 'Board Extension:NFC07A1' from pack STMicroelectronics.X-CUBE-NFC7.1.0.1: no header file found
2024-10-03 21:12:09,171 [WARN] ApiManager:308 - Cannot register API 'Board Extension:S2868A1' from pack STMicroelectronics.X-CUBE-SFXS2LP1.4.0.0: no header file found
2024-10-03 21:12:09,171 [WARN] ApiManager:308 - Cannot register API 'Board Extension:S2868A2' from pack STMicroelectronics.X-CUBE-SFXS2LP1.4.0.0: no header file found
2024-10-03 21:12:09,171 [WARN] ApiManager:308 - Cannot register API 'Board Extension:S2915A1' from pack STMicroelectronics.X-CUBE-SFXS2LP1.4.0.0: no header file found
2024-10-03 21:12:09,172 [WARN] ApiManager:308 - Cannot register API 'Wireless:BlueNRG-2' from pack STMicroelectronics.X-CUBE-BLE2.3.3.0: no header file found
2024-10-03 21:12:09,192 [INFO] ThirdPartyModel:289 - Start build external matchings
2024-10-03 21:12:10,235 [INFO] ThirdPartyModel:302 - End build external matchings
2024-10-03 21:12:10,597 [INFO] UtilMem:74 - End LoadConfig() Used Memory: 598185384 Bytes (625999872)
2024-10-03 21:12:10,643 [WARN] ThirdParty:789 - waiting for thirdparty lock release [change project]
2024-10-03 21:12:10,643 [INFO] ThirdParty:791 - entering critical section [change project]
2024-10-03 21:12:10,643 [INFO] ThirdParty:981 - CMSIS Pack Vendor :STMicroelectronics X-CUBE-AZRTOS-H7 3.3.0
2024-10-03 21:12:10,643 [INFO] ThirdParty:981 - CMSIS Pack Vendor :STMicroelectronics X-CUBE-NFC9 1.0.0
2024-10-03 21:12:10,643 [INFO] ThirdParty:981 - CMSIS Pack Vendor :STMicroelectronics X-CUBE-GNSS1 6.0.0
2024-10-03 21:12:10,643 [INFO] ThirdParty:981 - CMSIS Pack Vendor :STMicroelectronics USB_HOST 2.0.0
2024-10-03 21:12:10,643 [INFO] ThirdParty:981 - CMSIS Pack Vendor :STMicroelectronics FP-SNS-MOTENVWB1 1.4.0
2024-10-03 21:12:10,644 [INFO] ThirdParty:981 - CMSIS Pack Vendor :STMicroelectronics X-CUBE-AZRTOS-F4 1.1.0
2024-10-03 21:12:10,644 [INFO] ThirdParty:981 - CMSIS Pack Vendor :STMicroelectronics LIBJPEG 8.0.0
2024-10-03 21:12:10,644 [INFO] ThirdParty:981 - CMSIS Pack Vendor :STMicroelectronics X-CUBE-SMBUS 2.1.0
2024-10-03 21:12:10,644 [INFO] ThirdParty:981 - CMSIS Pack Vendor :STMicroelectronics USB_DEVICE 3.0.0
2024-10-03 21:12:10,644 [INFO] ThirdParty:981 - CMSIS Pack Vendor :STMicroelectronics X-CUBE-TCPP 4.1.0
2024-10-03 21:12:10,644 [INFO] ThirdParty:981 - CMSIS Pack Vendor :STMicroelectronics X-CUBE-ISPU 2.1.0
2024-10-03 21:12:10,644 [INFO] ThirdParty:981 - CMSIS Pack Vendor :STMicroelectronics X-CUBE-FREERTOS 1.2.0
2024-10-03 21:12:10,645 [INFO] ThirdParty:981 - CMSIS Pack Vendor :STMicroelectronics X-CUBE-AZRTOS-WB 2.0.0
2024-10-03 21:12:10,647 [INFO] ThirdParty:981 - CMSIS Pack Vendor :STMicroelectronics X-CUBE-GNSS1 7.0.0
2024-10-03 21:12:10,647 [INFO] ThirdParty:981 - CMSIS Pack Vendor :STMicroelectronics X-CUBE-TOUCHGFX 4.23.2
2024-10-03 21:12:10,647 [INFO] ThirdParty:981 - CMSIS Pack Vendor :STMicroelectronics X-CUBE-AZRTOS-F7 1.1.0
2024-10-03 21:12:10,647 [INFO] ThirdParty:981 - CMSIS Pack Vendor :STMicroelectronics X-CUBE-AZRTOS-L5 2.0.0
2024-10-03 21:12:10,647 [INFO] ThirdParty:981 - CMSIS Pack Vendor :STMicroelectronics USB_DEVICE 2.0.0
2024-10-03 21:12:10,648 [INFO] ThirdParty:981 - CMSIS Pack Vendor :STMicroelectronics X-CUBE-NFC6 3.1.0
2024-10-03 21:12:10,648 [INFO] ThirdParty:981 - CMSIS Pack Vendor :STMicroelectronics X-CUBE-ALGOBUILD 1.3.0
2024-10-03 21:12:10,648 [INFO] ThirdParty:981 - CMSIS Pack Vendor :STMicroelectronics X-CUBE-MEMS1 11.0.0
2024-10-03 21:12:10,648 [INFO] ThirdParty:981 - CMSIS Pack Vendor :STMicroelectronics FreeRTOS 0.0.1
2024-10-03 21:12:10,648 [INFO] ThirdParty:981 - CMSIS Pack Vendor :STMicroelectronics X-CUBE-AZRTOS-G0 1.1.0
2024-10-03 21:12:10,648 [INFO] ThirdParty:981 - CMSIS Pack Vendor :STMicroelectronics X-CUBE-SAFEA1 1.2.2
2024-10-03 21:12:10,648 [INFO] ThirdParty:981 - CMSIS Pack Vendor :STMicroelectronics X-CUBE-NFC4 3.0.0
2024-10-03 21:12:10,648 [INFO] ThirdParty:981 - CMSIS Pack Vendor :STMicroelectronics X-CUBE-SUBG2 5.0.0
2024-10-03 21:12:10,649 [INFO] ThirdParty:981 - CMSIS Pack Vendor :STMicroelectronics STM32_WPAN 1.0.0
2024-10-03 21:12:10,649 [INFO] ThirdParty:981 - CMSIS Pack Vendor :wolfSSL I-CUBE-wolfMQTT 1.18.0
2024-10-03 21:12:10,649 [INFO] ThirdParty:981 - CMSIS Pack Vendor :STMicroelectronics lwIP 2.0.3
2024-10-03 21:12:10,649 [INFO] ThirdParty:981 - CMSIS Pack Vendor :STMicroelectronics FP-SNS-FLIGHT1 5.0.2
2024-10-03 21:12:10,650 [INFO] ThirdParty:981 - CMSIS Pack Vendor :STMicroelectronics USB_HOST 1.0.0
2024-10-03 21:12:10,650 [INFO] ThirdParty:981 - CMSIS Pack Vendor :STMicroelectronics X-CUBE-AI 9.0.0
2024-10-03 21:12:10,650 [INFO] ThirdParty:981 - CMSIS Pack Vendor :STMicroelectronics X-CUBE-AZRTOS-G4 2.0.0
2024-10-03 21:12:10,650 [INFO] ThirdParty:981 - CMSIS Pack Vendor :STMicroelectronics PDM2PCM 3.1.0
2024-10-03 21:12:10,652 [INFO] ThirdParty:981 - CMSIS Pack Vendor :STMicroelectronics PDM2PCM 3.3.0
2024-10-03 21:12:10,652 [INFO] ThirdParty:981 - CMSIS Pack Vendor :STMicroelectronics X-CUBE-DISPLAY 3.0.0
2024-10-03 21:12:10,652 [INFO] ThirdParty:981 - CMSIS Pack Vendor :wolfSSL I-CUBE-wolfSSL 5.7.0
2024-10-03 21:12:10,652 [INFO] ThirdParty:981 - CMSIS Pack Vendor :STMicroelectronics X-CUBE-BLE1 7.0.0
2024-10-03 21:12:10,652 [INFO] ThirdParty:981 - CMSIS Pack Vendor :STMicroelectronics FP-ATR-SIGFOX1 3.2.0
2024-10-03 21:12:10,652 [INFO] ThirdParty:981 - CMSIS Pack Vendor :STMicroelectronics X-CUBE-NFC10 1.0.0
2024-10-03 21:12:10,652 [INFO] ThirdParty:981 - CMSIS Pack Vendor :STMicroelectronics X-CUBE-ISPU 2.0.0
2024-10-03 21:12:10,653 [INFO] ThirdParty:981 - CMSIS Pack Vendor :STMicroelectronics X-CUBE-EEPRMA1 5.1.0
2024-10-03 21:12:10,653 [INFO] ThirdParty:981 - CMSIS Pack Vendor :STMicroelectronics HAL Drivers 0.0.0
2024-10-03 21:12:10,653 [INFO] ThirdParty:981 - CMSIS Pack Vendor :STMicroelectronics MBEDTLS 2.16.2
2024-10-03 21:12:10,653 [INFO] ThirdParty:981 - CMSIS Pack Vendor :STMicroelectronics X-CUBE-ALS 1.0.2
2024-10-03 21:12:10,653 [INFO] ThirdParty:981 - CMSIS Pack Vendor :emotas I-CUBE-CANOPEN 1.3.0
2024-10-03 21:12:10,653 [INFO] ThirdParty:981 - CMSIS Pack Vendor :STMicroelectronics X-CUBE-MEMS1 10.0.0
2024-10-03 21:12:10,653 [INFO] ThirdParty:981 - CMSIS Pack Vendor :STMicroelectronics X-CUBE-NFC7 1.0.1
2024-10-03 21:12:10,653 [INFO] ThirdParty:981 - CMSIS Pack Vendor :STMicroelectronics MBEDTLS 2.14.1
2024-10-03 21:12:10,653 [INFO] ThirdParty:981 - CMSIS Pack Vendor :STMicroelectronics X-CUBE-TOUCHGFX 4.24.0
2024-10-03 21:12:10,653 [INFO] ThirdParty:981 - CMSIS Pack Vendor :ITTIA_DB I-CUBE-ITTIADB 8.9.0
2024-10-03 21:12:10,653 [INFO] ThirdParty:981 - CMSIS Pack Vendor :wolfSSL I-CUBE-wolfTPM 3.2.0
2024-10-03 21:12:10,653 [INFO] ThirdParty:981 - CMSIS Pack Vendor :STMicroelectronics X-CUBE-TOUCHGFX 4.24.1
2024-10-03 21:12:10,653 [INFO] ThirdParty:981 - CMSIS Pack Vendor :portGmbH I-Cube-SoM-uGOAL 1.1.0
2024-10-03 21:12:10,654 [INFO] ThirdParty:981 - CMSIS Pack Vendor :STMicroelectronics X-CUBE-ALS 1.0.1
2024-10-03 21:12:10,654 [INFO] ThirdParty:981 - CMSIS Pack Vendor :STMicroelectronics X-CUBE-BLEMGR 3.1.0
2024-10-03 21:12:10,654 [INFO] ThirdParty:981 - CMSIS Pack Vendor :STMicroelectronics ThreadX 1.0.0
2024-10-03 21:12:10,654 [INFO] ThirdParty:981 - CMSIS Pack Vendor :STMicroelectronics FP-SNS-SMARTAG2 1.2.0
2024-10-03 21:12:10,654 [INFO] ThirdParty:981 - CMSIS Pack Vendor :STMicroelectronics X-CUBE-AZRTOS-WL 2.0.0
2024-10-03 21:12:10,654 [INFO] ThirdParty:981 - CMSIS Pack Vendor :SEGGER I-CUBE-embOS 1.3.1
2024-10-03 21:12:10,654 [INFO] ThirdParty:981 - CMSIS Pack Vendor :STMicroelectronics X-CUBE-ALGOBUILD 1.4.0
2024-10-03 21:12:10,654 [INFO] ThirdParty:981 - CMSIS Pack Vendor :STMicroelectronics FP-SNS-MOTENV1 5.0.0
2024-10-03 21:12:10,654 [INFO] ThirdParty:981 - CMSIS Pack Vendor :STMicroelectronics USB_DEVICE 1.0.0
2024-10-03 21:12:10,655 [INFO] ThirdParty:981 - CMSIS Pack Vendor :STMicroelectronics X-CUBE-AZRTOS-H7RS 1.0.0
2024-10-03 21:12:10,655 [INFO] ThirdParty:981 - CMSIS Pack Vendor :wolfSSL I-CUBE-wolfMQTT 1.19.0
2024-10-03 21:12:10,655 [INFO] ThirdParty:981 - CMSIS Pack Vendor :STMicroelectronics X-CUBE-AZRTOS-L4 2.0.0
2024-10-03 21:12:10,655 [INFO] ThirdParty:981 - CMSIS Pack Vendor :STMicroelectronics ThreadX 0.0.2
2024-10-03 21:12:10,655 [INFO] ThirdParty:981 - CMSIS Pack Vendor :WES I-CUBE-Cesium 1.3.0
2024-10-03 21:12:10,655 [INFO] ThirdParty:981 - CMSIS Pack Vendor :STMicroelectronics FP-ATR-ASTRA1 2.0.0
2024-10-03 21:12:10,655 [INFO] ThirdParty:981 - CMSIS Pack Vendor :STMicroelectronics lwIP 2.1.2
2024-10-03 21:12:10,655 [INFO] ThirdParty:981 - CMSIS Pack Vendor :STMicroelectronics X-CUBE-SFXS2LP1 4.0.0
2024-10-03 21:12:10,655 [INFO] ThirdParty:981 - CMSIS Pack Vendor :STMicroelectronics X-CUBE-BLE2 3.3.0
2024-10-03 21:12:10,655 [INFO] ThirdParty:981 - CMSIS Pack Vendor :STMicroelectronics X-CUBE-TOF1 3.4.1
2024-10-03 21:12:10,655 [INFO] ThirdParty:981 - CMSIS Pack Vendor :STMicroelectronics X-CUBE-AZRTOS-H7 3.2.0
2024-10-03 21:12:10,656 [INFO] ThirdParty:981 - CMSIS Pack Vendor :Infineon AIROC-Wi-Fi-Bluetooth-STM32 1.6.0
2024-10-03 21:12:10,656 [INFO] ThirdParty:981 - CMSIS Pack Vendor :STMicroelectronics PDM2PCM 3.2.0
2024-10-03 21:12:10,656 [INFO] ThirdParty:981 - CMSIS Pack Vendor :wolfSSL I-CUBE-wolfSSH 1.4.17
2024-10-03 21:12:10,656 [INFO] ThirdParty:797 - exiting critical section [change project]
2024-10-03 21:12:10,893 [INFO] PinOutPanel:1468 - setPackage(No Configuration,No Configuration)
2024-10-03 21:12:10,893 [INFO] PinOutPanel:1468 - setPackage(STM32F103C6Tx,LQFP48)
2024-10-03 21:12:11,324 [INFO] UtilMem:74 - Before build in PCC Used Memory: 594075920 Bytes (630194176)
2024-10-03 21:12:11,829 [INFO] UtilMem:74 - After build in PCC Used Memory: 608468480 Bytes (630194176)
2024-10-03 21:12:11,857 [INFO] IPUIPlugin:79 - create IPUIPlugin
2024-10-03 21:12:11,857 [INFO] IPUIPlugin:79 - create IPUIPlugin
2024-10-03 21:12:11,858 [INFO] IPUIPlugin:79 - create IPUIPlugin
2024-10-03 21:12:11,858 [INFO] IPUIPlugin:79 - create IPUIPlugin
2024-10-03 21:12:11,858 [INFO] IPUIPlugin:79 - create IPUIPlugin
2024-10-03 21:12:11,858 [INFO] IPUIPlugin:79 - create IPUIPlugin
2024-10-03 21:12:11,858 [INFO] IPUIPlugin:79 - create IPUIPlugin
2024-10-03 21:12:11,859 [INFO] IPUIPlugin:79 - create IPUIPlugin
2024-10-03 21:12:11,859 [INFO] IPUIPlugin:79 - create IPUIPlugin
2024-10-03 21:12:11,859 [INFO] IPUIPlugin:79 - create IPUIPlugin
2024-10-03 21:12:11,859 [INFO] IPUIPlugin:79 - create IPUIPlugin
2024-10-03 21:12:11,860 [INFO] IPUIPlugin:79 - create IPUIPlugin
2024-10-03 21:12:11,860 [INFO] IPUIPlugin:79 - create IPUIPlugin
2024-10-03 21:12:11,861 [INFO] IPUIPlugin:79 - create IPUIPlugin
2024-10-03 21:12:11,861 [INFO] IPUIPlugin:79 - create IPUIPlugin
2024-10-03 21:12:11,862 [INFO] IPUIPlugin:79 - create IPUIPlugin
2024-10-03 21:12:11,862 [INFO] IPUIPlugin:79 - create IPUIPlugin
2024-10-03 21:12:11,862 [INFO] IPUIPlugin:79 - create IPUIPlugin
2024-10-03 21:12:11,863 [INFO] IPUIPlugin:79 - create IPUIPlugin
2024-10-03 21:12:11,863 [INFO] IPUIPlugin:79 - create IPUIPlugin
2024-10-03 21:12:11,863 [INFO] IPUIPlugin:79 - create IPUIPlugin
2024-10-03 21:12:11,864 [INFO] IPUIPlugin:79 - create IPUIPlugin
2024-10-03 21:12:11,865 [INFO] IPUIPlugin:79 - create IPUIPlugin
2024-10-03 21:12:12,006 [INFO] OpenFileManager:327 - Restore cursor
2024-10-03 21:12:51,459 [ERROR] LogOutputStream:74 - [STDERR_REDIRECT] Exception in thread "AWT-EventQueue-0" java.lang.NullPointerException
2024-10-03 21:12:51,462 [ERROR] LogOutputStream:74 - [STDERR_REDIRECT] 	at com.st.microxplorer.mcu.Mode.getDiagnostic(Mode.java:1399)
2024-10-03 21:12:51,464 [ERROR] LogOutputStream:74 - [STDERR_REDIRECT] 	at com.st.microxplorer.peripheralpanel.ComboPeriphMode.updateMode(PeriphMode.java:717)
2024-10-03 21:12:51,467 [ERROR] LogOutputStream:74 - [STDERR_REDIRECT] 	at com.st.microxplorer.peripheralpanel.PeripheralTree.updateModes(PeripheralTree.java:676)
2024-10-03 21:12:51,469 [ERROR] LogOutputStream:74 - [STDERR_REDIRECT] 	at com.st.microxplorer.peripheralpanel.PeripheralTree.updateModes(PeripheralTree.java:644)
2024-10-03 21:12:51,471 [ERROR] LogOutputStream:74 - [STDERR_REDIRECT] 	at com.st.microxplorer.peripheralpanel.PeripheralTree.updateModes(PeripheralTree.java:644)
2024-10-03 21:12:51,473 [ERROR] LogOutputStream:74 - [STDERR_REDIRECT] 	at com.st.microxplorer.peripheralpanel.PeripheralTree.updateModes(PeripheralTree.java:635)
2024-10-03 21:12:51,475 [ERROR] LogOutputStream:74 - [STDERR_REDIRECT] 	at com.st.microxplorer.plugins.pinoutconfig.guiV5.PeripheralsSelectionPanel.updatePeripheralsTree(PeripheralsSelectionPanel.java:490)
2024-10-03 21:12:51,478 [ERROR] LogOutputStream:74 - [STDERR_REDIRECT] 	at com.st.microxplorer.plugins.pinoutconfig.guiV5.PeripheralsSelectionPanel.propertyChange(PeripheralsSelectionPanel.java:598)
2024-10-03 21:12:51,481 [ERROR] LogOutputStream:74 - [STDERR_REDIRECT] 	at java.desktop/java.beans.PropertyChangeSupport.fire(PropertyChangeSupport.java:341)
2024-10-03 21:12:51,484 [ERROR] LogOutputStream:74 - [STDERR_REDIRECT] 	at java.desktop/java.beans.PropertyChangeSupport.firePropertyChange(PropertyChangeSupport.java:333)
2024-10-03 21:12:51,486 [ERROR] LogOutputStream:74 - [STDERR_REDIRECT] 	at com.st.microxplorer.mxsystem.MxSystem.propertyChange(MxSystem.java:463)
2024-10-03 21:12:51,488 [ERROR] LogOutputStream:74 - [STDERR_REDIRECT] 	at java.desktop/java.beans.PropertyChangeSupport.fire(PropertyChangeSupport.java:341)
2024-10-03 21:12:51,491 [ERROR] LogOutputStream:74 - [STDERR_REDIRECT] 	at java.desktop/java.beans.PropertyChangeSupport.firePropertyChange(PropertyChangeSupport.java:333)
2024-10-03 21:12:51,494 [ERROR] LogOutputStream:74 - [STDERR_REDIRECT] 	at java.desktop/java.beans.PropertyChangeSupport.firePropertyChange(PropertyChangeSupport.java:266)
2024-10-03 21:12:51,497 [ERROR] LogOutputStream:74 - [STDERR_REDIRECT] 	at com.st.microxplorer.util.MXPropertyChangeSupport.firePropertyChange(MXPropertyChangeSupport.java:54)
2024-10-03 21:12:51,498 [ERROR] LogOutputStream:74 - [STDERR_REDIRECT] 	at com.st.microxplorer.mcu.Mcu.propertyChange(Mcu.java:1707)
2024-10-03 21:12:51,501 [ERROR] LogOutputStream:74 - [STDERR_REDIRECT] 	at java.desktop/java.beans.PropertyChangeSupport.fire(PropertyChangeSupport.java:341)
2024-10-03 21:12:51,504 [ERROR] LogOutputStream:74 - [STDERR_REDIRECT] 	at java.desktop/java.beans.PropertyChangeSupport.firePropertyChange(PropertyChangeSupport.java:333)
2024-10-03 21:12:51,506 [ERROR] LogOutputStream:74 - [STDERR_REDIRECT] 	at java.desktop/java.beans.PropertyChangeSupport.firePropertyChange(PropertyChangeSupport.java:266)
2024-10-03 21:12:51,509 [ERROR] LogOutputStream:74 - [STDERR_REDIRECT] 	at com.st.microxplorer.util.MXPropertyChangeSupport.firePropertyChange(MXPropertyChangeSupport.java:54)
2024-10-03 21:12:51,511 [ERROR] LogOutputStream:74 - [STDERR_REDIRECT] 	at com.st.microxplorer.mcu.Pin.setLocked(Pin.java:838)
2024-10-03 21:12:51,513 [ERROR] LogOutputStream:74 - [STDERR_REDIRECT] 	at com.st.microxplorer.plugins.pinoutconfig.gui.PinOutPanel$4.actionPerformed(PinOutPanel.java:373)
2024-10-03 21:12:51,515 [ERROR] LogOutputStream:74 - [STDERR_REDIRECT] 	at java.desktop/javax.swing.AbstractButton.fireActionPerformed(AbstractButton.java:1967)
2024-10-03 21:12:51,518 [ERROR] LogOutputStream:74 - [STDERR_REDIRECT] 	at java.desktop/javax.swing.AbstractButton$Handler.actionPerformed(AbstractButton.java:2308)
2024-10-03 21:12:51,520 [ERROR] LogOutputStream:74 - [STDERR_REDIRECT] 	at java.desktop/javax.swing.DefaultButtonModel.fireActionPerformed(DefaultButtonModel.java:405)
2024-10-03 21:12:51,522 [ERROR] LogOutputStream:74 - [STDERR_REDIRECT] 	at java.desktop/javax.swing.DefaultButtonModel.setPressed(DefaultButtonModel.java:262)
2024-10-03 21:12:51,525 [ERROR] LogOutputStream:74 - [STDERR_REDIRECT] 	at java.desktop/javax.swing.AbstractButton.doClick(AbstractButton.java:369)
2024-10-03 21:12:51,527 [ERROR] LogOutputStream:74 - [STDERR_REDIRECT] 	at java.desktop/javax.swing.plaf.basic.BasicMenuItemUI.doClick(BasicMenuItemUI.java:1020)
2024-10-03 21:12:51,530 [ERROR] LogOutputStream:74 - [STDERR_REDIRECT] 	at java.desktop/javax.swing.plaf.basic.BasicMenuItemUI$Handler.mouseReleased(BasicMenuItemUI.java:1064)
2024-10-03 21:12:51,531 [ERROR] LogOutputStream:74 - [STDERR_REDIRECT] 	at java.desktop/java.awt.Component.processMouseEvent(Component.java:6635)
2024-10-03 21:12:51,533 [ERROR] LogOutputStream:74 - [STDERR_REDIRECT] 	at java.desktop/javax.swing.JComponent.processMouseEvent(JComponent.java:3342)
2024-10-03 21:12:51,534 [ERROR] LogOutputStream:74 - [STDERR_REDIRECT] 	at java.desktop/java.awt.Component.processEvent(Component.java:6400)
2024-10-03 21:12:51,535 [ERROR] LogOutputStream:74 - [STDERR_REDIRECT] 	at java.desktop/java.awt.Container.processEvent(Container.java:2263)
2024-10-03 21:12:51,537 [ERROR] LogOutputStream:74 - [STDERR_REDIRECT] 	at java.desktop/java.awt.Component.dispatchEventImpl(Component.java:5011)
2024-10-03 21:12:51,538 [ERROR] LogOutputStream:74 - [STDERR_REDIRECT] 	at java.desktop/java.awt.Container.dispatchEventImpl(Container.java:2321)
2024-10-03 21:12:51,539 [ERROR] LogOutputStream:74 - [STDERR_REDIRECT] 	at java.desktop/java.awt.Component.dispatchEvent(Component.java:4843)
2024-10-03 21:12:51,541 [ERROR] LogOutputStream:74 - [STDERR_REDIRECT] 	at java.desktop/java.awt.LightweightDispatcher.retargetMouseEvent(Container.java:4918)
2024-10-03 21:12:51,543 [ERROR] LogOutputStream:74 - [STDERR_REDIRECT] 	at java.desktop/java.awt.LightweightDispatcher.processMouseEvent(Container.java:4547)
2024-10-03 21:12:51,544 [ERROR] LogOutputStream:74 - [STDERR_REDIRECT] 	at java.desktop/java.awt.LightweightDispatcher.dispatchEvent(Container.java:4488)
2024-10-03 21:12:51,546 [ERROR] LogOutputStream:74 - [STDERR_REDIRECT] 	at java.desktop/java.awt.Container.dispatchEventImpl(Container.java:2307)
2024-10-03 21:12:51,547 [ERROR] LogOutputStream:74 - [STDERR_REDIRECT] 	at java.desktop/java.awt.Window.dispatchEventImpl(Window.java:2772)
2024-10-03 21:12:51,549 [ERROR] LogOutputStream:74 - [STDERR_REDIRECT] 	at java.desktop/java.awt.Component.dispatchEvent(Component.java:4843)
2024-10-03 21:12:51,550 [ERROR] LogOutputStream:74 - [STDERR_REDIRECT] 	at java.desktop/java.awt.EventQueue.dispatchEventImpl(EventQueue.java:772)
2024-10-03 21:12:51,551 [ERROR] LogOutputStream:74 - [STDERR_REDIRECT] 	at java.desktop/java.awt.EventQueue$4.run(EventQueue.java:721)
2024-10-03 21:12:51,553 [ERROR] LogOutputStream:74 - [STDERR_REDIRECT] 	at java.desktop/java.awt.EventQueue$4.run(EventQueue.java:715)
2024-10-03 21:12:51,554 [ERROR] LogOutputStream:74 - [STDERR_REDIRECT] 	at java.base/java.security.AccessController.doPrivileged(Native Method)
2024-10-03 21:12:51,556 [ERROR] LogOutputStream:74 - [STDERR_REDIRECT] 	at java.base/java.security.ProtectionDomain$JavaSecurityAccessImpl.doIntersectionPrivilege(ProtectionDomain.java:85)
2024-10-03 21:12:51,557 [ERROR] LogOutputStream:74 - [STDERR_REDIRECT] 	at java.base/java.security.ProtectionDomain$JavaSecurityAccessImpl.doIntersectionPrivilege(ProtectionDomain.java:95)
2024-10-03 21:12:51,558 [ERROR] LogOutputStream:74 - [STDERR_REDIRECT] 	at java.desktop/java.awt.EventQueue$5.run(EventQueue.java:745)
2024-10-03 21:12:51,560 [ERROR] LogOutputStream:74 - [STDERR_REDIRECT] 	at java.desktop/java.awt.EventQueue$5.run(EventQueue.java:743)
2024-10-03 21:12:51,562 [ERROR] LogOutputStream:74 - [STDERR_REDIRECT] 	at java.base/java.security.AccessController.doPrivileged(Native Method)
2024-10-03 21:12:51,565 [ERROR] LogOutputStream:74 - [STDERR_REDIRECT] 	at java.base/java.security.ProtectionDomain$JavaSecurityAccessImpl.doIntersectionPrivilege(ProtectionDomain.java:85)
2024-10-03 21:12:51,566 [ERROR] LogOutputStream:74 - [STDERR_REDIRECT] 	at java.desktop/java.awt.EventQueue.dispatchEvent(EventQueue.java:742)
2024-10-03 21:12:51,570 [ERROR] LogOutputStream:74 - [STDERR_REDIRECT] 	at java.desktop/java.awt.EventDispatchThread.pumpOneEventForFilters(EventDispatchThread.java:203)
2024-10-03 21:12:51,572 [ERROR] LogOutputStream:74 - [STDERR_REDIRECT] 	at java.desktop/java.awt.EventDispatchThread.pumpEventsForFilter(EventDispatchThread.java:124)
2024-10-03 21:12:51,574 [ERROR] LogOutputStream:74 - [STDERR_REDIRECT] 	at java.desktop/java.awt.EventDispatchThread.pumpEventsForHierarchy(EventDispatchThread.java:113)
2024-10-03 21:12:51,578 [ERROR] LogOutputStream:74 - [STDERR_REDIRECT] 	at java.desktop/java.awt.EventDispatchThread.pumpEvents(EventDispatchThread.java:109)
2024-10-03 21:12:51,581 [ERROR] LogOutputStream:74 - [STDERR_REDIRECT] 	at java.desktop/java.awt.EventDispatchThread.pumpEvents(EventDispatchThread.java:101)
2024-10-03 21:12:51,583 [ERROR] LogOutputStream:74 - [STDERR_REDIRECT] 	at java.desktop/java.awt.EventDispatchThread.run(EventDispatchThread.java:90)
2024-10-03 21:15:08,295 [INFO] UtilMem:74 - End SaveConfig() Used Memory: 662488672 Bytes (792723456)
2024-10-03 21:15:09,247 [INFO] UtilMem:74 - End SaveConfig() Used Memory: 679825056 Bytes (792723456)
2024-10-03 21:15:12,280 [INFO] UtilMem:74 - End SaveConfig() Used Memory: 620535120 Bytes (792723456)
2024-10-03 21:15:13,192 [INFO] BlockDiagram:2753 - set Specific Code input for plugin: NVIC
2024-10-03 21:15:13,194 [INFO] BlockDiagram:2753 - set Specific Code input for plugin: GPIO
2024-10-03 21:15:13,194 [INFO] BlockDiagram:2753 - set Specific Code input for plugin: RCC
2024-10-03 21:15:13,194 [INFO] BlockDiagram:2753 - set Specific Code input for plugin: TIM1_8F1
2024-10-03 21:15:13,195 [INFO] CodeGenerator:690 - code generatio: config db path: D:\BKRA\KEIL C test\STM32CubeIDE_1.10.1\STM32CubeIDE\plugins\com.st.stm32cube.common.mx_6.6.1.202207061420\\db\
2024-10-03 21:15:13,862 [INFO] CodeEngine:245 - oldGeneratedFile, D:\BKU\Year 3\VXL-VDK\git3\lab3\MXTmpFiles\license.tmp_save
2024-10-03 21:15:14,446 [INFO] CodeEngine:269 - Generated code: D:\BKU\Year 3\VXL-VDK\git3\lab3\MXTmpFiles\license.tmp
2024-10-03 21:15:14,772 [INFO] CodeEngine:245 - oldGeneratedFile, D:\BKU\Year 3\VXL-VDK\git3\lab3\MXTmpFiles\gpio.tmp_save
2024-10-03 21:15:15,087 [INFO] CodeEngine:269 - Generated code: D:\BKU\Year 3\VXL-VDK\git3\lab3\MXTmpFiles\gpio.tmp
2024-10-03 21:15:15,404 [INFO] CodeEngine:245 - oldGeneratedFile, D:\BKU\Year 3\VXL-VDK\git3\lab3\Core\Src\stm32f1xx_it.c_save
2024-10-03 21:15:15,714 [INFO] CodeEngine:269 - Generated code: D:\BKU\Year 3\VXL-VDK\git3\lab3\Core\Src\stm32f1xx_it.c
2024-10-03 21:15:15,720 [INFO] CodeEngine:245 - oldGeneratedFile, D:\BKU\Year 3\VXL-VDK\git3\lab3\Core\Inc\stm32f1xx_it.h_save
2024-10-03 21:15:15,904 [INFO] CodeEngine:269 - Generated code: D:\BKU\Year 3\VXL-VDK\git3\lab3\Core\Inc\stm32f1xx_it.h
2024-10-03 21:15:15,996 [INFO] CodeEngine:245 - oldGeneratedFile, D:\BKU\Year 3\VXL-VDK\git3\lab3\Core\Src\stm32f1xx_hal_msp.c_save
2024-10-03 21:15:16,407 [INFO] CodeEngine:269 - Generated code: D:\BKU\Year 3\VXL-VDK\git3\lab3\Core\Src\stm32f1xx_hal_msp.c
2024-10-03 21:15:16,414 [INFO] CodeEngine:245 - oldGeneratedFile, D:\BKU\Year 3\VXL-VDK\git3\lab3\MXTmpFiles\system.tmp_save
2024-10-03 21:15:16,595 [INFO] CodeEngine:269 - Generated code: D:\BKU\Year 3\VXL-VDK\git3\lab3\MXTmpFiles\system.tmp
2024-10-03 21:15:16,607 [INFO] CodeEngine:245 - oldGeneratedFile, D:\BKU\Year 3\VXL-VDK\git3\lab3\Core\Inc\stm32f1xx_hal_conf.h_save
2024-10-03 21:15:16,883 [INFO] CodeEngine:269 - Generated code: D:\BKU\Year 3\VXL-VDK\git3\lab3\Core\Inc\stm32f1xx_hal_conf.h
2024-10-03 21:15:16,937 [WARN] IPConfigManager:3348 - IP not found : TIM
2024-10-03 21:15:16,938 [WARN] CodeGenerator:3567 - IP not found : null
2024-10-03 21:15:16,946 [INFO] CodeEngine:245 - oldGeneratedFile, D:\BKU\Year 3\VXL-VDK\git3\lab3\Core\Inc\main.h_save
2024-10-03 21:15:17,172 [INFO] CodeEngine:269 - Generated code: D:\BKU\Year 3\VXL-VDK\git3\lab3\Core\Inc\main.h
2024-10-03 21:15:17,182 [INFO] CodeEngine:245 - oldGeneratedFile, D:\BKU\Year 3\VXL-VDK\git3\lab3\Core\Src\main.c_save
2024-10-03 21:15:17,522 [INFO] CodeEngine:269 - Generated code: D:\BKU\Year 3\VXL-VDK\git3\lab3\Core\Src\main.c
2024-10-03 21:15:18,773 [INFO] ProjectBuilder:2919 - Time for Copy HAL[1] : 169mS.
2024-10-03 21:15:18,870 [INFO] ProjectBuilder:4117 - Project Generator version: 3.17.1
2024-10-03 21:15:19,511 [INFO] ConfigFileManager:1394 - The Die is : DIE412
2024-10-03 21:15:19,528 [INFO] ApiDbMcu:505 - Load IP Config File for FATFS
2024-10-03 21:15:19,536 [INFO] ApiDbMcu:505 - Load IP Config File for FREERTOS
2024-10-03 21:15:19,554 [INFO] ApiDbMcu:505 - Load IP Config File for USB_DEVICE
2024-10-03 21:15:23,157 [INFO] ProjectBuilder:4285 - Time for Generating toolchain IDE Files: 4284mS.
2024-10-03 21:15:23,160 [INFO] ProjectBuilder:2790 - Time for Copy CMSIS : 2mS.
2024-10-03 21:15:23,163 [INFO] ProjectBuilder:2790 - Time for Copy CMSIS : 0mS.
2024-10-03 23:56:56,399 [INFO] MainUpdater:2768 - connection check result : 10
2024-10-03 23:56:56,404 [INFO] MainUpdater:2768 - connection check result : 10
2024-10-03 23:56:56,446 [INFO] MicroXplorer:451 - Change Database Path : 
2024-10-03 23:56:56,446 [INFO] MicroXplorer:481 - Change Database Version : DB.6.0.60
2024-10-03 23:56:56,532 [WARN] ThirdParty:827 - waiting for thirdparty lock release [close project]
2024-10-03 23:56:56,532 [INFO] ThirdParty:829 - entering critical section [close project]
2024-10-03 23:56:56,533 [INFO] ThirdParty:839 - exiting critical section [close project]
2024-10-03 23:56:56,535 [INFO] PinOutPanel:1468 - setPackage(No Configuration,No Configuration)
2024-10-03 23:56:56,545 [INFO] UtilMem:74 - Begin LoadConfig() Used Memory: 681530456 Bytes (1011875840)
2024-10-03 23:56:56,546 [INFO] MicroXplorer:451 - Change Database Path : 
2024-10-03 23:56:56,546 [INFO] MicroXplorer:481 - Change Database Version : DB.6.0.60
2024-10-03 23:56:56,546 [INFO] OpenFileManager:307 - Change cursor
2024-10-03 23:56:56,589 [INFO] RulesReader:61 - Compatibility file has been processed (282 Rules)
2024-10-03 23:56:56,592 [INFO] Mcu:1922 - Initializing MCU STM32F103C(4-6)Tx STM32F103C6Tx STM32F103C6T6A
2024-10-03 23:56:57,206 [INFO] Context:654 - Trying to add GPIOservice into a context  which must be forbidden
2024-10-03 23:56:57,339 [WARN] ApiManager:308 - Cannot register API 'Board Extension:NFC09A1' from pack STMicroelectronics.X-CUBE-NFC9.1.0.0: no header file found
2024-10-03 23:56:57,340 [WARN] ApiManager:308 - Cannot register API 'Board Extension:GNSS1A1' from pack STMicroelectronics.X-CUBE-GNSS1.6.0.0: no header file found
2024-10-03 23:56:57,340 [WARN] ApiManager:308 - Cannot register API 'Board Support:Custom' from pack STMicroelectronics.X-CUBE-GNSS1.6.0.0: no header file found
2024-10-03 23:56:57,340 [WARN] ApiManager:308 - Cannot register API 'Data Exchange:lib_gnss' from pack STMicroelectronics.X-CUBE-GNSS1.6.0.0: no header file found
2024-10-03 23:56:57,344 [WARN] ApiManager:308 - Cannot register API 'Board Extension:GNSS1A1' from pack STMicroelectronics.X-CUBE-GNSS1.7.0.0: no header file found
2024-10-03 23:56:57,344 [WARN] ApiManager:308 - Cannot register API 'Board Support:Custom' from pack STMicroelectronics.X-CUBE-GNSS1.7.0.0: no header file found
2024-10-03 23:56:57,344 [WARN] ApiManager:308 - Cannot register API 'Data Exchange:lib_gnss' from pack STMicroelectronics.X-CUBE-GNSS1.7.0.0: no header file found
2024-10-03 23:56:57,347 [WARN] ApiManager:308 - Cannot register API 'Board Extension:NFC06A1' from pack STMicroelectronics.X-CUBE-NFC6.3.1.0: no header file found
2024-10-03 23:56:57,347 [WARN] ApiManager:308 - Cannot register API 'Board Extension:NFC08A1' from pack STMicroelectronics.X-CUBE-NFC6.3.1.0: no header file found
2024-10-03 23:56:57,446 [WARN] ApiManager:308 - Cannot register API 'Board Extension:IKS01A3' from pack STMicroelectronics.X-CUBE-MEMS1.11.0.0: no header file found
2024-10-03 23:56:57,447 [WARN] ApiManager:308 - Cannot register API 'Board Extension:IKS02A1' from pack STMicroelectronics.X-CUBE-MEMS1.11.0.0: no header file found
2024-10-03 23:56:57,447 [WARN] ApiManager:308 - Cannot register API 'Board Extension:IKS4A1' from pack STMicroelectronics.X-CUBE-MEMS1.11.0.0: no header file found
2024-10-03 23:56:57,449 [INFO] RtosManager:488 - Registered RTOS mode: class=CMSIS, group=RTOS, mode=CMSIS_V1, owner=FREERTOS
2024-10-03 23:56:57,449 [INFO] RtosManager:488 - Registered RTOS mode: class=CMSIS, group=RTOS2, mode=CMSIS_V2, owner=FREERTOS
2024-10-03 23:56:57,450 [INFO] RtosManager:488 - Registered RTOS mode: class=RTOS, group=Core, mode=CMSIS_V1, owner=FREERTOS
2024-10-03 23:56:57,450 [INFO] RtosManager:488 - Registered RTOS mode: class=RTOS, group=Core, mode=CMSIS_V2, owner=FREERTOS
2024-10-03 23:56:57,450 [WARN] ModelIntegratedComponent:185 - Missing modes for component STMicroelectronics:FreeRTOS:0.0.1:STMicroelectronics:RTOS:FreeRTOS:Core:::10.2.0:
2024-10-03 23:56:57,451 [WARN] ApiManager:308 - Cannot register API 'Board Extension:STSAFEA1' from pack STMicroelectronics.X-CUBE-SAFEA1.1.2.2: no header file found
2024-10-03 23:56:57,451 [WARN] ApiManager:308 - Cannot register API 'Board Part:STSAFEA110' from pack STMicroelectronics.X-CUBE-SAFEA1.1.2.2: no header file found
2024-10-03 23:56:57,452 [WARN] ApiManager:308 - Cannot register API 'Security:ST_Cryptolib' from pack STMicroelectronics.X-CUBE-SAFEA1.1.2.2: no header file found
2024-10-03 23:56:57,452 [WARN] ApiManager:308 - Cannot register API 'Security:MbedTLS' from pack STMicroelectronics.X-CUBE-SAFEA1.1.2.2: no header file found
2024-10-03 23:56:57,452 [WARN] ApiManager:308 - Cannot register API 'Board Extension:NFC04A1' from pack STMicroelectronics.X-CUBE-NFC4.3.0.0: no header file found
2024-10-03 23:56:57,454 [WARN] ApiManager:308 - Cannot register API 'Board Extension:S2868A1' from pack STMicroelectronics.X-CUBE-SUBG2.5.0.0: no header file found
2024-10-03 23:56:57,454 [WARN] ApiManager:308 - Cannot register API 'Board Extension:S2868A2' from pack STMicroelectronics.X-CUBE-SUBG2.5.0.0: no header file found
2024-10-03 23:56:57,455 [WARN] ApiManager:308 - Cannot register API 'Board Extension:S2915A1' from pack STMicroelectronics.X-CUBE-SUBG2.5.0.0: no header file found
2024-10-03 23:56:57,458 [WARN] ApiManager:308 - Cannot register API 'Wireless:BlueNRG-MS' from pack STMicroelectronics.X-CUBE-BLE1.7.0.0: no header file found
2024-10-03 23:56:57,459 [WARN] ApiManager:308 - Cannot register API 'Board Extension:NFC10A1' from pack STMicroelectronics.X-CUBE-NFC10.1.0.0: no header file found
2024-10-03 23:56:57,461 [WARN] ApiManager:308 - Cannot register API 'Board Extension:EEPRMA2' from pack STMicroelectronics.X-CUBE-EEPRMA1.5.1.0: no header file found
2024-10-03 23:56:57,461 [WARN] ApiManager:308 - Cannot register API 'Board Extension:PGEEZ1' from pack STMicroelectronics.X-CUBE-EEPRMA1.5.1.0: no header file found
2024-10-03 23:56:57,461 [WARN] ApiManager:308 - Cannot register API 'Board Extension:EEICA1' from pack STMicroelectronics.X-CUBE-EEPRMA1.5.1.0: no header file found
2024-10-03 23:56:57,461 [WARN] ApiManager:308 - Cannot register API 'Board Part:M24' from pack STMicroelectronics.X-CUBE-EEPRMA1.5.1.0: no header file found
2024-10-03 23:56:57,461 [WARN] ApiManager:308 - Cannot register API 'Board Part:M95' from pack STMicroelectronics.X-CUBE-EEPRMA1.5.1.0: no header file found
2024-10-03 23:56:57,461 [WARN] ApiManager:308 - Cannot register API 'Board Part:M95P32' from pack STMicroelectronics.X-CUBE-EEPRMA1.5.1.0: no header file found
2024-10-03 23:56:57,461 [WARN] ApiManager:308 - Cannot register API 'Board Part:M24256E-F' from pack STMicroelectronics.X-CUBE-EEPRMA1.5.1.0: no header file found
2024-10-03 23:56:57,461 [WARN] ApiManager:308 - Cannot register API 'Board Part:M24M01E-F' from pack STMicroelectronics.X-CUBE-EEPRMA1.5.1.0: no header file found
2024-10-03 23:56:57,461 [WARN] ApiManager:308 - Cannot register API 'PGEEZ1:SPI' from pack STMicroelectronics.X-CUBE-EEPRMA1.5.1.0: no header file found
2024-10-03 23:56:57,461 [WARN] ApiManager:308 - Cannot register API 'PGEEZ1:QDSPI' from pack STMicroelectronics.X-CUBE-EEPRMA1.5.1.0: no header file found
2024-10-03 23:56:57,462 [WARN] ModelIntegratedComponent:64 - No mode defined for component null
2024-10-03 23:56:57,462 [WARN] ModelIntegratedComponent:64 - No mode defined for component null
2024-10-03 23:56:57,462 [WARN] ModelIntegratedComponent:64 - No mode defined for component null
2024-10-03 23:56:57,462 [WARN] ModelIntegratedComponent:64 - No mode defined for component null
2024-10-03 23:56:57,462 [WARN] ModelIntegratedComponent:64 - No mode defined for component null
2024-10-03 23:56:57,462 [WARN] ModelIntegratedComponent:64 - No mode defined for component null
2024-10-03 23:56:57,462 [WARN] ModelIntegratedComponent:64 - No mode defined for component null
2024-10-03 23:56:57,462 [WARN] ModelIntegratedComponent:64 - No mode defined for component null
2024-10-03 23:56:57,462 [WARN] ModelIntegratedComponent:64 - No mode defined for component null
2024-10-03 23:56:57,463 [WARN] ModelIntegratedComponent:64 - No mode defined for component null
2024-10-03 23:56:57,463 [WARN] ModelIntegratedComponent:64 - No mode defined for component null
2024-10-03 23:56:57,463 [WARN] ModelIntegratedComponent:64 - No mode defined for component null
2024-10-03 23:56:57,463 [WARN] ModelIntegratedComponent:64 - No mode defined for component null
2024-10-03 23:56:57,463 [WARN] ModelIntegratedComponent:64 - No mode defined for component null
2024-10-03 23:56:57,463 [WARN] ModelIntegratedComponent:64 - No mode defined for component null
2024-10-03 23:56:57,465 [WARN] ModelIntegratedComponent:64 - No mode defined for component null
2024-10-03 23:56:57,465 [WARN] ModelIntegratedComponent:64 - No mode defined for component null
2024-10-03 23:56:57,465 [WARN] ModelIntegratedComponent:64 - No mode defined for component null
2024-10-03 23:56:57,465 [WARN] ModelIntegratedComponent:64 - No mode defined for component null
2024-10-03 23:56:57,465 [WARN] ModelIntegratedComponent:64 - No mode defined for component null
2024-10-03 23:56:57,465 [WARN] ModelIntegratedComponent:64 - No mode defined for component null
2024-10-03 23:56:57,465 [WARN] ModelIntegratedComponent:64 - No mode defined for component null
2024-10-03 23:56:57,465 [WARN] ModelIntegratedComponent:64 - No mode defined for component null
2024-10-03 23:56:57,465 [WARN] ModelIntegratedComponent:64 - No mode defined for component null
2024-10-03 23:56:57,465 [WARN] ModelIntegratedComponent:64 - No mode defined for component null
2024-10-03 23:56:57,465 [WARN] ModelIntegratedComponent:64 - No mode defined for component null
2024-10-03 23:56:57,465 [WARN] ModelIntegratedComponent:64 - No mode defined for component null
2024-10-03 23:56:57,465 [WARN] ModelIntegratedComponent:64 - No mode defined for component null
2024-10-03 23:56:57,465 [WARN] ModelIntegratedComponent:64 - No mode defined for component null
2024-10-03 23:56:57,465 [WARN] ModelIntegratedComponent:64 - No mode defined for component null
2024-10-03 23:56:57,465 [WARN] ModelIntegratedComponent:64 - No mode defined for component null
2024-10-03 23:56:57,465 [WARN] ModelIntegratedComponent:64 - No mode defined for component null
2024-10-03 23:56:57,465 [WARN] ModelIntegratedComponent:64 - No mode defined for component null
2024-10-03 23:56:57,561 [WARN] ApiManager:308 - Cannot register API 'Board Extension:IKS01A3' from pack STMicroelectronics.X-CUBE-MEMS1.10.0.0: no header file found
2024-10-03 23:56:57,561 [WARN] ApiManager:308 - Cannot register API 'Board Extension:IKS02A1' from pack STMicroelectronics.X-CUBE-MEMS1.10.0.0: no header file found
2024-10-03 23:56:57,561 [WARN] ApiManager:308 - Cannot register API 'Board Extension:IKS4A1' from pack STMicroelectronics.X-CUBE-MEMS1.10.0.0: no header file found
2024-10-03 23:56:57,567 [WARN] ApiManager:308 - Cannot register API 'Board Extension:NFC07A1' from pack STMicroelectronics.X-CUBE-NFC7.1.0.1: no header file found
2024-10-03 23:56:57,575 [WARN] ApiManager:308 - Cannot register API 'Board Extension:S2868A1' from pack STMicroelectronics.X-CUBE-SFXS2LP1.4.0.0: no header file found
2024-10-03 23:56:57,575 [WARN] ApiManager:308 - Cannot register API 'Board Extension:S2868A2' from pack STMicroelectronics.X-CUBE-SFXS2LP1.4.0.0: no header file found
2024-10-03 23:56:57,575 [WARN] ApiManager:308 - Cannot register API 'Board Extension:S2915A1' from pack STMicroelectronics.X-CUBE-SFXS2LP1.4.0.0: no header file found
2024-10-03 23:56:57,575 [WARN] ApiManager:308 - Cannot register API 'Wireless:BlueNRG-2' from pack STMicroelectronics.X-CUBE-BLE2.3.3.0: no header file found
2024-10-03 23:56:57,589 [INFO] ThirdPartyModel:289 - Start build external matchings
2024-10-03 23:56:58,284 [INFO] ThirdPartyModel:302 - End build external matchings
2024-10-03 23:56:58,439 [INFO] UtilMem:74 - End LoadConfig() Used Memory: 800650456 Bytes (1011875840)
2024-10-03 23:56:58,476 [WARN] ThirdParty:789 - waiting for thirdparty lock release [change project]
2024-10-03 23:56:58,476 [INFO] ThirdParty:791 - entering critical section [change project]
2024-10-03 23:56:58,476 [INFO] ThirdParty:981 - CMSIS Pack Vendor :STMicroelectronics X-CUBE-AZRTOS-H7 3.3.0
2024-10-03 23:56:58,476 [INFO] ThirdParty:981 - CMSIS Pack Vendor :STMicroelectronics X-CUBE-NFC9 1.0.0
2024-10-03 23:56:58,477 [INFO] ThirdParty:981 - CMSIS Pack Vendor :STMicroelectronics X-CUBE-GNSS1 6.0.0
2024-10-03 23:56:58,477 [INFO] ThirdParty:981 - CMSIS Pack Vendor :STMicroelectronics USB_HOST 2.0.0
2024-10-03 23:56:58,477 [INFO] ThirdParty:981 - CMSIS Pack Vendor :STMicroelectronics FP-SNS-MOTENVWB1 1.4.0
2024-10-03 23:56:58,477 [INFO] ThirdParty:981 - CMSIS Pack Vendor :STMicroelectronics X-CUBE-AZRTOS-F4 1.1.0
2024-10-03 23:56:58,477 [INFO] ThirdParty:981 - CMSIS Pack Vendor :STMicroelectronics LIBJPEG 8.0.0
2024-10-03 23:56:58,477 [INFO] ThirdParty:981 - CMSIS Pack Vendor :STMicroelectronics X-CUBE-SMBUS 2.1.0
2024-10-03 23:56:58,477 [INFO] ThirdParty:981 - CMSIS Pack Vendor :STMicroelectronics USB_DEVICE 3.0.0
2024-10-03 23:56:58,477 [INFO] ThirdParty:981 - CMSIS Pack Vendor :STMicroelectronics X-CUBE-TCPP 4.1.0
2024-10-03 23:56:58,477 [INFO] ThirdParty:981 - CMSIS Pack Vendor :STMicroelectronics X-CUBE-ISPU 2.1.0
2024-10-03 23:56:58,477 [INFO] ThirdParty:981 - CMSIS Pack Vendor :STMicroelectronics X-CUBE-FREERTOS 1.2.0
2024-10-03 23:56:58,477 [INFO] ThirdParty:981 - CMSIS Pack Vendor :STMicroelectronics X-CUBE-AZRTOS-WB 2.0.0
2024-10-03 23:56:58,477 [INFO] ThirdParty:981 - CMSIS Pack Vendor :STMicroelectronics X-CUBE-GNSS1 7.0.0
2024-10-03 23:56:58,477 [INFO] ThirdParty:981 - CMSIS Pack Vendor :STMicroelectronics X-CUBE-TOUCHGFX 4.23.2
2024-10-03 23:56:58,478 [INFO] ThirdParty:981 - CMSIS Pack Vendor :STMicroelectronics X-CUBE-AZRTOS-F7 1.1.0
2024-10-03 23:56:58,478 [INFO] ThirdParty:981 - CMSIS Pack Vendor :STMicroelectronics X-CUBE-AZRTOS-L5 2.0.0
2024-10-03 23:56:58,478 [INFO] ThirdParty:981 - CMSIS Pack Vendor :STMicroelectronics USB_DEVICE 2.0.0
2024-10-03 23:56:58,478 [INFO] ThirdParty:981 - CMSIS Pack Vendor :STMicroelectronics X-CUBE-NFC6 3.1.0
2024-10-03 23:56:58,478 [INFO] ThirdParty:981 - CMSIS Pack Vendor :STMicroelectronics X-CUBE-ALGOBUILD 1.3.0
2024-10-03 23:56:58,478 [INFO] ThirdParty:981 - CMSIS Pack Vendor :STMicroelectronics X-CUBE-MEMS1 11.0.0
2024-10-03 23:56:58,478 [INFO] ThirdParty:981 - CMSIS Pack Vendor :STMicroelectronics FreeRTOS 0.0.1
2024-10-03 23:56:58,478 [INFO] ThirdParty:981 - CMSIS Pack Vendor :STMicroelectronics X-CUBE-AZRTOS-G0 1.1.0
2024-10-03 23:56:58,478 [INFO] ThirdParty:981 - CMSIS Pack Vendor :STMicroelectronics X-CUBE-SAFEA1 1.2.2
2024-10-03 23:56:58,479 [INFO] ThirdParty:981 - CMSIS Pack Vendor :STMicroelectronics X-CUBE-NFC4 3.0.0
2024-10-03 23:56:58,479 [INFO] ThirdParty:981 - CMSIS Pack Vendor :STMicroelectronics X-CUBE-SUBG2 5.0.0
2024-10-03 23:56:58,479 [INFO] ThirdParty:981 - CMSIS Pack Vendor :STMicroelectronics STM32_WPAN 1.0.0
2024-10-03 23:56:58,479 [INFO] ThirdParty:981 - CMSIS Pack Vendor :wolfSSL I-CUBE-wolfMQTT 1.18.0
2024-10-03 23:56:58,479 [INFO] ThirdParty:981 - CMSIS Pack Vendor :STMicroelectronics lwIP 2.0.3
2024-10-03 23:56:58,479 [INFO] ThirdParty:981 - CMSIS Pack Vendor :STMicroelectronics FP-SNS-FLIGHT1 5.0.2
2024-10-03 23:56:58,479 [INFO] ThirdParty:981 - CMSIS Pack Vendor :STMicroelectronics USB_HOST 1.0.0
2024-10-03 23:56:58,479 [INFO] ThirdParty:981 - CMSIS Pack Vendor :STMicroelectronics X-CUBE-AI 9.0.0
2024-10-03 23:56:58,479 [INFO] ThirdParty:981 - CMSIS Pack Vendor :STMicroelectronics X-CUBE-AZRTOS-G4 2.0.0
2024-10-03 23:56:58,479 [INFO] ThirdParty:981 - CMSIS Pack Vendor :STMicroelectronics PDM2PCM 3.1.0
2024-10-03 23:56:58,479 [INFO] ThirdParty:981 - CMSIS Pack Vendor :STMicroelectronics PDM2PCM 3.3.0
2024-10-03 23:56:58,479 [INFO] ThirdParty:981 - CMSIS Pack Vendor :STMicroelectronics X-CUBE-DISPLAY 3.0.0
2024-10-03 23:56:58,480 [INFO] ThirdParty:981 - CMSIS Pack Vendor :wolfSSL I-CUBE-wolfSSL 5.7.0
2024-10-03 23:56:58,480 [INFO] ThirdParty:981 - CMSIS Pack Vendor :STMicroelectronics X-CUBE-BLE1 7.0.0
2024-10-03 23:56:58,480 [INFO] ThirdParty:981 - CMSIS Pack Vendor :STMicroelectronics FP-ATR-SIGFOX1 3.2.0
2024-10-03 23:56:58,480 [INFO] ThirdParty:981 - CMSIS Pack Vendor :STMicroelectronics X-CUBE-NFC10 1.0.0
2024-10-03 23:56:58,484 [INFO] ThirdParty:981 - CMSIS Pack Vendor :STMicroelectronics X-CUBE-ISPU 2.0.0
2024-10-03 23:56:58,484 [INFO] ThirdParty:981 - CMSIS Pack Vendor :STMicroelectronics X-CUBE-EEPRMA1 5.1.0
2024-10-03 23:56:58,485 [INFO] ThirdParty:981 - CMSIS Pack Vendor :STMicroelectronics HAL Drivers 0.0.0
2024-10-03 23:56:58,485 [INFO] ThirdParty:981 - CMSIS Pack Vendor :STMicroelectronics MBEDTLS 2.16.2
2024-10-03 23:56:58,485 [INFO] ThirdParty:981 - CMSIS Pack Vendor :STMicroelectronics X-CUBE-ALS 1.0.2
2024-10-03 23:56:58,485 [INFO] ThirdParty:981 - CMSIS Pack Vendor :emotas I-CUBE-CANOPEN 1.3.0
2024-10-03 23:56:58,485 [INFO] ThirdParty:981 - CMSIS Pack Vendor :STMicroelectronics X-CUBE-MEMS1 10.0.0
2024-10-03 23:56:58,485 [INFO] ThirdParty:981 - CMSIS Pack Vendor :STMicroelectronics X-CUBE-NFC7 1.0.1
2024-10-03 23:56:58,485 [INFO] ThirdParty:981 - CMSIS Pack Vendor :STMicroelectronics MBEDTLS 2.14.1
2024-10-03 23:56:58,485 [INFO] ThirdParty:981 - CMSIS Pack Vendor :STMicroelectronics X-CUBE-TOUCHGFX 4.24.0
2024-10-03 23:56:58,485 [INFO] ThirdParty:981 - CMSIS Pack Vendor :ITTIA_DB I-CUBE-ITTIADB 8.9.0
2024-10-03 23:56:58,485 [INFO] ThirdParty:981 - CMSIS Pack Vendor :wolfSSL I-CUBE-wolfTPM 3.2.0
2024-10-03 23:56:58,485 [INFO] ThirdParty:981 - CMSIS Pack Vendor :STMicroelectronics X-CUBE-TOUCHGFX 4.24.1
2024-10-03 23:56:58,485 [INFO] ThirdParty:981 - CMSIS Pack Vendor :portGmbH I-Cube-SoM-uGOAL 1.1.0
2024-10-03 23:56:58,485 [INFO] ThirdParty:981 - CMSIS Pack Vendor :STMicroelectronics X-CUBE-ALS 1.0.1
2024-10-03 23:56:58,485 [INFO] ThirdParty:981 - CMSIS Pack Vendor :STMicroelectronics X-CUBE-BLEMGR 3.1.0
2024-10-03 23:56:58,485 [INFO] ThirdParty:981 - CMSIS Pack Vendor :STMicroelectronics ThreadX 1.0.0
2024-10-03 23:56:58,486 [INFO] ThirdParty:981 - CMSIS Pack Vendor :STMicroelectronics FP-SNS-SMARTAG2 1.2.0
2024-10-03 23:56:58,486 [INFO] ThirdParty:981 - CMSIS Pack Vendor :STMicroelectronics X-CUBE-AZRTOS-WL 2.0.0
2024-10-03 23:56:58,486 [INFO] ThirdParty:981 - CMSIS Pack Vendor :SEGGER I-CUBE-embOS 1.3.1
2024-10-03 23:56:58,486 [INFO] ThirdParty:981 - CMSIS Pack Vendor :STMicroelectronics X-CUBE-ALGOBUILD 1.4.0
2024-10-03 23:56:58,486 [INFO] ThirdParty:981 - CMSIS Pack Vendor :STMicroelectronics FP-SNS-MOTENV1 5.0.0
2024-10-03 23:56:58,486 [INFO] ThirdParty:981 - CMSIS Pack Vendor :STMicroelectronics USB_DEVICE 1.0.0
2024-10-03 23:56:58,486 [INFO] ThirdParty:981 - CMSIS Pack Vendor :STMicroelectronics X-CUBE-AZRTOS-H7RS 1.0.0
2024-10-03 23:56:58,486 [INFO] ThirdParty:981 - CMSIS Pack Vendor :wolfSSL I-CUBE-wolfMQTT 1.19.0
2024-10-03 23:56:58,486 [INFO] ThirdParty:981 - CMSIS Pack Vendor :STMicroelectronics X-CUBE-AZRTOS-L4 2.0.0
2024-10-03 23:56:58,486 [INFO] ThirdParty:981 - CMSIS Pack Vendor :STMicroelectronics ThreadX 0.0.2
2024-10-03 23:56:58,486 [INFO] ThirdParty:981 - CMSIS Pack Vendor :WES I-CUBE-Cesium 1.3.0
2024-10-03 23:56:58,487 [INFO] ThirdParty:981 - CMSIS Pack Vendor :STMicroelectronics FP-ATR-ASTRA1 2.0.0
2024-10-03 23:56:58,487 [INFO] ThirdParty:981 - CMSIS Pack Vendor :STMicroelectronics lwIP 2.1.2
2024-10-03 23:56:58,487 [INFO] ThirdParty:981 - CMSIS Pack Vendor :STMicroelectronics X-CUBE-SFXS2LP1 4.0.0
2024-10-03 23:56:58,487 [INFO] ThirdParty:981 - CMSIS Pack Vendor :STMicroelectronics X-CUBE-BLE2 3.3.0
2024-10-03 23:56:58,487 [INFO] ThirdParty:981 - CMSIS Pack Vendor :STMicroelectronics X-CUBE-TOF1 3.4.1
2024-10-03 23:56:58,487 [INFO] ThirdParty:981 - CMSIS Pack Vendor :STMicroelectronics X-CUBE-AZRTOS-H7 3.2.0
2024-10-03 23:56:58,487 [INFO] ThirdParty:981 - CMSIS Pack Vendor :Infineon AIROC-Wi-Fi-Bluetooth-STM32 1.6.0
2024-10-03 23:56:58,487 [INFO] ThirdParty:981 - CMSIS Pack Vendor :STMicroelectronics PDM2PCM 3.2.0
2024-10-03 23:56:58,487 [INFO] ThirdParty:981 - CMSIS Pack Vendor :wolfSSL I-CUBE-wolfSSH 1.4.17
2024-10-03 23:56:58,488 [INFO] ThirdParty:797 - exiting critical section [change project]
2024-10-03 23:56:58,631 [INFO] PinOutPanel:1468 - setPackage(No Configuration,No Configuration)
2024-10-03 23:56:58,632 [INFO] PinOutPanel:1468 - setPackage(STM32F103C6Tx,LQFP48)
2024-10-03 23:56:58,920 [INFO] UtilMem:74 - Before build in PCC Used Memory: 654905368 Bytes (1011875840)
2024-10-03 23:56:59,249 [INFO] UtilMem:74 - After build in PCC Used Memory: 695799832 Bytes (1011875840)
2024-10-03 23:56:59,268 [INFO] IPUIPlugin:79 - create IPUIPlugin
2024-10-03 23:56:59,269 [INFO] IPUIPlugin:79 - create IPUIPlugin
2024-10-03 23:56:59,269 [INFO] IPUIPlugin:79 - create IPUIPlugin
2024-10-03 23:56:59,269 [INFO] IPUIPlugin:79 - create IPUIPlugin
2024-10-03 23:56:59,269 [INFO] IPUIPlugin:79 - create IPUIPlugin
2024-10-03 23:56:59,269 [INFO] IPUIPlugin:79 - create IPUIPlugin
2024-10-03 23:56:59,269 [INFO] IPUIPlugin:79 - create IPUIPlugin
2024-10-03 23:56:59,270 [INFO] IPUIPlugin:79 - create IPUIPlugin
2024-10-03 23:56:59,270 [INFO] IPUIPlugin:79 - create IPUIPlugin
2024-10-03 23:56:59,270 [INFO] IPUIPlugin:79 - create IPUIPlugin
2024-10-03 23:56:59,270 [INFO] IPUIPlugin:79 - create IPUIPlugin
2024-10-03 23:56:59,271 [INFO] IPUIPlugin:79 - create IPUIPlugin
2024-10-03 23:56:59,271 [INFO] IPUIPlugin:79 - create IPUIPlugin
2024-10-03 23:56:59,271 [INFO] IPUIPlugin:79 - create IPUIPlugin
2024-10-03 23:56:59,271 [INFO] IPUIPlugin:79 - create IPUIPlugin
2024-10-03 23:56:59,272 [INFO] IPUIPlugin:79 - create IPUIPlugin
2024-10-03 23:56:59,272 [INFO] IPUIPlugin:79 - create IPUIPlugin
2024-10-03 23:56:59,272 [INFO] IPUIPlugin:79 - create IPUIPlugin
2024-10-03 23:56:59,272 [INFO] IPUIPlugin:79 - create IPUIPlugin
2024-10-03 23:56:59,273 [INFO] IPUIPlugin:79 - create IPUIPlugin
2024-10-03 23:56:59,273 [INFO] IPUIPlugin:79 - create IPUIPlugin
2024-10-03 23:56:59,274 [INFO] IPUIPlugin:79 - create IPUIPlugin
2024-10-03 23:56:59,274 [INFO] IPUIPlugin:79 - create IPUIPlugin
2024-10-03 23:56:59,380 [INFO] OpenFileManager:327 - Restore cursor
2024-10-03 23:57:05,704 [INFO] UtilMem:74 - End SaveConfig() Used Memory: 667752584 Bytes (1011875840)
2024-10-03 23:57:06,670 [INFO] UtilMem:74 - End SaveConfig() Used Memory: 678227776 Bytes (1011875840)
2024-10-03 23:57:09,178 [INFO] UtilMem:74 - End SaveConfig() Used Memory: 648663472 Bytes (1011875840)
2024-10-03 23:57:09,527 [INFO] BlockDiagram:2753 - set Specific Code input for plugin: NVIC
2024-10-03 23:57:09,528 [INFO] BlockDiagram:2753 - set Specific Code input for plugin: GPIO
2024-10-03 23:57:09,528 [INFO] BlockDiagram:2753 - set Specific Code input for plugin: RCC
2024-10-03 23:57:09,528 [INFO] BlockDiagram:2753 - set Specific Code input for plugin: TIM1_8F1
2024-10-03 23:57:09,529 [INFO] CodeGenerator:690 - code generatio: config db path: D:\BKRA\KEIL C test\STM32CubeIDE_1.10.1\STM32CubeIDE\plugins\com.st.stm32cube.common.mx_6.6.1.202207061420\\db\
2024-10-03 23:57:09,741 [INFO] CodeEngine:245 - oldGeneratedFile, D:\BKU\Year 3\VXL-VDK\git3\lab3\MXTmpFiles\license.tmp_save
2024-10-03 23:57:09,937 [INFO] CodeEngine:269 - Generated code: D:\BKU\Year 3\VXL-VDK\git3\lab3\MXTmpFiles\license.tmp
2024-10-03 23:57:10,012 [INFO] CodeEngine:245 - oldGeneratedFile, D:\BKU\Year 3\VXL-VDK\git3\lab3\MXTmpFiles\gpio.tmp_save
2024-10-03 23:57:10,165 [INFO] CodeEngine:269 - Generated code: D:\BKU\Year 3\VXL-VDK\git3\lab3\MXTmpFiles\gpio.tmp
2024-10-03 23:57:10,271 [INFO] CodeEngine:245 - oldGeneratedFile, D:\BKU\Year 3\VXL-VDK\git3\lab3\Core\Src\stm32f1xx_it.c_save
2024-10-03 23:57:10,422 [INFO] CodeEngine:269 - Generated code: D:\BKU\Year 3\VXL-VDK\git3\lab3\Core\Src\stm32f1xx_it.c
2024-10-03 23:57:10,429 [INFO] CodeEngine:245 - oldGeneratedFile, D:\BKU\Year 3\VXL-VDK\git3\lab3\Core\Inc\stm32f1xx_it.h_save
2024-10-03 23:57:10,569 [INFO] CodeEngine:269 - Generated code: D:\BKU\Year 3\VXL-VDK\git3\lab3\Core\Inc\stm32f1xx_it.h
2024-10-03 23:57:10,867 [INFO] CodeEngine:245 - oldGeneratedFile, D:\BKU\Year 3\VXL-VDK\git3\lab3\Core\Src\stm32f1xx_hal_msp.c_save
2024-10-03 23:57:11,052 [INFO] CodeEngine:269 - Generated code: D:\BKU\Year 3\VXL-VDK\git3\lab3\Core\Src\stm32f1xx_hal_msp.c
2024-10-03 23:57:11,062 [INFO] CodeEngine:245 - oldGeneratedFile, D:\BKU\Year 3\VXL-VDK\git3\lab3\MXTmpFiles\system.tmp_save
2024-10-03 23:57:11,199 [INFO] CodeEngine:269 - Generated code: D:\BKU\Year 3\VXL-VDK\git3\lab3\MXTmpFiles\system.tmp
2024-10-03 23:57:11,211 [INFO] CodeEngine:245 - oldGeneratedFile, D:\BKU\Year 3\VXL-VDK\git3\lab3\Core\Inc\stm32f1xx_hal_conf.h_save
2024-10-03 23:57:11,361 [INFO] CodeEngine:269 - Generated code: D:\BKU\Year 3\VXL-VDK\git3\lab3\Core\Inc\stm32f1xx_hal_conf.h
2024-10-03 23:57:11,383 [WARN] IPConfigManager:3348 - IP not found : TIM
2024-10-03 23:57:11,384 [WARN] CodeGenerator:3567 - IP not found : null
2024-10-03 23:57:11,392 [INFO] CodeEngine:245 - oldGeneratedFile, D:\BKU\Year 3\VXL-VDK\git3\lab3\Core\Inc\main.h_save
2024-10-03 23:57:11,520 [INFO] CodeEngine:269 - Generated code: D:\BKU\Year 3\VXL-VDK\git3\lab3\Core\Inc\main.h
2024-10-03 23:57:11,525 [INFO] CodeEngine:245 - oldGeneratedFile, D:\BKU\Year 3\VXL-VDK\git3\lab3\Core\Src\main.c_save
2024-10-03 23:57:11,726 [INFO] CodeEngine:269 - Generated code: D:\BKU\Year 3\VXL-VDK\git3\lab3\Core\Src\main.c
2024-10-03 23:57:12,930 [INFO] ProjectBuilder:2919 - Time for Copy HAL[1] : 232mS.
2024-10-03 23:57:12,934 [INFO] ProjectBuilder:4117 - Project Generator version: 3.17.1
2024-10-03 23:57:13,476 [INFO] ConfigFileManager:1394 - The Die is : DIE412
2024-10-03 23:57:13,479 [INFO] ApiDbMcu:505 - Load IP Config File for FATFS
2024-10-03 23:57:13,487 [INFO] ApiDbMcu:505 - Load IP Config File for FREERTOS
2024-10-03 23:57:13,625 [INFO] ApiDbMcu:505 - Load IP Config File for USB_DEVICE
2024-10-03 23:57:16,136 [INFO] ProjectBuilder:4285 - Time for Generating toolchain IDE Files: 3202mS.
2024-10-03 23:57:16,137 [INFO] ProjectBuilder:2790 - Time for Copy CMSIS : 0mS.
2024-10-03 23:57:16,140 [INFO] ProjectBuilder:2790 - Time for Copy CMSIS : 0mS.
2024-10-04 00:07:24,009 [INFO] MainUpdater:2768 - connection check result : 10
2024-10-04 00:07:24,009 [INFO] MainUpdater:2768 - connection check result : 10
2024-10-04 00:07:24,021 [INFO] MicroXplorer:451 - Change Database Path : 
2024-10-04 00:07:24,022 [INFO] MicroXplorer:481 - Change Database Version : DB.6.0.60
2024-10-04 00:07:24,070 [WARN] ThirdParty:827 - waiting for thirdparty lock release [close project]
2024-10-04 00:07:24,070 [INFO] ThirdParty:829 - entering critical section [close project]
2024-10-04 00:07:24,071 [INFO] ThirdParty:839 - exiting critical section [close project]
2024-10-04 00:07:24,073 [INFO] PinOutPanel:1468 - setPackage(No Configuration,No Configuration)
2024-10-04 00:07:24,076 [INFO] UtilMem:74 - Begin LoadConfig() Used Memory: 711572496 Bytes (1042284544)
2024-10-04 00:07:24,077 [INFO] MicroXplorer:451 - Change Database Path : 
2024-10-04 00:07:24,077 [INFO] MicroXplorer:481 - Change Database Version : DB.6.0.60
2024-10-04 00:07:24,077 [INFO] OpenFileManager:307 - Change cursor
2024-10-04 00:07:24,108 [INFO] RulesReader:61 - Compatibility file has been processed (282 Rules)
2024-10-04 00:07:24,113 [INFO] Mcu:1922 - Initializing MCU STM32F103C(4-6)Tx STM32F103C6Tx STM32F103C6T6A
2024-10-04 00:07:24,739 [INFO] Context:654 - Trying to add GPIOservice into a context  which must be forbidden
2024-10-04 00:07:24,910 [WARN] ApiManager:308 - Cannot register API 'Board Extension:NFC09A1' from pack STMicroelectronics.X-CUBE-NFC9.1.0.0: no header file found
2024-10-04 00:07:24,911 [WARN] ApiManager:308 - Cannot register API 'Board Extension:GNSS1A1' from pack STMicroelectronics.X-CUBE-GNSS1.6.0.0: no header file found
2024-10-04 00:07:24,911 [WARN] ApiManager:308 - Cannot register API 'Board Support:Custom' from pack STMicroelectronics.X-CUBE-GNSS1.6.0.0: no header file found
2024-10-04 00:07:24,912 [WARN] ApiManager:308 - Cannot register API 'Data Exchange:lib_gnss' from pack STMicroelectronics.X-CUBE-GNSS1.6.0.0: no header file found
2024-10-04 00:07:24,918 [WARN] ApiManager:308 - Cannot register API 'Board Extension:GNSS1A1' from pack STMicroelectronics.X-CUBE-GNSS1.7.0.0: no header file found
2024-10-04 00:07:24,918 [WARN] ApiManager:308 - Cannot register API 'Board Support:Custom' from pack STMicroelectronics.X-CUBE-GNSS1.7.0.0: no header file found
2024-10-04 00:07:24,918 [WARN] ApiManager:308 - Cannot register API 'Data Exchange:lib_gnss' from pack STMicroelectronics.X-CUBE-GNSS1.7.0.0: no header file found
2024-10-04 00:07:24,925 [WARN] ApiManager:308 - Cannot register API 'Board Extension:NFC06A1' from pack STMicroelectronics.X-CUBE-NFC6.3.1.0: no header file found
2024-10-04 00:07:24,925 [WARN] ApiManager:308 - Cannot register API 'Board Extension:NFC08A1' from pack STMicroelectronics.X-CUBE-NFC6.3.1.0: no header file found
2024-10-04 00:07:25,068 [WARN] ApiManager:308 - Cannot register API 'Board Extension:IKS01A3' from pack STMicroelectronics.X-CUBE-MEMS1.11.0.0: no header file found
2024-10-04 00:07:25,068 [WARN] ApiManager:308 - Cannot register API 'Board Extension:IKS02A1' from pack STMicroelectronics.X-CUBE-MEMS1.11.0.0: no header file found
2024-10-04 00:07:25,070 [WARN] ApiManager:308 - Cannot register API 'Board Extension:IKS4A1' from pack STMicroelectronics.X-CUBE-MEMS1.11.0.0: no header file found
2024-10-04 00:07:25,076 [INFO] RtosManager:488 - Registered RTOS mode: class=CMSIS, group=RTOS, mode=CMSIS_V1, owner=FREERTOS
2024-10-04 00:07:25,076 [INFO] RtosManager:488 - Registered RTOS mode: class=CMSIS, group=RTOS2, mode=CMSIS_V2, owner=FREERTOS
2024-10-04 00:07:25,076 [INFO] RtosManager:488 - Registered RTOS mode: class=RTOS, group=Core, mode=CMSIS_V1, owner=FREERTOS
2024-10-04 00:07:25,076 [INFO] RtosManager:488 - Registered RTOS mode: class=RTOS, group=Core, mode=CMSIS_V2, owner=FREERTOS
2024-10-04 00:07:25,076 [WARN] ModelIntegratedComponent:185 - Missing modes for component STMicroelectronics:FreeRTOS:0.0.1:STMicroelectronics:RTOS:FreeRTOS:Core:::10.2.0:
2024-10-04 00:07:25,078 [WARN] ApiManager:308 - Cannot register API 'Board Extension:STSAFEA1' from pack STMicroelectronics.X-CUBE-SAFEA1.1.2.2: no header file found
2024-10-04 00:07:25,078 [WARN] ApiManager:308 - Cannot register API 'Board Part:STSAFEA110' from pack STMicroelectronics.X-CUBE-SAFEA1.1.2.2: no header file found
2024-10-04 00:07:25,079 [WARN] ApiManager:308 - Cannot register API 'Security:ST_Cryptolib' from pack STMicroelectronics.X-CUBE-SAFEA1.1.2.2: no header file found
2024-10-04 00:07:25,079 [WARN] ApiManager:308 - Cannot register API 'Security:MbedTLS' from pack STMicroelectronics.X-CUBE-SAFEA1.1.2.2: no header file found
2024-10-04 00:07:25,079 [WARN] ApiManager:308 - Cannot register API 'Board Extension:NFC04A1' from pack STMicroelectronics.X-CUBE-NFC4.3.0.0: no header file found
2024-10-04 00:07:25,082 [WARN] ApiManager:308 - Cannot register API 'Board Extension:S2868A1' from pack STMicroelectronics.X-CUBE-SUBG2.5.0.0: no header file found
2024-10-04 00:07:25,082 [WARN] ApiManager:308 - Cannot register API 'Board Extension:S2868A2' from pack STMicroelectronics.X-CUBE-SUBG2.5.0.0: no header file found
2024-10-04 00:07:25,082 [WARN] ApiManager:308 - Cannot register API 'Board Extension:S2915A1' from pack STMicroelectronics.X-CUBE-SUBG2.5.0.0: no header file found
2024-10-04 00:07:25,088 [WARN] ApiManager:308 - Cannot register API 'Wireless:BlueNRG-MS' from pack STMicroelectronics.X-CUBE-BLE1.7.0.0: no header file found
2024-10-04 00:07:25,090 [WARN] ApiManager:308 - Cannot register API 'Board Extension:NFC10A1' from pack STMicroelectronics.X-CUBE-NFC10.1.0.0: no header file found
2024-10-04 00:07:25,091 [WARN] ApiManager:308 - Cannot register API 'Board Extension:EEPRMA2' from pack STMicroelectronics.X-CUBE-EEPRMA1.5.1.0: no header file found
2024-10-04 00:07:25,091 [WARN] ApiManager:308 - Cannot register API 'Board Extension:PGEEZ1' from pack STMicroelectronics.X-CUBE-EEPRMA1.5.1.0: no header file found
2024-10-04 00:07:25,091 [WARN] ApiManager:308 - Cannot register API 'Board Extension:EEICA1' from pack STMicroelectronics.X-CUBE-EEPRMA1.5.1.0: no header file found
2024-10-04 00:07:25,091 [WARN] ApiManager:308 - Cannot register API 'Board Part:M24' from pack STMicroelectronics.X-CUBE-EEPRMA1.5.1.0: no header file found
2024-10-04 00:07:25,091 [WARN] ApiManager:308 - Cannot register API 'Board Part:M95' from pack STMicroelectronics.X-CUBE-EEPRMA1.5.1.0: no header file found
2024-10-04 00:07:25,091 [WARN] ApiManager:308 - Cannot register API 'Board Part:M95P32' from pack STMicroelectronics.X-CUBE-EEPRMA1.5.1.0: no header file found
2024-10-04 00:07:25,091 [WARN] ApiManager:308 - Cannot register API 'Board Part:M24256E-F' from pack STMicroelectronics.X-CUBE-EEPRMA1.5.1.0: no header file found
2024-10-04 00:07:25,091 [WARN] ApiManager:308 - Cannot register API 'Board Part:M24M01E-F' from pack STMicroelectronics.X-CUBE-EEPRMA1.5.1.0: no header file found
2024-10-04 00:07:25,091 [WARN] ApiManager:308 - Cannot register API 'PGEEZ1:SPI' from pack STMicroelectronics.X-CUBE-EEPRMA1.5.1.0: no header file found
2024-10-04 00:07:25,091 [WARN] ApiManager:308 - Cannot register API 'PGEEZ1:QDSPI' from pack STMicroelectronics.X-CUBE-EEPRMA1.5.1.0: no header file found
2024-10-04 00:07:25,092 [WARN] ModelIntegratedComponent:64 - No mode defined for component null
2024-10-04 00:07:25,092 [WARN] ModelIntegratedComponent:64 - No mode defined for component null
2024-10-04 00:07:25,093 [WARN] ModelIntegratedComponent:64 - No mode defined for component null
2024-10-04 00:07:25,093 [WARN] ModelIntegratedComponent:64 - No mode defined for component null
2024-10-04 00:07:25,094 [WARN] ModelIntegratedComponent:64 - No mode defined for component null
2024-10-04 00:07:25,094 [WARN] ModelIntegratedComponent:64 - No mode defined for component null
2024-10-04 00:07:25,094 [WARN] ModelIntegratedComponent:64 - No mode defined for component null
2024-10-04 00:07:25,094 [WARN] ModelIntegratedComponent:64 - No mode defined for component null
2024-10-04 00:07:25,094 [WARN] ModelIntegratedComponent:64 - No mode defined for component null
2024-10-04 00:07:25,094 [WARN] ModelIntegratedComponent:64 - No mode defined for component null
2024-10-04 00:07:25,095 [WARN] ModelIntegratedComponent:64 - No mode defined for component null
2024-10-04 00:07:25,095 [WARN] ModelIntegratedComponent:64 - No mode defined for component null
2024-10-04 00:07:25,095 [WARN] ModelIntegratedComponent:64 - No mode defined for component null
2024-10-04 00:07:25,095 [WARN] ModelIntegratedComponent:64 - No mode defined for component null
2024-10-04 00:07:25,095 [WARN] ModelIntegratedComponent:64 - No mode defined for component null
2024-10-04 00:07:25,095 [WARN] ModelIntegratedComponent:64 - No mode defined for component null
2024-10-04 00:07:25,095 [WARN] ModelIntegratedComponent:64 - No mode defined for component null
2024-10-04 00:07:25,095 [WARN] ModelIntegratedComponent:64 - No mode defined for component null
2024-10-04 00:07:25,096 [WARN] ModelIntegratedComponent:64 - No mode defined for component null
2024-10-04 00:07:25,096 [WARN] ModelIntegratedComponent:64 - No mode defined for component null
2024-10-04 00:07:25,096 [WARN] ModelIntegratedComponent:64 - No mode defined for component null
2024-10-04 00:07:25,096 [WARN] ModelIntegratedComponent:64 - No mode defined for component null
2024-10-04 00:07:25,096 [WARN] ModelIntegratedComponent:64 - No mode defined for component null
2024-10-04 00:07:25,096 [WARN] ModelIntegratedComponent:64 - No mode defined for component null
2024-10-04 00:07:25,096 [WARN] ModelIntegratedComponent:64 - No mode defined for component null
2024-10-04 00:07:25,096 [WARN] ModelIntegratedComponent:64 - No mode defined for component null
2024-10-04 00:07:25,096 [WARN] ModelIntegratedComponent:64 - No mode defined for component null
2024-10-04 00:07:25,096 [WARN] ModelIntegratedComponent:64 - No mode defined for component null
2024-10-04 00:07:25,097 [WARN] ModelIntegratedComponent:64 - No mode defined for component null
2024-10-04 00:07:25,097 [WARN] ModelIntegratedComponent:64 - No mode defined for component null
2024-10-04 00:07:25,097 [WARN] ModelIntegratedComponent:64 - No mode defined for component null
2024-10-04 00:07:25,097 [WARN] ModelIntegratedComponent:64 - No mode defined for component null
2024-10-04 00:07:25,097 [WARN] ModelIntegratedComponent:64 - No mode defined for component null
2024-10-04 00:07:25,214 [WARN] ApiManager:308 - Cannot register API 'Board Extension:IKS01A3' from pack STMicroelectronics.X-CUBE-MEMS1.10.0.0: no header file found
2024-10-04 00:07:25,214 [WARN] ApiManager:308 - Cannot register API 'Board Extension:IKS02A1' from pack STMicroelectronics.X-CUBE-MEMS1.10.0.0: no header file found
2024-10-04 00:07:25,214 [WARN] ApiManager:308 - Cannot register API 'Board Extension:IKS4A1' from pack STMicroelectronics.X-CUBE-MEMS1.10.0.0: no header file found
2024-10-04 00:07:25,231 [WARN] ApiManager:308 - Cannot register API 'Board Extension:NFC07A1' from pack STMicroelectronics.X-CUBE-NFC7.1.0.1: no header file found
2024-10-04 00:07:25,245 [WARN] ApiManager:308 - Cannot register API 'Board Extension:S2868A1' from pack STMicroelectronics.X-CUBE-SFXS2LP1.4.0.0: no header file found
2024-10-04 00:07:25,245 [WARN] ApiManager:308 - Cannot register API 'Board Extension:S2868A2' from pack STMicroelectronics.X-CUBE-SFXS2LP1.4.0.0: no header file found
2024-10-04 00:07:25,245 [WARN] ApiManager:308 - Cannot register API 'Board Extension:S2915A1' from pack STMicroelectronics.X-CUBE-SFXS2LP1.4.0.0: no header file found
2024-10-04 00:07:25,246 [WARN] ApiManager:308 - Cannot register API 'Wireless:BlueNRG-2' from pack STMicroelectronics.X-CUBE-BLE2.3.3.0: no header file found
2024-10-04 00:07:25,261 [INFO] ThirdPartyModel:289 - Start build external matchings
2024-10-04 00:07:26,162 [INFO] ThirdPartyModel:302 - End build external matchings
2024-10-04 00:07:26,365 [INFO] UtilMem:74 - End LoadConfig() Used Memory: 821134896 Bytes (1042284544)
2024-10-04 00:07:26,410 [WARN] ThirdParty:789 - waiting for thirdparty lock release [change project]
2024-10-04 00:07:26,410 [INFO] ThirdParty:791 - entering critical section [change project]
2024-10-04 00:07:26,410 [INFO] ThirdParty:981 - CMSIS Pack Vendor :STMicroelectronics X-CUBE-AZRTOS-H7 3.3.0
2024-10-04 00:07:26,410 [INFO] ThirdParty:981 - CMSIS Pack Vendor :STMicroelectronics X-CUBE-NFC9 1.0.0
2024-10-04 00:07:26,410 [INFO] ThirdParty:981 - CMSIS Pack Vendor :STMicroelectronics X-CUBE-GNSS1 6.0.0
2024-10-04 00:07:26,411 [INFO] ThirdParty:981 - CMSIS Pack Vendor :STMicroelectronics USB_HOST 2.0.0
2024-10-04 00:07:26,411 [INFO] ThirdParty:981 - CMSIS Pack Vendor :STMicroelectronics FP-SNS-MOTENVWB1 1.4.0
2024-10-04 00:07:26,411 [INFO] ThirdParty:981 - CMSIS Pack Vendor :STMicroelectronics X-CUBE-AZRTOS-F4 1.1.0
2024-10-04 00:07:26,411 [INFO] ThirdParty:981 - CMSIS Pack Vendor :STMicroelectronics LIBJPEG 8.0.0
2024-10-04 00:07:26,411 [INFO] ThirdParty:981 - CMSIS Pack Vendor :STMicroelectronics X-CUBE-SMBUS 2.1.0
2024-10-04 00:07:26,411 [INFO] ThirdParty:981 - CMSIS Pack Vendor :STMicroelectronics USB_DEVICE 3.0.0
2024-10-04 00:07:26,411 [INFO] ThirdParty:981 - CMSIS Pack Vendor :STMicroelectronics X-CUBE-TCPP 4.1.0
2024-10-04 00:07:26,411 [INFO] ThirdParty:981 - CMSIS Pack Vendor :STMicroelectronics X-CUBE-ISPU 2.1.0
2024-10-04 00:07:26,411 [INFO] ThirdParty:981 - CMSIS Pack Vendor :STMicroelectronics X-CUBE-FREERTOS 1.2.0
2024-10-04 00:07:26,411 [INFO] ThirdParty:981 - CMSIS Pack Vendor :STMicroelectronics X-CUBE-AZRTOS-WB 2.0.0
2024-10-04 00:07:26,411 [INFO] ThirdParty:981 - CMSIS Pack Vendor :STMicroelectronics X-CUBE-GNSS1 7.0.0
2024-10-04 00:07:26,411 [INFO] ThirdParty:981 - CMSIS Pack Vendor :STMicroelectronics X-CUBE-TOUCHGFX 4.23.2
2024-10-04 00:07:26,411 [INFO] ThirdParty:981 - CMSIS Pack Vendor :STMicroelectronics X-CUBE-AZRTOS-F7 1.1.0
2024-10-04 00:07:26,411 [INFO] ThirdParty:981 - CMSIS Pack Vendor :STMicroelectronics X-CUBE-AZRTOS-L5 2.0.0
2024-10-04 00:07:26,411 [INFO] ThirdParty:981 - CMSIS Pack Vendor :STMicroelectronics USB_DEVICE 2.0.0
2024-10-04 00:07:26,412 [INFO] ThirdParty:981 - CMSIS Pack Vendor :STMicroelectronics X-CUBE-NFC6 3.1.0
2024-10-04 00:07:26,412 [INFO] ThirdParty:981 - CMSIS Pack Vendor :STMicroelectronics X-CUBE-ALGOBUILD 1.3.0
2024-10-04 00:07:26,412 [INFO] ThirdParty:981 - CMSIS Pack Vendor :STMicroelectronics X-CUBE-MEMS1 11.0.0
2024-10-04 00:07:26,412 [INFO] ThirdParty:981 - CMSIS Pack Vendor :STMicroelectronics FreeRTOS 0.0.1
2024-10-04 00:07:26,412 [INFO] ThirdParty:981 - CMSIS Pack Vendor :STMicroelectronics X-CUBE-AZRTOS-G0 1.1.0
2024-10-04 00:07:26,412 [INFO] ThirdParty:981 - CMSIS Pack Vendor :STMicroelectronics X-CUBE-SAFEA1 1.2.2
2024-10-04 00:07:26,413 [INFO] ThirdParty:981 - CMSIS Pack Vendor :STMicroelectronics X-CUBE-NFC4 3.0.0
2024-10-04 00:07:26,413 [INFO] ThirdParty:981 - CMSIS Pack Vendor :STMicroelectronics X-CUBE-SUBG2 5.0.0
2024-10-04 00:07:26,413 [INFO] ThirdParty:981 - CMSIS Pack Vendor :STMicroelectronics STM32_WPAN 1.0.0
2024-10-04 00:07:26,413 [INFO] ThirdParty:981 - CMSIS Pack Vendor :wolfSSL I-CUBE-wolfMQTT 1.18.0
2024-10-04 00:07:26,413 [INFO] ThirdParty:981 - CMSIS Pack Vendor :STMicroelectronics lwIP 2.0.3
2024-10-04 00:07:26,414 [INFO] ThirdParty:981 - CMSIS Pack Vendor :STMicroelectronics FP-SNS-FLIGHT1 5.0.2
2024-10-04 00:07:26,414 [INFO] ThirdParty:981 - CMSIS Pack Vendor :STMicroelectronics USB_HOST 1.0.0
2024-10-04 00:07:26,414 [INFO] ThirdParty:981 - CMSIS Pack Vendor :STMicroelectronics X-CUBE-AI 9.0.0
2024-10-04 00:07:26,414 [INFO] ThirdParty:981 - CMSIS Pack Vendor :STMicroelectronics X-CUBE-AZRTOS-G4 2.0.0
2024-10-04 00:07:26,414 [INFO] ThirdParty:981 - CMSIS Pack Vendor :STMicroelectronics PDM2PCM 3.1.0
2024-10-04 00:07:26,414 [INFO] ThirdParty:981 - CMSIS Pack Vendor :STMicroelectronics PDM2PCM 3.3.0
2024-10-04 00:07:26,414 [INFO] ThirdParty:981 - CMSIS Pack Vendor :STMicroelectronics X-CUBE-DISPLAY 3.0.0
2024-10-04 00:07:26,414 [INFO] ThirdParty:981 - CMSIS Pack Vendor :wolfSSL I-CUBE-wolfSSL 5.7.0
2024-10-04 00:07:26,414 [INFO] ThirdParty:981 - CMSIS Pack Vendor :STMicroelectronics X-CUBE-BLE1 7.0.0
2024-10-04 00:07:26,414 [INFO] ThirdParty:981 - CMSIS Pack Vendor :STMicroelectronics FP-ATR-SIGFOX1 3.2.0
2024-10-04 00:07:26,414 [INFO] ThirdParty:981 - CMSIS Pack Vendor :STMicroelectronics X-CUBE-NFC10 1.0.0
2024-10-04 00:07:26,414 [INFO] ThirdParty:981 - CMSIS Pack Vendor :STMicroelectronics X-CUBE-ISPU 2.0.0
2024-10-04 00:07:26,414 [INFO] ThirdParty:981 - CMSIS Pack Vendor :STMicroelectronics X-CUBE-EEPRMA1 5.1.0
2024-10-04 00:07:26,414 [INFO] ThirdParty:981 - CMSIS Pack Vendor :STMicroelectronics HAL Drivers 0.0.0
2024-10-04 00:07:26,414 [INFO] ThirdParty:981 - CMSIS Pack Vendor :STMicroelectronics MBEDTLS 2.16.2
2024-10-04 00:07:26,414 [INFO] ThirdParty:981 - CMSIS Pack Vendor :STMicroelectronics X-CUBE-ALS 1.0.2
2024-10-04 00:07:26,414 [INFO] ThirdParty:981 - CMSIS Pack Vendor :emotas I-CUBE-CANOPEN 1.3.0
2024-10-04 00:07:26,414 [INFO] ThirdParty:981 - CMSIS Pack Vendor :STMicroelectronics X-CUBE-MEMS1 10.0.0
2024-10-04 00:07:26,414 [INFO] ThirdParty:981 - CMSIS Pack Vendor :STMicroelectronics X-CUBE-NFC7 1.0.1
2024-10-04 00:07:26,415 [INFO] ThirdParty:981 - CMSIS Pack Vendor :STMicroelectronics MBEDTLS 2.14.1
2024-10-04 00:07:26,415 [INFO] ThirdParty:981 - CMSIS Pack Vendor :STMicroelectronics X-CUBE-TOUCHGFX 4.24.0
2024-10-04 00:07:26,415 [INFO] ThirdParty:981 - CMSIS Pack Vendor :ITTIA_DB I-CUBE-ITTIADB 8.9.0
2024-10-04 00:07:26,415 [INFO] ThirdParty:981 - CMSIS Pack Vendor :wolfSSL I-CUBE-wolfTPM 3.2.0
2024-10-04 00:07:26,415 [INFO] ThirdParty:981 - CMSIS Pack Vendor :STMicroelectronics X-CUBE-TOUCHGFX 4.24.1
2024-10-04 00:07:26,415 [INFO] ThirdParty:981 - CMSIS Pack Vendor :portGmbH I-Cube-SoM-uGOAL 1.1.0
2024-10-04 00:07:26,415 [INFO] ThirdParty:981 - CMSIS Pack Vendor :STMicroelectronics X-CUBE-ALS 1.0.1
2024-10-04 00:07:26,415 [INFO] ThirdParty:981 - CMSIS Pack Vendor :STMicroelectronics X-CUBE-BLEMGR 3.1.0
2024-10-04 00:07:26,415 [INFO] ThirdParty:981 - CMSIS Pack Vendor :STMicroelectronics ThreadX 1.0.0
2024-10-04 00:07:26,415 [INFO] ThirdParty:981 - CMSIS Pack Vendor :STMicroelectronics FP-SNS-SMARTAG2 1.2.0
2024-10-04 00:07:26,415 [INFO] ThirdParty:981 - CMSIS Pack Vendor :STMicroelectronics X-CUBE-AZRTOS-WL 2.0.0
2024-10-04 00:07:26,415 [INFO] ThirdParty:981 - CMSIS Pack Vendor :SEGGER I-CUBE-embOS 1.3.1
2024-10-04 00:07:26,415 [INFO] ThirdParty:981 - CMSIS Pack Vendor :STMicroelectronics X-CUBE-ALGOBUILD 1.4.0
2024-10-04 00:07:26,415 [INFO] ThirdParty:981 - CMSIS Pack Vendor :STMicroelectronics FP-SNS-MOTENV1 5.0.0
2024-10-04 00:07:26,415 [INFO] ThirdParty:981 - CMSIS Pack Vendor :STMicroelectronics USB_DEVICE 1.0.0
2024-10-04 00:07:26,415 [INFO] ThirdParty:981 - CMSIS Pack Vendor :STMicroelectronics X-CUBE-AZRTOS-H7RS 1.0.0
2024-10-04 00:07:26,415 [INFO] ThirdParty:981 - CMSIS Pack Vendor :wolfSSL I-CUBE-wolfMQTT 1.19.0
2024-10-04 00:07:26,415 [INFO] ThirdParty:981 - CMSIS Pack Vendor :STMicroelectronics X-CUBE-AZRTOS-L4 2.0.0
2024-10-04 00:07:26,415 [INFO] ThirdParty:981 - CMSIS Pack Vendor :STMicroelectronics ThreadX 0.0.2
2024-10-04 00:07:26,416 [INFO] ThirdParty:981 - CMSIS Pack Vendor :WES I-CUBE-Cesium 1.3.0
2024-10-04 00:07:26,416 [INFO] ThirdParty:981 - CMSIS Pack Vendor :STMicroelectronics FP-ATR-ASTRA1 2.0.0
2024-10-04 00:07:26,416 [INFO] ThirdParty:981 - CMSIS Pack Vendor :STMicroelectronics lwIP 2.1.2
2024-10-04 00:07:26,416 [INFO] ThirdParty:981 - CMSIS Pack Vendor :STMicroelectronics X-CUBE-SFXS2LP1 4.0.0
2024-10-04 00:07:26,416 [INFO] ThirdParty:981 - CMSIS Pack Vendor :STMicroelectronics X-CUBE-BLE2 3.3.0
2024-10-04 00:07:26,416 [INFO] ThirdParty:981 - CMSIS Pack Vendor :STMicroelectronics X-CUBE-TOF1 3.4.1
2024-10-04 00:07:26,416 [INFO] ThirdParty:981 - CMSIS Pack Vendor :STMicroelectronics X-CUBE-AZRTOS-H7 3.2.0
2024-10-04 00:07:26,416 [INFO] ThirdParty:981 - CMSIS Pack Vendor :Infineon AIROC-Wi-Fi-Bluetooth-STM32 1.6.0
2024-10-04 00:07:26,416 [INFO] ThirdParty:981 - CMSIS Pack Vendor :STMicroelectronics PDM2PCM 3.2.0
2024-10-04 00:07:26,416 [INFO] ThirdParty:981 - CMSIS Pack Vendor :wolfSSL I-CUBE-wolfSSH 1.4.17
2024-10-04 00:07:26,416 [INFO] ThirdParty:797 - exiting critical section [change project]
2024-10-04 00:07:26,544 [INFO] PinOutPanel:1468 - setPackage(No Configuration,No Configuration)
2024-10-04 00:07:26,545 [INFO] PinOutPanel:1468 - setPackage(STM32F103C6Tx,LQFP48)
2024-10-04 00:07:26,764 [INFO] UtilMem:74 - Before build in PCC Used Memory: 869188768 Bytes (1042284544)
2024-10-04 00:07:27,221 [INFO] UtilMem:74 - After build in PCC Used Memory: 681950208 Bytes (1042284544)
2024-10-04 00:07:27,244 [INFO] IPUIPlugin:79 - create IPUIPlugin
2024-10-04 00:07:27,244 [INFO] IPUIPlugin:79 - create IPUIPlugin
2024-10-04 00:07:27,244 [INFO] IPUIPlugin:79 - create IPUIPlugin
2024-10-04 00:07:27,244 [INFO] IPUIPlugin:79 - create IPUIPlugin
2024-10-04 00:07:27,245 [INFO] IPUIPlugin:79 - create IPUIPlugin
2024-10-04 00:07:27,245 [INFO] IPUIPlugin:79 - create IPUIPlugin
2024-10-04 00:07:27,245 [INFO] IPUIPlugin:79 - create IPUIPlugin
2024-10-04 00:07:27,245 [INFO] IPUIPlugin:79 - create IPUIPlugin
2024-10-04 00:07:27,245 [INFO] IPUIPlugin:79 - create IPUIPlugin
2024-10-04 00:07:27,245 [INFO] IPUIPlugin:79 - create IPUIPlugin
2024-10-04 00:07:27,246 [INFO] IPUIPlugin:79 - create IPUIPlugin
2024-10-04 00:07:27,246 [INFO] IPUIPlugin:79 - create IPUIPlugin
2024-10-04 00:07:27,246 [INFO] IPUIPlugin:79 - create IPUIPlugin
2024-10-04 00:07:27,246 [INFO] IPUIPlugin:79 - create IPUIPlugin
2024-10-04 00:07:27,246 [INFO] IPUIPlugin:79 - create IPUIPlugin
2024-10-04 00:07:27,248 [INFO] IPUIPlugin:79 - create IPUIPlugin
2024-10-04 00:07:27,248 [INFO] IPUIPlugin:79 - create IPUIPlugin
2024-10-04 00:07:27,248 [INFO] IPUIPlugin:79 - create IPUIPlugin
2024-10-04 00:07:27,249 [INFO] IPUIPlugin:79 - create IPUIPlugin
2024-10-04 00:07:27,250 [INFO] IPUIPlugin:79 - create IPUIPlugin
2024-10-04 00:07:27,250 [INFO] IPUIPlugin:79 - create IPUIPlugin
2024-10-04 00:07:27,250 [INFO] IPUIPlugin:79 - create IPUIPlugin
2024-10-04 00:07:27,251 [INFO] IPUIPlugin:79 - create IPUIPlugin
2024-10-04 00:07:27,392 [INFO] OpenFileManager:327 - Restore cursor
2024-10-04 00:07:35,539 [INFO] Gpio:272 - dependency for GPIO []
2024-10-04 00:08:05,066 [INFO] UtilMem:74 - End SaveConfig() Used Memory: 720283664 Bytes (1042284544)
2024-10-04 00:08:06,917 [INFO] UtilMem:74 - End SaveConfig() Used Memory: 749117456 Bytes (1042284544)
2024-10-04 00:08:08,343 [INFO] UtilMem:74 - End SaveConfig() Used Memory: 781623312 Bytes (1042284544)
2024-10-04 00:08:08,771 [INFO] BlockDiagram:2753 - set Specific Code input for plugin: NVIC
2024-10-04 00:08:08,771 [INFO] BlockDiagram:2753 - set Specific Code input for plugin: GPIO
2024-10-04 00:08:08,771 [INFO] BlockDiagram:2753 - set Specific Code input for plugin: RCC
2024-10-04 00:08:08,771 [INFO] BlockDiagram:2753 - set Specific Code input for plugin: TIM1_8F1
2024-10-04 00:08:08,772 [INFO] CodeGenerator:690 - code generatio: config db path: D:\BKRA\KEIL C test\STM32CubeIDE_1.10.1\STM32CubeIDE\plugins\com.st.stm32cube.common.mx_6.6.1.202207061420\\db\
2024-10-04 00:08:08,966 [INFO] CodeEngine:245 - oldGeneratedFile, D:\BKU\Year 3\VXL-VDK\git3\lab3\MXTmpFiles\license.tmp_save
2024-10-04 00:08:09,078 [INFO] CodeEngine:269 - Generated code: D:\BKU\Year 3\VXL-VDK\git3\lab3\MXTmpFiles\license.tmp
2024-10-04 00:08:09,160 [INFO] CodeEngine:245 - oldGeneratedFile, D:\BKU\Year 3\VXL-VDK\git3\lab3\MXTmpFiles\gpio.tmp_save
2024-10-04 00:08:09,278 [INFO] CodeEngine:269 - Generated code: D:\BKU\Year 3\VXL-VDK\git3\lab3\MXTmpFiles\gpio.tmp
2024-10-04 00:08:09,502 [INFO] CodeEngine:245 - oldGeneratedFile, D:\BKU\Year 3\VXL-VDK\git3\lab3\Core\Src\stm32f1xx_it.c_save
2024-10-04 00:08:09,622 [INFO] CodeEngine:269 - Generated code: D:\BKU\Year 3\VXL-VDK\git3\lab3\Core\Src\stm32f1xx_it.c
2024-10-04 00:08:09,626 [INFO] CodeEngine:245 - oldGeneratedFile, D:\BKU\Year 3\VXL-VDK\git3\lab3\Core\Inc\stm32f1xx_it.h_save
2024-10-04 00:08:09,720 [INFO] CodeEngine:269 - Generated code: D:\BKU\Year 3\VXL-VDK\git3\lab3\Core\Inc\stm32f1xx_it.h
2024-10-04 00:08:09,758 [INFO] CodeEngine:245 - oldGeneratedFile, D:\BKU\Year 3\VXL-VDK\git3\lab3\Core\Src\stm32f1xx_hal_msp.c_save
2024-10-04 00:08:09,882 [INFO] CodeEngine:269 - Generated code: D:\BKU\Year 3\VXL-VDK\git3\lab3\Core\Src\stm32f1xx_hal_msp.c
2024-10-04 00:08:09,887 [INFO] CodeEngine:245 - oldGeneratedFile, D:\BKU\Year 3\VXL-VDK\git3\lab3\MXTmpFiles\system.tmp_save
2024-10-04 00:08:09,968 [INFO] CodeEngine:269 - Generated code: D:\BKU\Year 3\VXL-VDK\git3\lab3\MXTmpFiles\system.tmp
2024-10-04 00:08:09,976 [INFO] CodeEngine:245 - oldGeneratedFile, D:\BKU\Year 3\VXL-VDK\git3\lab3\Core\Inc\stm32f1xx_hal_conf.h_save
2024-10-04 00:08:10,065 [INFO] CodeEngine:269 - Generated code: D:\BKU\Year 3\VXL-VDK\git3\lab3\Core\Inc\stm32f1xx_hal_conf.h
2024-10-04 00:08:10,090 [WARN] IPConfigManager:3348 - IP not found : TIM
2024-10-04 00:08:10,091 [WARN] CodeGenerator:3567 - IP not found : null
2024-10-04 00:08:10,098 [INFO] CodeEngine:245 - oldGeneratedFile, D:\BKU\Year 3\VXL-VDK\git3\lab3\Core\Inc\main.h_save
2024-10-04 00:08:10,182 [INFO] CodeEngine:269 - Generated code: D:\BKU\Year 3\VXL-VDK\git3\lab3\Core\Inc\main.h
2024-10-04 00:08:10,187 [INFO] CodeEngine:245 - oldGeneratedFile, D:\BKU\Year 3\VXL-VDK\git3\lab3\Core\Src\main.c_save
2024-10-04 00:08:10,438 [INFO] CodeEngine:269 - Generated code: D:\BKU\Year 3\VXL-VDK\git3\lab3\Core\Src\main.c
2024-10-04 00:08:11,302 [INFO] ProjectBuilder:2919 - Time for Copy HAL[1] : 161mS.
2024-10-04 00:08:11,307 [INFO] ProjectBuilder:4117 - Project Generator version: 3.17.1
2024-10-04 00:08:11,854 [INFO] ConfigFileManager:1394 - The Die is : DIE412
2024-10-04 00:08:11,857 [INFO] ApiDbMcu:505 - Load IP Config File for FATFS
2024-10-04 00:08:11,861 [INFO] ApiDbMcu:505 - Load IP Config File for FREERTOS
2024-10-04 00:08:11,870 [INFO] ApiDbMcu:505 - Load IP Config File for USB_DEVICE
2024-10-04 00:08:14,400 [INFO] ProjectBuilder:4285 - Time for Generating toolchain IDE Files: 3093mS.
2024-10-04 00:08:14,407 [INFO] ProjectBuilder:2790 - Time for Copy CMSIS : 0mS.
2024-10-04 00:08:14,413 [INFO] ProjectBuilder:2790 - Time for Copy CMSIS : 0mS.
2024-10-04 00:13:53,031 [INFO] Gpio:272 - dependency for GPIO []
2024-10-04 00:13:54,489 [INFO] Gpio:272 - dependency for GPIO []
2024-10-04 00:13:55,924 [INFO] Gpio:272 - dependency for GPIO []
2024-10-04 00:13:57,279 [INFO] Gpio:272 - dependency for GPIO []
2024-10-04 00:14:03,129 [INFO] Gpio:272 - dependency for GPIO []
2024-10-04 00:14:04,865 [INFO] Gpio:272 - dependency for GPIO []
2024-10-04 00:14:41,762 [INFO] UtilMem:74 - End SaveConfig() Used Memory: 726002176 Bytes (1054867456)
2024-10-04 00:14:42,700 [INFO] UtilMem:74 - End SaveConfig() Used Memory: 749068800 Bytes (1054867456)
2024-10-04 00:14:44,246 [INFO] UtilMem:74 - End SaveConfig() Used Memory: 821972560 Bytes (1054867456)
2024-10-04 00:14:44,612 [INFO] BlockDiagram:2753 - set Specific Code input for plugin: NVIC
2024-10-04 00:14:44,613 [INFO] BlockDiagram:2753 - set Specific Code input for plugin: GPIO
2024-10-04 00:14:44,613 [INFO] BlockDiagram:2753 - set Specific Code input for plugin: RCC
2024-10-04 00:14:44,613 [INFO] BlockDiagram:2753 - set Specific Code input for plugin: TIM1_8F1
2024-10-04 00:14:44,614 [INFO] CodeGenerator:690 - code generatio: config db path: D:\BKRA\KEIL C test\STM32CubeIDE_1.10.1\STM32CubeIDE\plugins\com.st.stm32cube.common.mx_6.6.1.202207061420\\db\
2024-10-04 00:14:44,872 [INFO] CodeEngine:245 - oldGeneratedFile, D:\BKU\Year 3\VXL-VDK\git3\lab3\MXTmpFiles\license.tmp_save
2024-10-04 00:14:44,954 [INFO] CodeEngine:269 - Generated code: D:\BKU\Year 3\VXL-VDK\git3\lab3\MXTmpFiles\license.tmp
2024-10-04 00:14:44,999 [INFO] CodeEngine:245 - oldGeneratedFile, D:\BKU\Year 3\VXL-VDK\git3\lab3\MXTmpFiles\gpio.tmp_save
2024-10-04 00:14:45,096 [INFO] CodeEngine:269 - Generated code: D:\BKU\Year 3\VXL-VDK\git3\lab3\MXTmpFiles\gpio.tmp
2024-10-04 00:14:45,171 [INFO] CodeEngine:245 - oldGeneratedFile, D:\BKU\Year 3\VXL-VDK\git3\lab3\Core\Src\stm32f1xx_it.c_save
2024-10-04 00:14:45,281 [INFO] CodeEngine:269 - Generated code: D:\BKU\Year 3\VXL-VDK\git3\lab3\Core\Src\stm32f1xx_it.c
2024-10-04 00:14:45,287 [INFO] CodeEngine:245 - oldGeneratedFile, D:\BKU\Year 3\VXL-VDK\git3\lab3\Core\Inc\stm32f1xx_it.h_save
2024-10-04 00:14:45,395 [INFO] CodeEngine:269 - Generated code: D:\BKU\Year 3\VXL-VDK\git3\lab3\Core\Inc\stm32f1xx_it.h
2024-10-04 00:14:45,455 [INFO] CodeEngine:245 - oldGeneratedFile, D:\BKU\Year 3\VXL-VDK\git3\lab3\Core\Src\stm32f1xx_hal_msp.c_save
2024-10-04 00:14:45,602 [INFO] CodeEngine:269 - Generated code: D:\BKU\Year 3\VXL-VDK\git3\lab3\Core\Src\stm32f1xx_hal_msp.c
2024-10-04 00:14:45,606 [INFO] CodeEngine:245 - oldGeneratedFile, D:\BKU\Year 3\VXL-VDK\git3\lab3\MXTmpFiles\system.tmp_save
2024-10-04 00:14:45,688 [INFO] CodeEngine:269 - Generated code: D:\BKU\Year 3\VXL-VDK\git3\lab3\MXTmpFiles\system.tmp
2024-10-04 00:14:45,695 [INFO] CodeEngine:245 - oldGeneratedFile, D:\BKU\Year 3\VXL-VDK\git3\lab3\Core\Inc\stm32f1xx_hal_conf.h_save
2024-10-04 00:14:45,776 [INFO] CodeEngine:269 - Generated code: D:\BKU\Year 3\VXL-VDK\git3\lab3\Core\Inc\stm32f1xx_hal_conf.h
2024-10-04 00:14:45,791 [WARN] IPConfigManager:3348 - IP not found : TIM
2024-10-04 00:14:45,792 [WARN] CodeGenerator:3567 - IP not found : null
2024-10-04 00:14:45,801 [INFO] CodeEngine:245 - oldGeneratedFile, D:\BKU\Year 3\VXL-VDK\git3\lab3\Core\Inc\main.h_save
2024-10-04 00:14:45,895 [INFO] CodeEngine:269 - Generated code: D:\BKU\Year 3\VXL-VDK\git3\lab3\Core\Inc\main.h
2024-10-04 00:14:45,902 [INFO] CodeEngine:245 - oldGeneratedFile, D:\BKU\Year 3\VXL-VDK\git3\lab3\Core\Src\main.c_save
2024-10-04 00:14:46,222 [INFO] CodeEngine:269 - Generated code: D:\BKU\Year 3\VXL-VDK\git3\lab3\Core\Src\main.c
2024-10-04 00:14:46,898 [INFO] ProjectBuilder:2919 - Time for Copy HAL[1] : 196mS.
2024-10-04 00:14:46,902 [INFO] ProjectBuilder:4117 - Project Generator version: 3.17.1
2024-10-04 00:14:47,659 [INFO] ConfigFileManager:1394 - The Die is : DIE412
2024-10-04 00:14:49,765 [INFO] ProjectBuilder:4285 - Time for Generating toolchain IDE Files: 2863mS.
2024-10-04 00:14:49,767 [INFO] ProjectBuilder:2790 - Time for Copy CMSIS : 1mS.
2024-10-04 00:14:49,769 [INFO] ProjectBuilder:2790 - Time for Copy CMSIS : 0mS.
2024-10-04 00:18:34,904 [INFO] MainUpdater:2768 - connection check result : 10
2024-10-04 00:18:34,904 [INFO] MainUpdater:2768 - connection check result : 10
2024-10-04 00:18:34,916 [INFO] MicroXplorer:451 - Change Database Path : 
2024-10-04 00:18:34,917 [INFO] MicroXplorer:481 - Change Database Version : DB.6.0.60
2024-10-04 00:18:34,943 [WARN] ThirdParty:827 - waiting for thirdparty lock release [close project]
2024-10-04 00:18:34,943 [INFO] ThirdParty:829 - entering critical section [close project]
2024-10-04 00:18:34,943 [INFO] ThirdParty:839 - exiting critical section [close project]
2024-10-04 00:18:34,944 [INFO] PinOutPanel:1468 - setPackage(No Configuration,No Configuration)
2024-10-04 00:18:34,947 [INFO] UtilMem:74 - Begin LoadConfig() Used Memory: 796852680 Bytes (1059061760)
2024-10-04 00:18:34,948 [INFO] MicroXplorer:451 - Change Database Path : 
2024-10-04 00:18:34,948 [INFO] MicroXplorer:481 - Change Database Version : DB.6.0.60
2024-10-04 00:18:34,948 [INFO] OpenFileManager:307 - Change cursor
2024-10-04 00:18:34,972 [INFO] RulesReader:61 - Compatibility file has been processed (282 Rules)
2024-10-04 00:18:34,977 [INFO] Mcu:1922 - Initializing MCU STM32F103C(4-6)Tx STM32F103C6Tx STM32F103C6T6A
2024-10-04 00:18:35,540 [INFO] Context:654 - Trying to add GPIOservice into a context  which must be forbidden
2024-10-04 00:18:35,679 [WARN] ApiManager:308 - Cannot register API 'Board Extension:NFC09A1' from pack STMicroelectronics.X-CUBE-NFC9.1.0.0: no header file found
2024-10-04 00:18:35,680 [WARN] ApiManager:308 - Cannot register API 'Board Extension:GNSS1A1' from pack STMicroelectronics.X-CUBE-GNSS1.6.0.0: no header file found
2024-10-04 00:18:35,681 [WARN] ApiManager:308 - Cannot register API 'Board Support:Custom' from pack STMicroelectronics.X-CUBE-GNSS1.6.0.0: no header file found
2024-10-04 00:18:35,681 [WARN] ApiManager:308 - Cannot register API 'Data Exchange:lib_gnss' from pack STMicroelectronics.X-CUBE-GNSS1.6.0.0: no header file found
2024-10-04 00:18:35,686 [WARN] ApiManager:308 - Cannot register API 'Board Extension:GNSS1A1' from pack STMicroelectronics.X-CUBE-GNSS1.7.0.0: no header file found
2024-10-04 00:18:35,686 [WARN] ApiManager:308 - Cannot register API 'Board Support:Custom' from pack STMicroelectronics.X-CUBE-GNSS1.7.0.0: no header file found
2024-10-04 00:18:35,687 [WARN] ApiManager:308 - Cannot register API 'Data Exchange:lib_gnss' from pack STMicroelectronics.X-CUBE-GNSS1.7.0.0: no header file found
2024-10-04 00:18:35,689 [WARN] ApiManager:308 - Cannot register API 'Board Extension:NFC06A1' from pack STMicroelectronics.X-CUBE-NFC6.3.1.0: no header file found
2024-10-04 00:18:35,691 [WARN] ApiManager:308 - Cannot register API 'Board Extension:NFC08A1' from pack STMicroelectronics.X-CUBE-NFC6.3.1.0: no header file found
2024-10-04 00:18:35,808 [WARN] ApiManager:308 - Cannot register API 'Board Extension:IKS01A3' from pack STMicroelectronics.X-CUBE-MEMS1.11.0.0: no header file found
2024-10-04 00:18:35,808 [WARN] ApiManager:308 - Cannot register API 'Board Extension:IKS02A1' from pack STMicroelectronics.X-CUBE-MEMS1.11.0.0: no header file found
2024-10-04 00:18:35,809 [WARN] ApiManager:308 - Cannot register API 'Board Extension:IKS4A1' from pack STMicroelectronics.X-CUBE-MEMS1.11.0.0: no header file found
2024-10-04 00:18:35,813 [INFO] RtosManager:488 - Registered RTOS mode: class=CMSIS, group=RTOS, mode=CMSIS_V1, owner=FREERTOS
2024-10-04 00:18:35,813 [INFO] RtosManager:488 - Registered RTOS mode: class=CMSIS, group=RTOS2, mode=CMSIS_V2, owner=FREERTOS
2024-10-04 00:18:35,813 [INFO] RtosManager:488 - Registered RTOS mode: class=RTOS, group=Core, mode=CMSIS_V1, owner=FREERTOS
2024-10-04 00:18:35,813 [INFO] RtosManager:488 - Registered RTOS mode: class=RTOS, group=Core, mode=CMSIS_V2, owner=FREERTOS
2024-10-04 00:18:35,813 [WARN] ModelIntegratedComponent:185 - Missing modes for component STMicroelectronics:FreeRTOS:0.0.1:STMicroelectronics:RTOS:FreeRTOS:Core:::10.2.0:
2024-10-04 00:18:35,814 [WARN] ApiManager:308 - Cannot register API 'Board Extension:STSAFEA1' from pack STMicroelectronics.X-CUBE-SAFEA1.1.2.2: no header file found
2024-10-04 00:18:35,814 [WARN] ApiManager:308 - Cannot register API 'Board Part:STSAFEA110' from pack STMicroelectronics.X-CUBE-SAFEA1.1.2.2: no header file found
2024-10-04 00:18:35,814 [WARN] ApiManager:308 - Cannot register API 'Security:ST_Cryptolib' from pack STMicroelectronics.X-CUBE-SAFEA1.1.2.2: no header file found
2024-10-04 00:18:35,814 [WARN] ApiManager:308 - Cannot register API 'Security:MbedTLS' from pack STMicroelectronics.X-CUBE-SAFEA1.1.2.2: no header file found
2024-10-04 00:18:35,815 [WARN] ApiManager:308 - Cannot register API 'Board Extension:NFC04A1' from pack STMicroelectronics.X-CUBE-NFC4.3.0.0: no header file found
2024-10-04 00:18:35,817 [WARN] ApiManager:308 - Cannot register API 'Board Extension:S2868A1' from pack STMicroelectronics.X-CUBE-SUBG2.5.0.0: no header file found
2024-10-04 00:18:35,817 [WARN] ApiManager:308 - Cannot register API 'Board Extension:S2868A2' from pack STMicroelectronics.X-CUBE-SUBG2.5.0.0: no header file found
2024-10-04 00:18:35,817 [WARN] ApiManager:308 - Cannot register API 'Board Extension:S2915A1' from pack STMicroelectronics.X-CUBE-SUBG2.5.0.0: no header file found
2024-10-04 00:18:35,819 [WARN] ApiManager:308 - Cannot register API 'Wireless:BlueNRG-MS' from pack STMicroelectronics.X-CUBE-BLE1.7.0.0: no header file found
2024-10-04 00:18:35,820 [WARN] ApiManager:308 - Cannot register API 'Board Extension:NFC10A1' from pack STMicroelectronics.X-CUBE-NFC10.1.0.0: no header file found
2024-10-04 00:18:35,821 [WARN] ApiManager:308 - Cannot register API 'Board Extension:EEPRMA2' from pack STMicroelectronics.X-CUBE-EEPRMA1.5.1.0: no header file found
2024-10-04 00:18:35,821 [WARN] ApiManager:308 - Cannot register API 'Board Extension:PGEEZ1' from pack STMicroelectronics.X-CUBE-EEPRMA1.5.1.0: no header file found
2024-10-04 00:18:35,821 [WARN] ApiManager:308 - Cannot register API 'Board Extension:EEICA1' from pack STMicroelectronics.X-CUBE-EEPRMA1.5.1.0: no header file found
2024-10-04 00:18:35,821 [WARN] ApiManager:308 - Cannot register API 'Board Part:M24' from pack STMicroelectronics.X-CUBE-EEPRMA1.5.1.0: no header file found
2024-10-04 00:18:35,821 [WARN] ApiManager:308 - Cannot register API 'Board Part:M95' from pack STMicroelectronics.X-CUBE-EEPRMA1.5.1.0: no header file found
2024-10-04 00:18:35,821 [WARN] ApiManager:308 - Cannot register API 'Board Part:M95P32' from pack STMicroelectronics.X-CUBE-EEPRMA1.5.1.0: no header file found
2024-10-04 00:18:35,821 [WARN] ApiManager:308 - Cannot register API 'Board Part:M24256E-F' from pack STMicroelectronics.X-CUBE-EEPRMA1.5.1.0: no header file found
2024-10-04 00:18:35,821 [WARN] ApiManager:308 - Cannot register API 'Board Part:M24M01E-F' from pack STMicroelectronics.X-CUBE-EEPRMA1.5.1.0: no header file found
2024-10-04 00:18:35,821 [WARN] ApiManager:308 - Cannot register API 'PGEEZ1:SPI' from pack STMicroelectronics.X-CUBE-EEPRMA1.5.1.0: no header file found
2024-10-04 00:18:35,821 [WARN] ApiManager:308 - Cannot register API 'PGEEZ1:QDSPI' from pack STMicroelectronics.X-CUBE-EEPRMA1.5.1.0: no header file found
2024-10-04 00:18:35,822 [WARN] ModelIntegratedComponent:64 - No mode defined for component null
2024-10-04 00:18:35,822 [WARN] ModelIntegratedComponent:64 - No mode defined for component null
2024-10-04 00:18:35,822 [WARN] ModelIntegratedComponent:64 - No mode defined for component null
2024-10-04 00:18:35,822 [WARN] ModelIntegratedComponent:64 - No mode defined for component null
2024-10-04 00:18:35,822 [WARN] ModelIntegratedComponent:64 - No mode defined for component null
2024-10-04 00:18:35,822 [WARN] ModelIntegratedComponent:64 - No mode defined for component null
2024-10-04 00:18:35,822 [WARN] ModelIntegratedComponent:64 - No mode defined for component null
2024-10-04 00:18:35,822 [WARN] ModelIntegratedComponent:64 - No mode defined for component null
2024-10-04 00:18:35,822 [WARN] ModelIntegratedComponent:64 - No mode defined for component null
2024-10-04 00:18:35,822 [WARN] ModelIntegratedComponent:64 - No mode defined for component null
2024-10-04 00:18:35,822 [WARN] ModelIntegratedComponent:64 - No mode defined for component null
2024-10-04 00:18:35,822 [WARN] ModelIntegratedComponent:64 - No mode defined for component null
2024-10-04 00:18:35,822 [WARN] ModelIntegratedComponent:64 - No mode defined for component null
2024-10-04 00:18:35,822 [WARN] ModelIntegratedComponent:64 - No mode defined for component null
2024-10-04 00:18:35,822 [WARN] ModelIntegratedComponent:64 - No mode defined for component null
2024-10-04 00:18:35,822 [WARN] ModelIntegratedComponent:64 - No mode defined for component null
2024-10-04 00:18:35,822 [WARN] ModelIntegratedComponent:64 - No mode defined for component null
2024-10-04 00:18:35,822 [WARN] ModelIntegratedComponent:64 - No mode defined for component null
2024-10-04 00:18:35,822 [WARN] ModelIntegratedComponent:64 - No mode defined for component null
2024-10-04 00:18:35,822 [WARN] ModelIntegratedComponent:64 - No mode defined for component null
2024-10-04 00:18:35,823 [WARN] ModelIntegratedComponent:64 - No mode defined for component null
2024-10-04 00:18:35,823 [WARN] ModelIntegratedComponent:64 - No mode defined for component null
2024-10-04 00:18:35,823 [WARN] ModelIntegratedComponent:64 - No mode defined for component null
2024-10-04 00:18:35,823 [WARN] ModelIntegratedComponent:64 - No mode defined for component null
2024-10-04 00:18:35,823 [WARN] ModelIntegratedComponent:64 - No mode defined for component null
2024-10-04 00:18:35,823 [WARN] ModelIntegratedComponent:64 - No mode defined for component null
2024-10-04 00:18:35,823 [WARN] ModelIntegratedComponent:64 - No mode defined for component null
2024-10-04 00:18:35,823 [WARN] ModelIntegratedComponent:64 - No mode defined for component null
2024-10-04 00:18:35,823 [WARN] ModelIntegratedComponent:64 - No mode defined for component null
2024-10-04 00:18:35,823 [WARN] ModelIntegratedComponent:64 - No mode defined for component null
2024-10-04 00:18:35,823 [WARN] ModelIntegratedComponent:64 - No mode defined for component null
2024-10-04 00:18:35,824 [WARN] ModelIntegratedComponent:64 - No mode defined for component null
2024-10-04 00:18:35,824 [WARN] ModelIntegratedComponent:64 - No mode defined for component null
2024-10-04 00:18:35,922 [WARN] ApiManager:308 - Cannot register API 'Board Extension:IKS01A3' from pack STMicroelectronics.X-CUBE-MEMS1.10.0.0: no header file found
2024-10-04 00:18:35,922 [WARN] ApiManager:308 - Cannot register API 'Board Extension:IKS02A1' from pack STMicroelectronics.X-CUBE-MEMS1.10.0.0: no header file found
2024-10-04 00:18:35,922 [WARN] ApiManager:308 - Cannot register API 'Board Extension:IKS4A1' from pack STMicroelectronics.X-CUBE-MEMS1.10.0.0: no header file found
2024-10-04 00:18:35,927 [WARN] ApiManager:308 - Cannot register API 'Board Extension:NFC07A1' from pack STMicroelectronics.X-CUBE-NFC7.1.0.1: no header file found
2024-10-04 00:18:35,937 [WARN] ApiManager:308 - Cannot register API 'Board Extension:S2868A1' from pack STMicroelectronics.X-CUBE-SFXS2LP1.4.0.0: no header file found
2024-10-04 00:18:35,937 [WARN] ApiManager:308 - Cannot register API 'Board Extension:S2868A2' from pack STMicroelectronics.X-CUBE-SFXS2LP1.4.0.0: no header file found
2024-10-04 00:18:35,937 [WARN] ApiManager:308 - Cannot register API 'Board Extension:S2915A1' from pack STMicroelectronics.X-CUBE-SFXS2LP1.4.0.0: no header file found
2024-10-04 00:18:35,938 [WARN] ApiManager:308 - Cannot register API 'Wireless:BlueNRG-2' from pack STMicroelectronics.X-CUBE-BLE2.3.3.0: no header file found
2024-10-04 00:18:35,951 [INFO] ThirdPartyModel:289 - Start build external matchings
2024-10-04 00:18:36,602 [INFO] ThirdPartyModel:302 - End build external matchings
2024-10-04 00:18:36,710 [INFO] UtilMem:74 - End LoadConfig() Used Memory: 822502000 Bytes (1059061760)
2024-10-04 00:18:36,754 [WARN] ThirdParty:789 - waiting for thirdparty lock release [change project]
2024-10-04 00:18:36,754 [INFO] ThirdParty:791 - entering critical section [change project]
2024-10-04 00:18:36,754 [INFO] ThirdParty:981 - CMSIS Pack Vendor :STMicroelectronics X-CUBE-AZRTOS-H7 3.3.0
2024-10-04 00:18:36,754 [INFO] ThirdParty:981 - CMSIS Pack Vendor :STMicroelectronics X-CUBE-NFC9 1.0.0
2024-10-04 00:18:36,754 [INFO] ThirdParty:981 - CMSIS Pack Vendor :STMicroelectronics X-CUBE-GNSS1 6.0.0
2024-10-04 00:18:36,754 [INFO] ThirdParty:981 - CMSIS Pack Vendor :STMicroelectronics USB_HOST 2.0.0
2024-10-04 00:18:36,754 [INFO] ThirdParty:981 - CMSIS Pack Vendor :STMicroelectronics FP-SNS-MOTENVWB1 1.4.0
2024-10-04 00:18:36,754 [INFO] ThirdParty:981 - CMSIS Pack Vendor :STMicroelectronics X-CUBE-AZRTOS-F4 1.1.0
2024-10-04 00:18:36,754 [INFO] ThirdParty:981 - CMSIS Pack Vendor :STMicroelectronics LIBJPEG 8.0.0
2024-10-04 00:18:36,754 [INFO] ThirdParty:981 - CMSIS Pack Vendor :STMicroelectronics X-CUBE-SMBUS 2.1.0
2024-10-04 00:18:36,754 [INFO] ThirdParty:981 - CMSIS Pack Vendor :STMicroelectronics USB_DEVICE 3.0.0
2024-10-04 00:18:36,754 [INFO] ThirdParty:981 - CMSIS Pack Vendor :STMicroelectronics X-CUBE-TCPP 4.1.0
2024-10-04 00:18:36,754 [INFO] ThirdParty:981 - CMSIS Pack Vendor :STMicroelectronics X-CUBE-ISPU 2.1.0
2024-10-04 00:18:36,754 [INFO] ThirdParty:981 - CMSIS Pack Vendor :STMicroelectronics X-CUBE-FREERTOS 1.2.0
2024-10-04 00:18:36,754 [INFO] ThirdParty:981 - CMSIS Pack Vendor :STMicroelectronics X-CUBE-AZRTOS-WB 2.0.0
2024-10-04 00:18:36,754 [INFO] ThirdParty:981 - CMSIS Pack Vendor :STMicroelectronics X-CUBE-GNSS1 7.0.0
2024-10-04 00:18:36,754 [INFO] ThirdParty:981 - CMSIS Pack Vendor :STMicroelectronics X-CUBE-TOUCHGFX 4.23.2
2024-10-04 00:18:36,754 [INFO] ThirdParty:981 - CMSIS Pack Vendor :STMicroelectronics X-CUBE-AZRTOS-F7 1.1.0
2024-10-04 00:18:36,754 [INFO] ThirdParty:981 - CMSIS Pack Vendor :STMicroelectronics X-CUBE-AZRTOS-L5 2.0.0
2024-10-04 00:18:36,755 [INFO] ThirdParty:981 - CMSIS Pack Vendor :STMicroelectronics USB_DEVICE 2.0.0
2024-10-04 00:18:36,755 [INFO] ThirdParty:981 - CMSIS Pack Vendor :STMicroelectronics X-CUBE-NFC6 3.1.0
2024-10-04 00:18:36,755 [INFO] ThirdParty:981 - CMSIS Pack Vendor :STMicroelectronics X-CUBE-ALGOBUILD 1.3.0
2024-10-04 00:18:36,755 [INFO] ThirdParty:981 - CMSIS Pack Vendor :STMicroelectronics X-CUBE-MEMS1 11.0.0
2024-10-04 00:18:36,755 [INFO] ThirdParty:981 - CMSIS Pack Vendor :STMicroelectronics FreeRTOS 0.0.1
2024-10-04 00:18:36,755 [INFO] ThirdParty:981 - CMSIS Pack Vendor :STMicroelectronics X-CUBE-AZRTOS-G0 1.1.0
2024-10-04 00:18:36,755 [INFO] ThirdParty:981 - CMSIS Pack Vendor :STMicroelectronics X-CUBE-SAFEA1 1.2.2
2024-10-04 00:18:36,755 [INFO] ThirdParty:981 - CMSIS Pack Vendor :STMicroelectronics X-CUBE-NFC4 3.0.0
2024-10-04 00:18:36,755 [INFO] ThirdParty:981 - CMSIS Pack Vendor :STMicroelectronics X-CUBE-SUBG2 5.0.0
2024-10-04 00:18:36,755 [INFO] ThirdParty:981 - CMSIS Pack Vendor :STMicroelectronics STM32_WPAN 1.0.0
2024-10-04 00:18:36,755 [INFO] ThirdParty:981 - CMSIS Pack Vendor :wolfSSL I-CUBE-wolfMQTT 1.18.0
2024-10-04 00:18:36,755 [INFO] ThirdParty:981 - CMSIS Pack Vendor :STMicroelectronics lwIP 2.0.3
2024-10-04 00:18:36,755 [INFO] ThirdParty:981 - CMSIS Pack Vendor :STMicroelectronics FP-SNS-FLIGHT1 5.0.2
2024-10-04 00:18:36,755 [INFO] ThirdParty:981 - CMSIS Pack Vendor :STMicroelectronics USB_HOST 1.0.0
2024-10-04 00:18:36,755 [INFO] ThirdParty:981 - CMSIS Pack Vendor :STMicroelectronics X-CUBE-AI 9.0.0
2024-10-04 00:18:36,755 [INFO] ThirdParty:981 - CMSIS Pack Vendor :STMicroelectronics X-CUBE-AZRTOS-G4 2.0.0
2024-10-04 00:18:36,755 [INFO] ThirdParty:981 - CMSIS Pack Vendor :STMicroelectronics PDM2PCM 3.1.0
2024-10-04 00:18:36,755 [INFO] ThirdParty:981 - CMSIS Pack Vendor :STMicroelectronics PDM2PCM 3.3.0
2024-10-04 00:18:36,755 [INFO] ThirdParty:981 - CMSIS Pack Vendor :STMicroelectronics X-CUBE-DISPLAY 3.0.0
2024-10-04 00:18:36,755 [INFO] ThirdParty:981 - CMSIS Pack Vendor :wolfSSL I-CUBE-wolfSSL 5.7.0
2024-10-04 00:18:36,755 [INFO] ThirdParty:981 - CMSIS Pack Vendor :STMicroelectronics X-CUBE-BLE1 7.0.0
2024-10-04 00:18:36,755 [INFO] ThirdParty:981 - CMSIS Pack Vendor :STMicroelectronics FP-ATR-SIGFOX1 3.2.0
2024-10-04 00:18:36,756 [INFO] ThirdParty:981 - CMSIS Pack Vendor :STMicroelectronics X-CUBE-NFC10 1.0.0
2024-10-04 00:18:36,756 [INFO] ThirdParty:981 - CMSIS Pack Vendor :STMicroelectronics X-CUBE-ISPU 2.0.0
2024-10-04 00:18:36,756 [INFO] ThirdParty:981 - CMSIS Pack Vendor :STMicroelectronics X-CUBE-EEPRMA1 5.1.0
2024-10-04 00:18:36,756 [INFO] ThirdParty:981 - CMSIS Pack Vendor :STMicroelectronics HAL Drivers 0.0.0
2024-10-04 00:18:36,756 [INFO] ThirdParty:981 - CMSIS Pack Vendor :STMicroelectronics MBEDTLS 2.16.2
2024-10-04 00:18:36,756 [INFO] ThirdParty:981 - CMSIS Pack Vendor :STMicroelectronics X-CUBE-ALS 1.0.2
2024-10-04 00:18:36,756 [INFO] ThirdParty:981 - CMSIS Pack Vendor :emotas I-CUBE-CANOPEN 1.3.0
2024-10-04 00:18:36,756 [INFO] ThirdParty:981 - CMSIS Pack Vendor :STMicroelectronics X-CUBE-MEMS1 10.0.0
2024-10-04 00:18:36,756 [INFO] ThirdParty:981 - CMSIS Pack Vendor :STMicroelectronics X-CUBE-NFC7 1.0.1
2024-10-04 00:18:36,756 [INFO] ThirdParty:981 - CMSIS Pack Vendor :STMicroelectronics MBEDTLS 2.14.1
2024-10-04 00:18:36,756 [INFO] ThirdParty:981 - CMSIS Pack Vendor :STMicroelectronics X-CUBE-TOUCHGFX 4.24.0
2024-10-04 00:18:36,756 [INFO] ThirdParty:981 - CMSIS Pack Vendor :ITTIA_DB I-CUBE-ITTIADB 8.9.0
2024-10-04 00:18:36,756 [INFO] ThirdParty:981 - CMSIS Pack Vendor :wolfSSL I-CUBE-wolfTPM 3.2.0
2024-10-04 00:18:36,756 [INFO] ThirdParty:981 - CMSIS Pack Vendor :STMicroelectronics X-CUBE-TOUCHGFX 4.24.1
2024-10-04 00:18:36,756 [INFO] ThirdParty:981 - CMSIS Pack Vendor :portGmbH I-Cube-SoM-uGOAL 1.1.0
2024-10-04 00:18:36,756 [INFO] ThirdParty:981 - CMSIS Pack Vendor :STMicroelectronics X-CUBE-ALS 1.0.1
2024-10-04 00:18:36,756 [INFO] ThirdParty:981 - CMSIS Pack Vendor :STMicroelectronics X-CUBE-BLEMGR 3.1.0
2024-10-04 00:18:36,756 [INFO] ThirdParty:981 - CMSIS Pack Vendor :STMicroelectronics ThreadX 1.0.0
2024-10-04 00:18:36,757 [INFO] ThirdParty:981 - CMSIS Pack Vendor :STMicroelectronics FP-SNS-SMARTAG2 1.2.0
2024-10-04 00:18:36,757 [INFO] ThirdParty:981 - CMSIS Pack Vendor :STMicroelectronics X-CUBE-AZRTOS-WL 2.0.0
2024-10-04 00:18:36,757 [INFO] ThirdParty:981 - CMSIS Pack Vendor :SEGGER I-CUBE-embOS 1.3.1
2024-10-04 00:18:36,757 [INFO] ThirdParty:981 - CMSIS Pack Vendor :STMicroelectronics X-CUBE-ALGOBUILD 1.4.0
2024-10-04 00:18:36,757 [INFO] ThirdParty:981 - CMSIS Pack Vendor :STMicroelectronics FP-SNS-MOTENV1 5.0.0
2024-10-04 00:18:36,757 [INFO] ThirdParty:981 - CMSIS Pack Vendor :STMicroelectronics USB_DEVICE 1.0.0
2024-10-04 00:18:36,757 [INFO] ThirdParty:981 - CMSIS Pack Vendor :STMicroelectronics X-CUBE-AZRTOS-H7RS 1.0.0
2024-10-04 00:18:36,758 [INFO] ThirdParty:981 - CMSIS Pack Vendor :wolfSSL I-CUBE-wolfMQTT 1.19.0
2024-10-04 00:18:36,758 [INFO] ThirdParty:981 - CMSIS Pack Vendor :STMicroelectronics X-CUBE-AZRTOS-L4 2.0.0
2024-10-04 00:18:36,758 [INFO] ThirdParty:981 - CMSIS Pack Vendor :STMicroelectronics ThreadX 0.0.2
2024-10-04 00:18:36,758 [INFO] ThirdParty:981 - CMSIS Pack Vendor :WES I-CUBE-Cesium 1.3.0
2024-10-04 00:18:36,758 [INFO] ThirdParty:981 - CMSIS Pack Vendor :STMicroelectronics FP-ATR-ASTRA1 2.0.0
2024-10-04 00:18:36,758 [INFO] ThirdParty:981 - CMSIS Pack Vendor :STMicroelectronics lwIP 2.1.2
2024-10-04 00:18:36,758 [INFO] ThirdParty:981 - CMSIS Pack Vendor :STMicroelectronics X-CUBE-SFXS2LP1 4.0.0
2024-10-04 00:18:36,758 [INFO] ThirdParty:981 - CMSIS Pack Vendor :STMicroelectronics X-CUBE-BLE2 3.3.0
2024-10-04 00:18:36,759 [INFO] ThirdParty:981 - CMSIS Pack Vendor :STMicroelectronics X-CUBE-TOF1 3.4.1
2024-10-04 00:18:36,759 [INFO] ThirdParty:981 - CMSIS Pack Vendor :STMicroelectronics X-CUBE-AZRTOS-H7 3.2.0
2024-10-04 00:18:36,759 [INFO] ThirdParty:981 - CMSIS Pack Vendor :Infineon AIROC-Wi-Fi-Bluetooth-STM32 1.6.0
2024-10-04 00:18:36,759 [INFO] ThirdParty:981 - CMSIS Pack Vendor :STMicroelectronics PDM2PCM 3.2.0
2024-10-04 00:18:36,759 [INFO] ThirdParty:981 - CMSIS Pack Vendor :wolfSSL I-CUBE-wolfSSH 1.4.17
2024-10-04 00:18:36,760 [INFO] ThirdParty:797 - exiting critical section [change project]
2024-10-04 00:18:36,882 [INFO] PinOutPanel:1468 - setPackage(No Configuration,No Configuration)
2024-10-04 00:18:36,882 [INFO] PinOutPanel:1468 - setPackage(STM32F103C6Tx,LQFP48)
2024-10-04 00:18:37,090 [INFO] UtilMem:74 - Before build in PCC Used Memory: 677224144 Bytes (1059061760)
2024-10-04 00:18:37,320 [INFO] UtilMem:74 - After build in PCC Used Memory: 719167768 Bytes (1059061760)
2024-10-04 00:18:37,338 [INFO] IPUIPlugin:79 - create IPUIPlugin
2024-10-04 00:18:37,339 [INFO] IPUIPlugin:79 - create IPUIPlugin
2024-10-04 00:18:37,339 [INFO] IPUIPlugin:79 - create IPUIPlugin
2024-10-04 00:18:37,339 [INFO] IPUIPlugin:79 - create IPUIPlugin
2024-10-04 00:18:37,339 [INFO] IPUIPlugin:79 - create IPUIPlugin
2024-10-04 00:18:37,339 [INFO] IPUIPlugin:79 - create IPUIPlugin
2024-10-04 00:18:37,339 [INFO] IPUIPlugin:79 - create IPUIPlugin
2024-10-04 00:18:37,339 [INFO] IPUIPlugin:79 - create IPUIPlugin
2024-10-04 00:18:37,340 [INFO] IPUIPlugin:79 - create IPUIPlugin
2024-10-04 00:18:37,340 [INFO] IPUIPlugin:79 - create IPUIPlugin
2024-10-04 00:18:37,341 [INFO] IPUIPlugin:79 - create IPUIPlugin
2024-10-04 00:18:37,341 [INFO] IPUIPlugin:79 - create IPUIPlugin
2024-10-04 00:18:37,341 [INFO] IPUIPlugin:79 - create IPUIPlugin
2024-10-04 00:18:37,341 [INFO] IPUIPlugin:79 - create IPUIPlugin
2024-10-04 00:18:37,341 [INFO] IPUIPlugin:79 - create IPUIPlugin
2024-10-04 00:18:37,342 [INFO] IPUIPlugin:79 - create IPUIPlugin
2024-10-04 00:18:37,342 [INFO] IPUIPlugin:79 - create IPUIPlugin
2024-10-04 00:18:37,343 [INFO] IPUIPlugin:79 - create IPUIPlugin
2024-10-04 00:18:37,343 [INFO] IPUIPlugin:79 - create IPUIPlugin
2024-10-04 00:18:37,343 [INFO] IPUIPlugin:79 - create IPUIPlugin
2024-10-04 00:18:37,344 [INFO] IPUIPlugin:79 - create IPUIPlugin
2024-10-04 00:18:37,344 [INFO] IPUIPlugin:79 - create IPUIPlugin
2024-10-04 00:18:37,344 [INFO] IPUIPlugin:79 - create IPUIPlugin
2024-10-04 00:18:37,446 [INFO] OpenFileManager:327 - Restore cursor
2024-10-04 10:57:40,387 [INFO] Activator:177 - 


2024-10-04 10:57:40,391 [INFO] Activator:178 - !SESSION log4j initialized
2024-10-04 10:58:15,046 [ERROR] LogOutputStream:74 - [STDERR_REDIRECT] SLF4J: Failed to load class "org.slf4j.impl.StaticLoggerBinder".
2024-10-04 10:58:15,047 [ERROR] LogOutputStream:74 - [STDERR_REDIRECT] SLF4J: Defaulting to no-operation (NOP) logger implementation
2024-10-04 10:58:15,050 [ERROR] LogOutputStream:74 - [STDERR_REDIRECT] SLF4J: See http://www.slf4j.org/codes.html#StaticLoggerBinder for further details.
2024-10-04 13:12:13,132 [INFO] Activator:177 - 


2024-10-04 13:12:13,136 [INFO] Activator:178 - !SESSION log4j initialized
2024-10-04 13:12:50,234 [ERROR] LogOutputStream:74 - [STDERR_REDIRECT] SLF4J: Failed to load class "org.slf4j.impl.StaticLoggerBinder".
2024-10-04 13:12:50,236 [ERROR] LogOutputStream:74 - [STDERR_REDIRECT] SLF4J: Defaulting to no-operation (NOP) logger implementation
2024-10-04 13:12:50,240 [ERROR] LogOutputStream:74 - [STDERR_REDIRECT] SLF4J: See http://www.slf4j.org/codes.html#StaticLoggerBinder for further details.
2024-10-04 14:41:28,752 [INFO] Activator:177 - 


2024-10-04 14:41:28,755 [INFO] Activator:178 - !SESSION log4j initialized
2024-10-04 14:42:07,951 [ERROR] LogOutputStream:74 - [STDERR_REDIRECT] SLF4J: Failed to load class "org.slf4j.impl.StaticLoggerBinder".
2024-10-04 14:42:07,953 [ERROR] LogOutputStream:74 - [STDERR_REDIRECT] SLF4J: Defaulting to no-operation (NOP) logger implementation
2024-10-04 14:42:07,956 [ERROR] LogOutputStream:74 - [STDERR_REDIRECT] SLF4J: See http://www.slf4j.org/codes.html#StaticLoggerBinder for further details.
2024-10-04 15:31:36,740 [INFO] McuFinderGlobals:44 - Set McuFinder mode to 2 (CubeIDE integrated)
2024-10-04 15:31:37,111 [INFO] ApplicationProperties:181 - Using Application install path: D:\BKRA\KEIL C test\STM32CubeIDE_1.10.1\STM32CubeIDE\plugins\com.st.stm32cube.common.mx_6.6.1.202207061420
2024-10-04 15:31:37,140 [INFO] DbMcusXml:77 - Set database path to: D:\BKRA\KEIL C test\STM32CubeIDE_1.10.1\STM32CubeIDE\plugins\com.st.stm32cube.common.mx_6.6.1.202207061420\\db\/mcu/
2024-10-04 15:31:37,141 [INFO] ApiDb:269 - Set plugin database path to: D:\BKRA\KEIL C test\STM32CubeIDE_1.10.1\STM32CubeIDE\plugins\com.st.stm32cube.common.mx_6.6.1.202207061420\\db\/plugins/boardmanager/
2024-10-04 15:31:37,146 [WARN] ApiDb:254 - Overriding images path with different value:  => D:\BKRA\KEIL C test\STM32CubeIDE_1.10.1\STM32CubeIDE\plugins\com.st.stm32cube.common.mx_6.6.1.202207061420\\db\/plugins/mcufinder/images/
2024-10-04 15:31:37,168 [INFO] ApiDb:249 - Set database path to: C:\Users\User\.stmcufinder\plugins\mcufinder//mcu/
2024-10-04 15:31:37,172 [INFO] DbMcusAds:124 - Set database path to: C:\Users\User\.stmcufinder\plugins\mcufinder//mcu/
2024-10-04 15:31:37,319 [INFO] CrossReferenceDbSqlite:201 - Set database path to: C:\Users\User\.stmcufinder\plugins\mcufinder//mcu/cs/
2024-10-04 15:31:37,497 [INFO] RulesReader:61 - Compatibility file has been processed (282 Rules)
2024-10-04 15:31:37,649 [INFO] DbMcusXml:77 - Set database path to: D:\BKRA\KEIL C test\STM32CubeIDE_1.10.1\STM32CubeIDE\plugins\com.st.stm32cube.common.mx_6.6.1.202207061420\\db\/mcu/
2024-10-04 15:31:37,650 [INFO] ApiDb:269 - Set plugin database path to: D:\BKRA\KEIL C test\STM32CubeIDE_1.10.1\STM32CubeIDE\plugins\com.st.stm32cube.common.mx_6.6.1.202207061420\\db\/plugins/boardmanager/
2024-10-04 15:31:37,650 [INFO] ApiDb:256 - Set plugin images path to: D:\BKRA\KEIL C test\STM32CubeIDE_1.10.1\STM32CubeIDE\plugins\com.st.stm32cube.common.mx_6.6.1.202207061420\\db\/plugins/mcufinder/images/
2024-10-04 15:31:37,651 [WARN] DbFile:40 - Overriding database path with different value: C:\Users\User\.stmcufinder\plugins\mcufinder/ => C:\Users\User\.stmcufinder\plugins\mcufinder
2024-10-04 15:31:37,651 [INFO] ApiDb:249 - Set database path to: C:\Users\User\.stmcufinder\plugins\mcufinder//mcu/
2024-10-04 15:31:37,652 [WARN] DbFile:40 - Overriding database path with different value: C:\Users\User\.stmcufinder\plugins\mcufinder/ => C:\Users\User\.stmcufinder\plugins\mcufinder
2024-10-04 15:31:37,652 [INFO] DbMcusAds:124 - Set database path to: C:\Users\User\.stmcufinder\plugins\mcufinder//mcu/
2024-10-04 15:31:37,653 [WARN] DbFile:40 - Overriding database path with different value: C:\Users\User\.stmcufinder\plugins\mcufinder/ => C:\Users\User\.stmcufinder\plugins\mcufinder
2024-10-04 15:31:37,653 [WARN] DbFile:40 - Overriding database path with different value: C:\Users\User\.stmcufinder\plugins\mcufinder/ => C:\Users\User\.stmcufinder\plugins\mcufinder
2024-10-04 15:31:37,653 [INFO] CrossReferenceDbSqlite:201 - Set database path to: C:\Users\User\.stmcufinder\plugins\mcufinder//mcu/cs/
2024-10-04 15:31:37,826 [INFO] MainPanel:242 - HeapMemory: 608174080
2024-10-04 15:31:38,028 [INFO] DbMcusXml:77 - Set database path to: D:\BKRA\KEIL C test\STM32CubeIDE_1.10.1\STM32CubeIDE\plugins\com.st.stm32cube.common.mx_6.6.1.202207061420\\db\/mcu/
2024-10-04 15:31:38,028 [INFO] ApiDb:269 - Set plugin database path to: D:\BKRA\KEIL C test\STM32CubeIDE_1.10.1\STM32CubeIDE\plugins\com.st.stm32cube.common.mx_6.6.1.202207061420\\db\/plugins/boardmanager/
2024-10-04 15:31:38,029 [INFO] ApiDb:256 - Set plugin images path to: D:\BKRA\KEIL C test\STM32CubeIDE_1.10.1\STM32CubeIDE\plugins\com.st.stm32cube.common.mx_6.6.1.202207061420\\db\/plugins/mcufinder/images/
2024-10-04 15:31:38,030 [WARN] DbFile:40 - Overriding database path with different value: C:\Users\User\.stmcufinder\plugins\mcufinder/ => C:\Users\User\.stmcufinder\plugins\mcufinder
2024-10-04 15:31:38,030 [INFO] ApiDb:249 - Set database path to: C:\Users\User\.stmcufinder\plugins\mcufinder//mcu/
2024-10-04 15:31:38,031 [WARN] DbFile:40 - Overriding database path with different value: C:\Users\User\.stmcufinder\plugins\mcufinder/ => C:\Users\User\.stmcufinder\plugins\mcufinder
2024-10-04 15:31:38,031 [INFO] DbMcusAds:124 - Set database path to: C:\Users\User\.stmcufinder\plugins\mcufinder//mcu/
2024-10-04 15:31:38,032 [WARN] DbFile:40 - Overriding database path with different value: C:\Users\User\.stmcufinder\plugins\mcufinder/ => C:\Users\User\.stmcufinder\plugins\mcufinder
2024-10-04 15:31:38,033 [WARN] DbFile:40 - Overriding database path with different value: C:\Users\User\.stmcufinder\plugins\mcufinder/ => C:\Users\User\.stmcufinder\plugins\mcufinder
2024-10-04 15:31:38,034 [INFO] CrossReferenceDbSqlite:201 - Set database path to: C:\Users\User\.stmcufinder\plugins\mcufinder//mcu/cs/
2024-10-04 15:31:38,069 [INFO] ApplicationProperties:181 - Using Application install path: D:\BKRA\KEIL C test\STM32CubeIDE_1.10.1\STM32CubeIDE\plugins\com.st.stm32cube.common.mx_6.6.1.202207061420
2024-10-04 15:31:38,072 [INFO] PluginManage:193 - Search for loadable plugins [exclusion list=, ]
2024-10-04 15:31:38,076 [INFO] PluginManage:307 - Check plugin analytics
2024-10-04 15:31:38,513 [INFO] AnalyticsPlugin:262 - Accepted Software Licenses: STM32CubeMX.6.12.0
2024-10-04 15:31:38,514 [INFO] AnalyticsPlugin:264 - Accepted CMSIS Pack Licenses: 
2024-10-04 15:31:38,516 [INFO] AnalyticsPlugin:266 - Accepted Firmware Licenses: FW.F4.1.28.0
2024-10-04 15:31:38,553 [INFO] PluginManage:356 - Loaded plugin analytics (category:tool,tabindex:-1)
2024-10-04 15:31:38,554 [INFO] PluginManage:307 - Check plugin cadmodel
2024-10-04 15:31:38,563 [INFO] CADModel:65 - Init CAD model plugin
2024-10-04 15:31:38,564 [INFO] PluginManage:356 - Loaded plugin cadmodel (category:power,tabindex:5)
2024-10-04 15:31:38,565 [INFO] PluginManage:307 - Check plugin clock
2024-10-04 15:31:38,591 [INFO] PluginManage:356 - Loaded plugin clock (category:base,tabindex:2)
2024-10-04 15:31:38,592 [INFO] PluginManage:307 - Check plugin ddr
2024-10-04 15:31:38,602 [INFO] PluginManage:356 - Loaded plugin ddr (category:tool,tabindex:6)
2024-10-04 15:31:38,603 [INFO] PluginManage:307 - Check plugin filemanager
2024-10-04 15:31:38,893 [INFO] PluginManage:356 - Loaded plugin filemanager (category:base,tabindex:10)
2024-10-04 15:31:38,894 [INFO] PluginManage:307 - Check plugin ipmanager
2024-10-04 15:31:38,910 [INFO] PluginManage:356 - Loaded plugin ipmanager (category:base,tabindex:5)
2024-10-04 15:31:38,911 [INFO] PluginManage:307 - Check plugin lpbam
2024-10-04 15:31:38,929 [INFO] PluginManage:356 - Loaded plugin lpbam (category:base,tabindex:0)
2024-10-04 15:31:38,930 [INFO] PluginManage:307 - Check plugin pinoutandconfiguration
2024-10-04 15:31:38,950 [INFO] PluginManage:356 - Loaded plugin pinoutandconfiguration (category:base,tabindex:1)
2024-10-04 15:31:38,951 [INFO] PluginManage:307 - Check plugin pinoutconfig
2024-10-04 15:31:39,016 [INFO] PluginManage:356 - Loaded plugin pinoutconfig (category:base,tabindex:0)
2024-10-04 15:31:39,017 [INFO] PluginManage:307 - Check plugin power
2024-10-04 15:31:39,049 [INFO] PluginManage:356 - Loaded plugin power (category:power,tabindex:4)
2024-10-04 15:31:39,050 [INFO] PluginManage:307 - Check plugin projectmanager
2024-10-04 15:31:39,090 [INFO] PluginManage:356 - Loaded plugin projectmanager (category:projectmanager,tabindex:3)
2024-10-04 15:31:39,091 [INFO] PluginManage:307 - Check plugin thirdparty
2024-10-04 15:31:39,454 [INFO] PluginManage:356 - Loaded plugin thirdparty (category:base,tabindex:-1)
2024-10-04 15:31:39,454 [INFO] PluginManage:307 - Check plugin tools
2024-10-04 15:31:39,480 [INFO] PluginManage:356 - Loaded plugin tools (category:base,tabindex:7)
2024-10-04 15:31:39,481 [INFO] PluginManage:307 - Check plugin tutovideos
2024-10-04 15:31:39,501 [WARN] IntegrityCheckThread:82 - waiting for thirdparty lock release [integrity check]
2024-10-04 15:31:39,504 [INFO] IntegrityCheckThread:84 - entering critical section [integrity check]
2024-10-04 15:31:39,511 [INFO] ThirdPartyUpdaterWithRetryManager:70 - Updater plugin not ready yet. [1/15]
2024-10-04 15:31:39,922 [INFO] PluginManage:356 - Loaded plugin tutovideos (category:base,tabindex:-1)
2024-10-04 15:31:39,923 [INFO] PluginManage:307 - Check plugin updater
2024-10-04 15:31:39,963 [INFO] PluginManage:356 - Loaded plugin updater (category:base,tabindex:12)
2024-10-04 15:31:39,965 [INFO] PluginManage:280 - PluginManage : Loaded plugins [15]
2024-10-04 15:31:40,603 [INFO] PinOutPanel:1468 - setPackage(No Configuration,No Configuration)
2024-10-04 15:31:40,761 [INFO] CADModel:98 - CPN selected for project level
2024-10-04 15:31:40,800 [INFO] IPUIPlugin:79 - create IPUIPlugin
2024-10-04 15:31:40,801 [INFO] PluginManager:217 - loadIPPluginJar : add adc
2024-10-04 15:31:40,811 [INFO] IPUIPlugin:79 - create IPUIPlugin
2024-10-04 15:31:40,812 [INFO] PluginManager:217 - loadIPPluginJar : add aes
2024-10-04 15:31:40,817 [INFO] IPUIPlugin:79 - create IPUIPlugin
2024-10-04 15:31:40,818 [INFO] PluginManager:217 - loadIPPluginJar : add can
2024-10-04 15:31:40,822 [INFO] IPUIPlugin:79 - create IPUIPlugin
2024-10-04 15:31:40,822 [INFO] PluginManager:217 - loadIPPluginJar : add comp
2024-10-04 15:31:40,828 [INFO] IPUIPlugin:79 - create IPUIPlugin
2024-10-04 15:31:40,829 [INFO] PluginManager:217 - loadIPPluginJar : add cryp
2024-10-04 15:31:40,835 [INFO] IPUIPlugin:79 - create IPUIPlugin
2024-10-04 15:31:40,835 [INFO] PluginManager:217 - loadIPPluginJar : add dfsdm
2024-10-04 15:31:40,849 [INFO] IPUIPlugin:79 - create IPUIPlugin
2024-10-04 15:31:40,850 [INFO] PluginManager:217 - loadIPPluginJar : add dma
2024-10-04 15:31:40,855 [INFO] IPUIPlugin:79 - create IPUIPlugin
2024-10-04 15:31:40,855 [INFO] PluginManager:217 - loadIPPluginJar : add dma3
2024-10-04 15:31:40,858 [INFO] IPUIPlugin:79 - create IPUIPlugin
2024-10-04 15:31:40,858 [INFO] PluginManager:217 - loadIPPluginJar : add fatfs
2024-10-04 15:31:40,868 [INFO] IPUIPlugin:79 - create IPUIPlugin
2024-10-04 15:31:40,869 [INFO] PluginManager:217 - loadIPPluginJar : add fmc
2024-10-04 15:31:40,881 [INFO] IPUIPlugin:79 - create IPUIPlugin
2024-10-04 15:31:40,882 [INFO] PluginManager:217 - loadIPPluginJar : add freertos
2024-10-04 15:31:40,885 [INFO] IPUIPlugin:79 - create IPUIPlugin
2024-10-04 15:31:40,886 [INFO] PluginManager:217 - loadIPPluginJar : add genericplugin
2024-10-04 15:31:40,923 [INFO] IPUIPlugin:79 - create IPUIPlugin
2024-10-04 15:31:40,924 [INFO] PluginManager:217 - loadIPPluginJar : add gfxmmu
2024-10-04 15:31:40,934 [INFO] IPUIPlugin:79 - create IPUIPlugin
2024-10-04 15:31:40,935 [INFO] PluginManager:217 - loadIPPluginJar : add gic
2024-10-04 15:31:40,954 [INFO] IPUIPlugin:79 - create IPUIPlugin
2024-10-04 15:31:40,955 [INFO] PluginManager:217 - loadIPPluginJar : add gpio
2024-10-04 15:31:40,962 [INFO] IPUIPlugin:79 - create IPUIPlugin
2024-10-04 15:31:40,963 [INFO] PluginManager:217 - loadIPPluginJar : add gtzc
2024-10-04 15:31:40,968 [INFO] IPUIPlugin:79 - create IPUIPlugin
2024-10-04 15:31:40,969 [INFO] PluginManager:217 - loadIPPluginJar : add hash
2024-10-04 15:31:40,976 [INFO] IPUIPlugin:79 - create IPUIPlugin
2024-10-04 15:31:40,976 [INFO] PluginManager:217 - loadIPPluginJar : add i2c
2024-10-04 15:31:40,983 [INFO] IPUIPlugin:79 - create IPUIPlugin
2024-10-04 15:31:40,984 [INFO] PluginManager:217 - loadIPPluginJar : add i2s
2024-10-04 15:31:40,991 [INFO] IPUIPlugin:79 - create IPUIPlugin
2024-10-04 15:31:40,992 [INFO] PluginManager:217 - loadIPPluginJar : add ipddr
2024-10-04 15:31:41,007 [INFO] IPUIPlugin:79 - create IPUIPlugin
2024-10-04 15:31:41,008 [INFO] PluginManager:217 - loadIPPluginJar : add linkedlist
2024-10-04 15:31:41,013 [INFO] IPUIPlugin:79 - create IPUIPlugin
2024-10-04 15:31:41,014 [INFO] PluginManager:217 - loadIPPluginJar : add lorawan
2024-10-04 15:31:41,017 [INFO] IPUIPlugin:79 - create IPUIPlugin
2024-10-04 15:31:41,018 [INFO] PluginManager:217 - loadIPPluginJar : add ltdc
2024-10-04 15:31:41,031 [INFO] IPUIPlugin:79 - create IPUIPlugin
2024-10-04 15:31:41,031 [INFO] PluginManager:217 - loadIPPluginJar : add mdma
2024-10-04 15:31:41,037 [INFO] IPUIPlugin:79 - create IPUIPlugin
2024-10-04 15:31:41,037 [INFO] PluginManager:217 - loadIPPluginJar : add nvic
2024-10-04 15:31:41,043 [INFO] IPUIPlugin:79 - create IPUIPlugin
2024-10-04 15:31:41,043 [INFO] PluginManager:217 - loadIPPluginJar : add opamp
2024-10-04 15:31:41,052 [INFO] IPUIPlugin:79 - create IPUIPlugin
2024-10-04 15:31:41,053 [INFO] PluginManager:217 - loadIPPluginJar : add openamp
2024-10-04 15:31:41,058 [INFO] IPUIPlugin:79 - create IPUIPlugin
2024-10-04 15:31:41,059 [INFO] PluginManager:217 - loadIPPluginJar : add pdm2pcm
2024-10-04 15:31:41,070 [INFO] IPUIPlugin:79 - create IPUIPlugin
2024-10-04 15:31:41,074 [INFO] PluginManager:217 - loadIPPluginJar : add plateformsettings
2024-10-04 15:31:41,078 [INFO] IPUIPlugin:79 - create IPUIPlugin
2024-10-04 15:31:41,078 [INFO] PluginManager:217 - loadIPPluginJar : add quadspi
2024-10-04 15:31:41,087 [INFO] IPUIPlugin:79 - create IPUIPlugin
2024-10-04 15:31:41,088 [INFO] PluginManager:217 - loadIPPluginJar : add resmgrutility
2024-10-04 15:31:41,094 [INFO] IPUIPlugin:79 - create IPUIPlugin
2024-10-04 15:31:41,094 [INFO] PluginManager:217 - loadIPPluginJar : add sai
2024-10-04 15:31:41,098 [INFO] IPUIPlugin:79 - create IPUIPlugin
2024-10-04 15:31:41,099 [INFO] PluginManager:217 - loadIPPluginJar : add spi
2024-10-04 15:31:41,106 [INFO] IPUIPlugin:79 - create IPUIPlugin
2024-10-04 15:31:41,106 [INFO] PluginManager:217 - loadIPPluginJar : add stm32_wpan
2024-10-04 15:31:41,109 [INFO] IPUIPlugin:79 - create IPUIPlugin
2024-10-04 15:31:41,109 [INFO] PluginManager:217 - loadIPPluginJar : add tim
2024-10-04 15:31:41,113 [INFO] IPUIPlugin:79 - create IPUIPlugin
2024-10-04 15:31:41,114 [INFO] PluginManager:217 - loadIPPluginJar : add touchsensing
2024-10-04 15:31:41,118 [INFO] IPUIPlugin:79 - create IPUIPlugin
2024-10-04 15:31:41,119 [INFO] PluginManager:217 - loadIPPluginJar : add tracer_emb
2024-10-04 15:31:41,123 [INFO] IPUIPlugin:79 - create IPUIPlugin
2024-10-04 15:31:41,123 [INFO] PluginManager:217 - loadIPPluginJar : add ts
2024-10-04 15:31:41,127 [INFO] IPUIPlugin:79 - create IPUIPlugin
2024-10-04 15:31:41,127 [INFO] PluginManager:217 - loadIPPluginJar : add tsc
2024-10-04 15:31:41,131 [INFO] IPUIPlugin:79 - create IPUIPlugin
2024-10-04 15:31:41,132 [INFO] PluginManager:217 - loadIPPluginJar : add ucpd
2024-10-04 15:31:41,138 [INFO] IPUIPlugin:79 - create IPUIPlugin
2024-10-04 15:31:41,138 [INFO] PluginManager:217 - loadIPPluginJar : add usart
2024-10-04 15:31:41,143 [INFO] IPUIPlugin:79 - create IPUIPlugin
2024-10-04 15:31:41,144 [INFO] PluginManager:217 - loadIPPluginJar : add usbx
2024-10-04 15:31:41,679 [FATAL] Updater:301 - Updater called before beeing initialized
2024-10-04 15:31:42,146 [FATAL] Updater:301 - Updater called before beeing initialized
2024-10-04 15:31:42,192 [INFO] DbMcusAds:52 - JSON generation date=Fri Sep 20 20:04:23 ICT 2024 (1726837463113)
2024-10-04 15:31:42,193 [FATAL] Updater:301 - Updater called before beeing initialized
2024-10-04 15:31:42,291 [WARN] DetailPanel:344 - Failed to get advertising image, set to default
2024-10-04 15:31:42,517 [INFO] ThirdPartyUpdaterWithRetryManager:70 - Updater plugin not ready yet. [2/15]
2024-10-04 15:31:42,585 [FATAL] Updater:301 - Updater called before beeing initialized
2024-10-04 15:31:42,589 [FATAL] Updater:301 - Updater called before beeing initialized
2024-10-04 15:31:42,589 [FATAL] Updater:301 - Updater called before beeing initialized
2024-10-04 15:31:42,590 [WARN] DetailPanel:344 - Failed to get advertising image, set to default
2024-10-04 15:31:42,592 [FATAL] Updater:301 - Updater called before beeing initialized
2024-10-04 15:31:42,704 [ERROR] Updater:1105 - MainUpdater not yet initialized. External WinMGr cannot be set.
2024-10-04 15:31:42,708 [INFO] Updater:1041 - Updater Version found : 6.6.1
2024-10-04 15:31:42,749 [INFO] ApplicationProperties:181 - Using Application install path: D:\BKRA\KEIL C test\STM32CubeIDE_1.10.1\STM32CubeIDE\plugins\com.st.stm32cube.common.mx_6.6.1.202207061420
2024-10-04 15:31:44,164 [INFO] MainUpdater:2768 - connection check result : 10
2024-10-04 15:31:44,165 [INFO] MainUpdater:280 - Updater Check For Update Now.
2024-10-04 15:31:44,166 [INFO] MicroXplorer:481 - Change Database Version : DB.6.0.60
2024-10-04 15:31:44,446 [INFO] CheckServerUpdateThread:119 - End of CheckServer Thread
2024-10-04 15:31:44,593 [INFO] MainUpdater:2768 - connection check result : 10
2024-10-04 15:31:44,595 [INFO] MainUpdater:2768 - connection check result : 10
2024-10-04 15:31:44,662 [INFO] MicroXplorer:451 - Change Database Path : 
2024-10-04 15:31:44,664 [INFO] MicroXplorer:481 - Change Database Version : DB.6.0.60
2024-10-04 15:31:44,666 [WARN] ThirdParty:827 - waiting for thirdparty lock release [close project]
2024-10-04 15:31:46,000 [WARN] PackLoader:242 - Cannot read IP mode file for STMicroelectronics.FP-SNS-MOTENVWB1.1.4.0
2024-10-04 15:31:46,021 [WARN] PackLoader:242 - Cannot read IP mode file for STMicroelectronics.X-CUBE-SMBUS.2.1.0
2024-10-04 15:31:46,027 [WARN] PackLoader:242 - Cannot read IP mode file for STMicroelectronics.X-CUBE-TOUCHGFX.4.23.2
2024-10-04 15:31:46,122 [WARN] PackLoader:242 - Cannot read IP mode file for STMicroelectronics.X-CUBE-AZRTOS-F7.1.1.0
2024-10-04 15:31:46,341 [WARN] PackLoader:242 - Cannot read IP mode file for STMicroelectronics.X-CUBE-MEMS1.11.0.0
2024-10-04 15:31:47,075 [WARN] PackLoader:242 - Cannot read IP mode file for STMicroelectronics.FP-SNS-FLIGHT1.5.0.2
2024-10-04 15:31:47,089 [WARN] PackLoader:242 - Cannot read IP mode file for STMicroelectronics.X-CUBE-DISPLAY.3.0.0
2024-10-04 15:31:47,109 [WARN] PackLoader:242 - Cannot read IP mode file for STMicroelectronics.X-CUBE-BLE1.7.0.0
2024-10-04 15:31:47,154 [WARN] PackLoader:242 - Cannot read IP mode file for STMicroelectronics.X-CUBE-NFC10.1.0.0
2024-10-04 15:31:47,177 [WARN] PackLoader:242 - Cannot read IP mode file for emotas.I-CUBE-CANOPEN.1.3.0
2024-10-04 15:31:47,288 [WARN] PackLoader:242 - Cannot read IP mode file for STMicroelectronics.X-CUBE-BLEMGR.3.1.0
2024-10-04 15:31:47,302 [WARN] PackLoader:242 - Cannot read IP mode file for STMicroelectronics.FP-SNS-SMARTAG2.1.2.0
2024-10-04 15:31:47,337 [INFO] LogOutputStream:76 - [STDOUT_REDIRECT] 1 : Invalid condition id : UX_CORESTACK_Condition cause : null
2024-10-04 15:31:47,384 [INFO] LogOutputStream:76 - [STDOUT_REDIRECT] 1 : Invalid condition id : UX_CORESTACK_Condition cause : null
2024-10-04 15:31:47,387 [INFO] LogOutputStream:76 - [STDOUT_REDIRECT] 1 : Invalid condition id : UX_CORESTACK_Condition cause : null
2024-10-04 15:31:47,391 [INFO] LogOutputStream:76 - [STDOUT_REDIRECT] 1 : Invalid condition id : UX_CORESTACK_Condition cause : null
2024-10-04 15:31:47,394 [INFO] LogOutputStream:76 - [STDOUT_REDIRECT] 1 : Invalid condition id : UX_CORESTACK_Condition cause : null
2024-10-04 15:31:47,405 [WARN] PackLoader:242 - Cannot read IP mode file for STMicroelectronics.X-CUBE-AZRTOS-WL.2.0.0
2024-10-04 15:31:47,428 [WARN] PackLoader:242 - Cannot read IP mode file for STMicroelectronics.FP-SNS-MOTENV1.5.0.0
2024-10-04 15:31:47,461 [WARN] PackLoader:242 - Cannot read IP mode file for wolfSSL.I-CUBE-wolfMQTT.1.19.0
2024-10-04 15:31:47,478 [WARN] PackLoader:242 - Cannot read IP mode file for WES.I-CUBE-Cesium.1.3.0
2024-10-04 15:31:47,489 [WARN] PackLoader:242 - Cannot read IP mode file for STMicroelectronics.X-CUBE-BLE2.3.3.0
2024-10-04 15:31:47,513 [WARN] PackLoader:242 - Cannot read IP mode file for STMicroelectronics.X-CUBE-NFC9.1.0.0
2024-10-04 15:31:47,527 [WARN] PackLoader:242 - Cannot read IP mode file for STMicroelectronics.X-CUBE-TCPP.4.1.0
2024-10-04 15:31:47,541 [WARN] PackLoader:242 - Cannot read IP mode file for STMicroelectronics.X-CUBE-ALGOBUILD.1.3.0
2024-10-04 15:31:47,611 [WARN] PackLoader:242 - Cannot read IP mode file for STMicroelectronics.X-CUBE-AZRTOS-G0.1.1.0
2024-10-04 15:31:47,629 [WARN] PackLoader:242 - Cannot read IP mode file for STMicroelectronics.X-CUBE-SAFEA1.1.2.2
2024-10-04 15:31:47,642 [WARN] PackLoader:242 - Cannot read IP mode file for STMicroelectronics.X-CUBE-NFC4.3.0.0
2024-10-04 15:31:47,650 [WARN] PackLoader:242 - Cannot read IP mode file for wolfSSL.I-CUBE-wolfMQTT.1.18.0
2024-10-04 15:31:47,673 [ERROR] Engine:467 - C:\Users\User\.stm32cubemx\thirdparties\pdsc\EmbeddedOffice.I-CUBE-FS-RTOS.1.0.1.pdsc: PDSC version is not supported
2024-10-04 15:31:47,678 [ERROR] Engine:467 - C:\Users\User\.stm32cubemx\thirdparties\pdsc\RealThread.X-CUBE-RT-Thread_Nano.4.1.1.pdsc: PDSC version is not supported
2024-10-04 15:31:47,688 [WARN] PackLoader:242 - Cannot read IP mode file for wolfSSL.I-CUBE-wolfSSL.5.7.0
2024-10-04 15:31:47,694 [WARN] PackLoader:242 - Cannot read IP mode file for STMicroelectronics.FP-ATR-SIGFOX1.3.2.0
2024-10-04 15:31:47,707 [WARN] PackLoader:242 - Cannot read IP mode file for STMicroelectronics.X-CUBE-EEPRMA1.5.1.0
2024-10-04 15:31:47,724 [WARN] PackLoader:242 - Cannot read IP mode file for ITTIA_DB.I-CUBE-ITTIADB.8.9.0
2024-10-04 15:31:47,844 [WARN] PackLoader:242 - Cannot read IP mode file for SEGGER.I-CUBE-embOS.1.3.1
2024-10-04 15:31:47,993 [WARN] PackLoader:242 - Cannot read IP mode file for STMicroelectronics.X-CUBE-ALGOBUILD.1.4.0
2024-10-04 15:31:48,004 [WARN] PackLoader:242 - Cannot read IP mode file for STMicroelectronics.X-CUBE-GNSS1.6.0.0
2024-10-04 15:31:48,088 [WARN] PackLoader:242 - Cannot read IP mode file for STMicroelectronics.X-CUBE-AZRTOS-F4.1.1.0
2024-10-04 15:31:48,102 [WARN] PackLoader:242 - Cannot read IP mode file for STMicroelectronics.X-CUBE-ISPU.2.1.0
2024-10-04 15:31:48,113 [WARN] PackLoader:242 - Cannot read IP mode file for STMicroelectronics.X-CUBE-FREERTOS.1.2.0
2024-10-04 15:31:48,152 [WARN] PackLoader:242 - Cannot read IP mode file for STMicroelectronics.X-CUBE-AZRTOS-L5.2.0.0
2024-10-04 15:31:48,202 [WARN] PackLoader:242 - Cannot read IP mode file for STMicroelectronics.X-CUBE-NFC6.3.1.0
2024-10-04 15:31:48,217 [ERROR] Engine:467 - C:\Users\User\.stm32cubemx\thirdparties\pdsc\STMicroelectronics.X-CUBE-DPower.1.2.0.pdsc: PDSC version is not supported
2024-10-04 15:31:48,229 [WARN] PackLoader:242 - Cannot read IP mode file for STMicroelectronics.X-CUBE-AI.9.0.0
2024-10-04 15:31:48,251 [WARN] PackLoader:242 - Cannot read IP mode file for STMicroelectronics.X-CUBE-NFC7.1.0.1
2024-10-04 15:31:48,259 [WARN] PackLoader:242 - Cannot read IP mode file for wolfSSL.I-CUBE-wolfTPM.3.2.0
2024-10-04 15:31:48,315 [WARN] ConditionMgr:437 - getConditionDescription Invalid condition id : LAN8742 Phy interface Condition cause : null
2024-10-04 15:31:48,317 [WARN] PackLoader:242 - Cannot read IP mode file for STMicroelectronics.X-CUBE-AZRTOS-L4.2.0.0
2024-10-04 15:31:48,319 [WARN] ConditionMgr:1038 - genDependencies : Invalid condition id : LAN8742 Phy interface Condition cause : null
2024-10-04 15:31:48,320 [WARN] ConditionMgr:1038 - genDependencies : Invalid condition id : LAN8742 Phy interface Condition cause : null
2024-10-04 15:31:48,321 [WARN] ConditionMgr:1038 - genDependencies : Invalid condition id : LAN8742 Phy interface Condition cause : null
2024-10-04 15:31:48,359 [WARN] PackLoader:242 - Cannot read IP mode file for STMicroelectronics.X-CUBE-SFXS2LP1.4.0.0
2024-10-04 15:31:48,409 [WARN] PackLoader:242 - Cannot read IP mode file for STMicroelectronics.X-CUBE-AZRTOS-H7.3.3.0
2024-10-04 15:31:48,444 [WARN] ConditionMgr:437 - getConditionDescription Invalid condition id : UX DEVICE CLASS RTOS Condition cause : null
2024-10-04 15:31:48,444 [WARN] ConditionMgr:437 - getConditionDescription Invalid condition id : UX DEVICE CLASS RTOS Condition cause : null
2024-10-04 15:31:48,479 [WARN] PackLoader:242 - Cannot read IP mode file for STMicroelectronics.X-CUBE-AZRTOS-WB.2.0.0
2024-10-04 15:31:48,480 [WARN] ConditionMgr:1038 - genDependencies : Invalid condition id : UX DEVICE CLASS RTOS Condition cause : null
2024-10-04 15:31:48,481 [WARN] ConditionMgr:1038 - genDependencies : Invalid condition id : UX DEVICE CLASS RTOS Condition cause : null
2024-10-04 15:31:48,481 [WARN] ConditionMgr:1038 - genDependencies : Invalid condition id : UX DEVICE CLASS RTOS Condition cause : null
2024-10-04 15:31:48,497 [WARN] ConditionMgr:1038 - genDependencies : Invalid condition id : UX DEVICE CLASS RTOS Condition cause : null
2024-10-04 15:31:48,498 [WARN] ConditionMgr:1038 - genDependencies : Invalid condition id : UX DEVICE CLASS RTOS Condition cause : null
2024-10-04 15:31:48,508 [WARN] PackLoader:242 - Cannot read IP mode file for STMicroelectronics.X-CUBE-GNSS1.7.0.0
2024-10-04 15:31:48,518 [ERROR] Engine:467 - C:\Users\User\.stm32cubemx\thirdparties\pdsc\STMicroelectronics.FP-SNS-STBOX1.2.0.0.pdsc: PDSC version is not supported
2024-10-04 15:31:48,538 [WARN] PackLoader:242 - Cannot read IP mode file for STMicroelectronics.X-CUBE-SUBG2.5.0.0
2024-10-04 15:31:48,583 [WARN] PackLoader:242 - Cannot read IP mode file for STMicroelectronics.X-CUBE-AZRTOS-G4.2.0.0
2024-10-04 15:31:48,595 [WARN] PackLoader:242 - Cannot read IP mode file for STMicroelectronics.X-CUBE-ISPU.2.0.0
2024-10-04 15:31:48,635 [WARN] PackLoader:242 - Cannot read IP mode file for STMicroelectronics.X-CUBE-ALS.1.0.2
2024-10-04 15:31:48,753 [WARN] PackLoader:242 - Cannot read IP mode file for STMicroelectronics.X-CUBE-MEMS1.10.0.0
2024-10-04 15:31:49,241 [WARN] PackLoader:242 - Cannot read IP mode file for STMicroelectronics.X-CUBE-TOUCHGFX.4.24.0
2024-10-04 15:31:49,246 [WARN] PackLoader:242 - Cannot read IP mode file for STMicroelectronics.X-CUBE-TOUCHGFX.4.24.1
2024-10-04 15:31:49,256 [WARN] PackLoader:242 - Cannot read IP mode file for portGmbH.I-Cube-SoM-uGOAL.1.1.0
2024-10-04 15:31:49,272 [WARN] PackLoader:242 - Cannot read IP mode file for STMicroelectronics.X-CUBE-ALS.1.0.1
2024-10-04 15:31:49,315 [WARN] PackLoader:242 - Cannot read IP mode file for STMicroelectronics.X-CUBE-AZRTOS-H7RS.1.0.0
2024-10-04 15:31:49,326 [WARN] PackLoader:242 - Cannot read IP mode file for STMicroelectronics.FP-ATR-ASTRA1.2.0.0
2024-10-04 15:31:49,335 [ERROR] Engine:467 - C:\Users\User\.stm32cubemx\thirdparties\pdsc\STMicroelectronics.X-CUBE-TOF1.3.4.2.pdsc: PDSC version is not supported
2024-10-04 15:31:49,373 [WARN] PackLoader:242 - Cannot read IP mode file for STMicroelectronics.X-CUBE-TOF1.3.4.1
2024-10-04 15:31:49,453 [WARN] PackLoader:242 - Cannot read IP mode file for STMicroelectronics.X-CUBE-AZRTOS-H7.3.2.0
2024-10-04 15:31:49,487 [WARN] PackLoader:242 - Cannot read IP mode file for Infineon.AIROC-Wi-Fi-Bluetooth-STM32.1.6.0
2024-10-04 15:31:49,499 [WARN] PackLoader:242 - Cannot read IP mode file for wolfSSL.I-CUBE-wolfSSH.1.4.17
2024-10-04 15:31:49,500 [INFO] ThirdParty:929 - Integrity check success = true
2024-10-04 15:31:49,500 [INFO] IntegrityCheckThread:98 - exiting critical section [integrity check]
2024-10-04 15:31:49,501 [INFO] IntegrityCheckThread:101 - End integrity checks thread
2024-10-04 15:31:49,501 [INFO] ThirdParty:829 - entering critical section [close project]
2024-10-04 15:31:49,504 [INFO] ThirdParty:839 - exiting critical section [close project]
2024-10-04 15:31:49,519 [INFO] PinOutPanel:1468 - setPackage(No Configuration,No Configuration)
2024-10-04 15:31:49,533 [INFO] UtilMem:74 - Begin LoadConfig() Used Memory: 603844864 Bytes (613416960)
2024-10-04 15:31:49,535 [INFO] MicroXplorer:451 - Change Database Path : 
2024-10-04 15:31:49,536 [INFO] MicroXplorer:481 - Change Database Version : DB.6.0.60
2024-10-04 15:31:49,536 [INFO] OpenFileManager:307 - Change cursor
2024-10-04 15:31:49,607 [INFO] Mcu:1922 - Initializing MCU STM32F103C(4-6)Tx STM32F103C6Tx STM32F103C6T6A
2024-10-04 15:31:51,408 [INFO] Context:654 - Trying to add GPIOservice into a context  which must be forbidden
2024-10-04 15:31:52,193 [WARN] ApiManager:308 - Cannot register API 'Board Extension:NFC09A1' from pack STMicroelectronics.X-CUBE-NFC9.1.0.0: no header file found
2024-10-04 15:31:52,204 [WARN] ApiManager:308 - Cannot register API 'Board Extension:GNSS1A1' from pack STMicroelectronics.X-CUBE-GNSS1.6.0.0: no header file found
2024-10-04 15:31:52,204 [WARN] ApiManager:308 - Cannot register API 'Board Support:Custom' from pack STMicroelectronics.X-CUBE-GNSS1.6.0.0: no header file found
2024-10-04 15:31:52,205 [WARN] ApiManager:308 - Cannot register API 'Data Exchange:lib_gnss' from pack STMicroelectronics.X-CUBE-GNSS1.6.0.0: no header file found
2024-10-04 15:31:52,249 [WARN] ApiManager:308 - Cannot register API 'Board Extension:GNSS1A1' from pack STMicroelectronics.X-CUBE-GNSS1.7.0.0: no header file found
2024-10-04 15:31:52,249 [WARN] ApiManager:308 - Cannot register API 'Board Support:Custom' from pack STMicroelectronics.X-CUBE-GNSS1.7.0.0: no header file found
2024-10-04 15:31:52,249 [WARN] ApiManager:308 - Cannot register API 'Data Exchange:lib_gnss' from pack STMicroelectronics.X-CUBE-GNSS1.7.0.0: no header file found
2024-10-04 15:31:52,270 [WARN] ApiManager:308 - Cannot register API 'Board Extension:NFC06A1' from pack STMicroelectronics.X-CUBE-NFC6.3.1.0: no header file found
2024-10-04 15:31:52,270 [WARN] ApiManager:308 - Cannot register API 'Board Extension:NFC08A1' from pack STMicroelectronics.X-CUBE-NFC6.3.1.0: no header file found
2024-10-04 15:31:52,529 [WARN] ApiManager:308 - Cannot register API 'Board Extension:IKS01A3' from pack STMicroelectronics.X-CUBE-MEMS1.11.0.0: no header file found
2024-10-04 15:31:52,529 [WARN] ApiManager:308 - Cannot register API 'Board Extension:IKS02A1' from pack STMicroelectronics.X-CUBE-MEMS1.11.0.0: no header file found
2024-10-04 15:31:52,529 [WARN] ApiManager:308 - Cannot register API 'Board Extension:IKS4A1' from pack STMicroelectronics.X-CUBE-MEMS1.11.0.0: no header file found
2024-10-04 15:31:52,586 [INFO] RtosManager:488 - Registered RTOS mode: class=CMSIS, group=RTOS, mode=CMSIS_V1, owner=FREERTOS
2024-10-04 15:31:52,587 [INFO] RtosManager:488 - Registered RTOS mode: class=CMSIS, group=RTOS2, mode=CMSIS_V2, owner=FREERTOS
2024-10-04 15:31:52,587 [INFO] RtosManager:488 - Registered RTOS mode: class=RTOS, group=Core, mode=CMSIS_V1, owner=FREERTOS
2024-10-04 15:31:52,587 [INFO] RtosManager:488 - Registered RTOS mode: class=RTOS, group=Core, mode=CMSIS_V2, owner=FREERTOS
2024-10-04 15:31:52,588 [WARN] ModelIntegratedComponent:185 - Missing modes for component STMicroelectronics:FreeRTOS:0.0.1:STMicroelectronics:RTOS:FreeRTOS:Core:::10.2.0:
2024-10-04 15:31:52,591 [WARN] ApiManager:308 - Cannot register API 'Board Extension:STSAFEA1' from pack STMicroelectronics.X-CUBE-SAFEA1.1.2.2: no header file found
2024-10-04 15:31:52,592 [WARN] ApiManager:308 - Cannot register API 'Board Part:STSAFEA110' from pack STMicroelectronics.X-CUBE-SAFEA1.1.2.2: no header file found
2024-10-04 15:31:52,592 [WARN] ApiManager:308 - Cannot register API 'Security:ST_Cryptolib' from pack STMicroelectronics.X-CUBE-SAFEA1.1.2.2: no header file found
2024-10-04 15:31:52,592 [WARN] ApiManager:308 - Cannot register API 'Security:MbedTLS' from pack STMicroelectronics.X-CUBE-SAFEA1.1.2.2: no header file found
2024-10-04 15:31:52,600 [WARN] ApiManager:308 - Cannot register API 'Board Extension:NFC04A1' from pack STMicroelectronics.X-CUBE-NFC4.3.0.0: no header file found
2024-10-04 15:31:52,606 [WARN] ApiManager:308 - Cannot register API 'Board Extension:S2868A1' from pack STMicroelectronics.X-CUBE-SUBG2.5.0.0: no header file found
2024-10-04 15:31:52,607 [WARN] ApiManager:308 - Cannot register API 'Board Extension:S2868A2' from pack STMicroelectronics.X-CUBE-SUBG2.5.0.0: no header file found
2024-10-04 15:31:52,607 [WARN] ApiManager:308 - Cannot register API 'Board Extension:S2915A1' from pack STMicroelectronics.X-CUBE-SUBG2.5.0.0: no header file found
2024-10-04 15:31:52,619 [WARN] ApiManager:308 - Cannot register API 'Wireless:BlueNRG-MS' from pack STMicroelectronics.X-CUBE-BLE1.7.0.0: no header file found
2024-10-04 15:31:52,621 [WARN] ApiManager:308 - Cannot register API 'Board Extension:NFC10A1' from pack STMicroelectronics.X-CUBE-NFC10.1.0.0: no header file found
2024-10-04 15:31:52,623 [WARN] ApiManager:308 - Cannot register API 'Board Extension:EEPRMA2' from pack STMicroelectronics.X-CUBE-EEPRMA1.5.1.0: no header file found
2024-10-04 15:31:52,623 [WARN] ApiManager:308 - Cannot register API 'Board Extension:PGEEZ1' from pack STMicroelectronics.X-CUBE-EEPRMA1.5.1.0: no header file found
2024-10-04 15:31:52,623 [WARN] ApiManager:308 - Cannot register API 'Board Extension:EEICA1' from pack STMicroelectronics.X-CUBE-EEPRMA1.5.1.0: no header file found
2024-10-04 15:31:52,623 [WARN] ApiManager:308 - Cannot register API 'Board Part:M24' from pack STMicroelectronics.X-CUBE-EEPRMA1.5.1.0: no header file found
2024-10-04 15:31:52,623 [WARN] ApiManager:308 - Cannot register API 'Board Part:M95' from pack STMicroelectronics.X-CUBE-EEPRMA1.5.1.0: no header file found
2024-10-04 15:31:52,624 [WARN] ApiManager:308 - Cannot register API 'Board Part:M95P32' from pack STMicroelectronics.X-CUBE-EEPRMA1.5.1.0: no header file found
2024-10-04 15:31:52,624 [WARN] ApiManager:308 - Cannot register API 'Board Part:M24256E-F' from pack STMicroelectronics.X-CUBE-EEPRMA1.5.1.0: no header file found
2024-10-04 15:31:52,624 [WARN] ApiManager:308 - Cannot register API 'Board Part:M24M01E-F' from pack STMicroelectronics.X-CUBE-EEPRMA1.5.1.0: no header file found
2024-10-04 15:31:52,624 [WARN] ApiManager:308 - Cannot register API 'PGEEZ1:SPI' from pack STMicroelectronics.X-CUBE-EEPRMA1.5.1.0: no header file found
2024-10-04 15:31:52,624 [WARN] ApiManager:308 - Cannot register API 'PGEEZ1:QDSPI' from pack STMicroelectronics.X-CUBE-EEPRMA1.5.1.0: no header file found
2024-10-04 15:31:52,627 [WARN] ModelIntegratedComponent:64 - No mode defined for component null
2024-10-04 15:31:52,628 [WARN] ModelIntegratedComponent:64 - No mode defined for component null
2024-10-04 15:31:52,628 [WARN] ModelIntegratedComponent:64 - No mode defined for component null
2024-10-04 15:31:52,628 [WARN] ModelIntegratedComponent:64 - No mode defined for component null
2024-10-04 15:31:52,628 [WARN] ModelIntegratedComponent:64 - No mode defined for component null
2024-10-04 15:31:52,629 [WARN] ModelIntegratedComponent:64 - No mode defined for component null
2024-10-04 15:31:52,629 [WARN] ModelIntegratedComponent:64 - No mode defined for component null
2024-10-04 15:31:52,629 [WARN] ModelIntegratedComponent:64 - No mode defined for component null
2024-10-04 15:31:52,629 [WARN] ModelIntegratedComponent:64 - No mode defined for component null
2024-10-04 15:31:52,629 [WARN] ModelIntegratedComponent:64 - No mode defined for component null
2024-10-04 15:31:52,630 [WARN] ModelIntegratedComponent:64 - No mode defined for component null
2024-10-04 15:31:52,630 [WARN] ModelIntegratedComponent:64 - No mode defined for component null
2024-10-04 15:31:52,630 [WARN] ModelIntegratedComponent:64 - No mode defined for component null
2024-10-04 15:31:52,630 [WARN] ModelIntegratedComponent:64 - No mode defined for component null
2024-10-04 15:31:52,631 [WARN] ModelIntegratedComponent:64 - No mode defined for component null
2024-10-04 15:31:52,631 [WARN] ModelIntegratedComponent:64 - No mode defined for component null
2024-10-04 15:31:52,631 [WARN] ModelIntegratedComponent:64 - No mode defined for component null
2024-10-04 15:31:52,632 [WARN] ModelIntegratedComponent:64 - No mode defined for component null
2024-10-04 15:31:52,632 [WARN] ModelIntegratedComponent:64 - No mode defined for component null
2024-10-04 15:31:52,632 [WARN] ModelIntegratedComponent:64 - No mode defined for component null
2024-10-04 15:31:52,632 [WARN] ModelIntegratedComponent:64 - No mode defined for component null
2024-10-04 15:31:52,632 [WARN] ModelIntegratedComponent:64 - No mode defined for component null
2024-10-04 15:31:52,632 [WARN] ModelIntegratedComponent:64 - No mode defined for component null
2024-10-04 15:31:52,632 [WARN] ModelIntegratedComponent:64 - No mode defined for component null
2024-10-04 15:31:52,633 [WARN] ModelIntegratedComponent:64 - No mode defined for component null
2024-10-04 15:31:52,633 [WARN] ModelIntegratedComponent:64 - No mode defined for component null
2024-10-04 15:31:52,633 [WARN] ModelIntegratedComponent:64 - No mode defined for component null
2024-10-04 15:31:52,633 [WARN] ModelIntegratedComponent:64 - No mode defined for component null
2024-10-04 15:31:52,633 [WARN] ModelIntegratedComponent:64 - No mode defined for component null
2024-10-04 15:31:52,634 [WARN] ModelIntegratedComponent:64 - No mode defined for component null
2024-10-04 15:31:52,634 [WARN] ModelIntegratedComponent:64 - No mode defined for component null
2024-10-04 15:31:52,634 [WARN] ModelIntegratedComponent:64 - No mode defined for component null
2024-10-04 15:31:52,634 [WARN] ModelIntegratedComponent:64 - No mode defined for component null
2024-10-04 15:31:53,019 [WARN] ApiManager:308 - Cannot register API 'Board Extension:IKS01A3' from pack STMicroelectronics.X-CUBE-MEMS1.10.0.0: no header file found
2024-10-04 15:31:53,019 [WARN] ApiManager:308 - Cannot register API 'Board Extension:IKS02A1' from pack STMicroelectronics.X-CUBE-MEMS1.10.0.0: no header file found
2024-10-04 15:31:53,019 [WARN] ApiManager:308 - Cannot register API 'Board Extension:IKS4A1' from pack STMicroelectronics.X-CUBE-MEMS1.10.0.0: no header file found
2024-10-04 15:31:53,031 [WARN] ApiManager:308 - Cannot register API 'Board Extension:NFC07A1' from pack STMicroelectronics.X-CUBE-NFC7.1.0.1: no header file found
2024-10-04 15:31:53,094 [WARN] ApiManager:308 - Cannot register API 'Board Extension:S2868A1' from pack STMicroelectronics.X-CUBE-SFXS2LP1.4.0.0: no header file found
2024-10-04 15:31:53,094 [WARN] ApiManager:308 - Cannot register API 'Board Extension:S2868A2' from pack STMicroelectronics.X-CUBE-SFXS2LP1.4.0.0: no header file found
2024-10-04 15:31:53,094 [WARN] ApiManager:308 - Cannot register API 'Board Extension:S2915A1' from pack STMicroelectronics.X-CUBE-SFXS2LP1.4.0.0: no header file found
2024-10-04 15:31:53,096 [WARN] ApiManager:308 - Cannot register API 'Wireless:BlueNRG-2' from pack STMicroelectronics.X-CUBE-BLE2.3.3.0: no header file found
2024-10-04 15:31:53,140 [INFO] ThirdPartyModel:289 - Start build external matchings
2024-10-04 15:31:54,310 [INFO] ThirdPartyModel:302 - End build external matchings
2024-10-04 15:31:54,706 [INFO] UtilMem:74 - End LoadConfig() Used Memory: 588616664 Bytes (620756992)
2024-10-04 15:31:54,943 [INFO] ApiDb:576 - Connected to CubeFinder SQLite database (C:\Users\User\.stmcufinder\plugins\mcufinder\mcu\cube-finder-db.db)
2024-10-04 15:31:55,107 [INFO] ApiDb:663 - CubeFinder database Data Model version=2.1
2024-10-04 15:31:55,108 [INFO] ApiDb:664 - CubeFinder database Configuration version=3.0.39
2024-10-04 15:31:55,108 [INFO] ApiDb:665 - CubeFinder database generation date=2024-09-16 (1726485674)
2024-10-04 15:31:55,108 [INFO] ApiDb:666 - CubeFinder database FW Pack versions=[FP-ATR-ASTRA1_V2.0.0, FP-SNS-FLIGHT1_V5.0.2, FP-SNS-MOTENV1_V5.0.0, FP-SNS-MOTENVWB1_V1.4.0, FP-SNS-SMARTAG2_V1.2.0, FP-SNS-STBOX1_V2.0.0, STM32Cube_FW_C0_V1.2.0, STM32Cube_FW_F4_V1.28.1, STM32Cube_FW_F7_V1.17.2, STM32Cube_FW_G0_V1.6.2, STM32Cube_FW_G4_V1.6.0, STM32Cube_FW_H5_V1.3.0, STM32Cube_FW_H7RS_V1.1.0, STM32Cube_FW_H7_V1.11.2, STM32Cube_FW_L0_V1.12.2, STM32Cube_FW_L5_V1.5.1, STM32Cube_FW_U0_V1.1.0, STM32Cube_FW_U5_V1.6.0, STM32Cube_FW_WB0_V1.0.0, STM32Cube_FW_WBA_V1.4.1, STM32Cube_FW_WB_V1.20.0, STM32Cube_FW_WL_V1.3.0, X-CUBE-ALGOBUILD_V1.4.0, X-CUBE-ALS_V1.0.2, X-CUBE-AZRTOS-F4_V1.1.0, X-CUBE-AZRTOS-F7_V1.1.0, X-CUBE-AZRTOS-G0_V1.1.0, X-CUBE-AZRTOS-G4_V2.0.0, X-CUBE-AZRTOS-H7RS_V1.0.0, X-CUBE-AZRTOS-H7_V3.2.0, X-CUBE-AZRTOS-L4_V2.0.0, X-CUBE-AZRTOS-L5_V2.0.0, X-CUBE-AZRTOS-WB_V2.0.0, X-CUBE-AZRTOS-WL_V2.0.0, X-CUBE-BLE1_V7.0.0, X-CUBE-BLE2_V3.3.0, X-CUBE-BLEMGR_V3.1.0, X-CUBE-EEPRMA1_V5.1.0, X-CUBE-FREERTOS_V1.2.0, X-CUBE-GNSS1_V6.0.0, X-CUBE-MEMS1_V11.0.0, X-CUBE-NFC4_V3.0.0, X-CUBE-NFC7_V1.0.1, X-CUBE-SFXS2LP1_V4.0.0, X-CUBE-SUBG2_V5.0.0, X-CUBE-TOF1_V3.4.2]
2024-10-04 15:31:58,838 [INFO] ApiDb:239 - Found 138 in-development CPN: [B-WB1M-WPAN1, NUCLEO-C031C6, STEVAL-STWINBX1, STM320518-EVAL, STM32C0116-DK, STM32C011D6Y3TR, STM32C011D6Y6TR, STM32C011F4P3, STM32C011F4P6, STM32C011F4U3, STM32C011F4U6TR, STM32C011F6P3, STM32C011F6P6, STM32C011F6U3, STM32C011F6U6TR, STM32C011J4M3, STM32C011J4M6, STM32C011J6M3, STM32C011J6M6, STM32C0316-DK, STM32C031C4T3, STM32C031C4T6, STM32C031C4U3, STM32C031C4U6, STM32C031C6T3, STM32C031C6T6, STM32C031C6U3, STM32C031C6U6, STM32C031F4P3, STM32C031F4P6, STM32C031F6P3, STM32C031F6P6, STM32C031G4U3, STM32C031G4U6, STM32C031G6U3, STM32C031G6U6, STM32C031K4T3, STM32C031K4T6, STM32C031K4U3, STM32C031K4U6, STM32C031K6T3, STM32C031K6T6, STM32C031K6U3, STM32C031K6U6, STM32G071K8TXN, STM32G071K8UXN, STM32G081GBU6N, STM32G081KBT6N, STM32G081KBUXN, STM32G0B1CCT6N, STM32G0B1KCT6, STM32G0B1NEY6TR, STM32G0B1RCT6N, STM32G0C1CCT6, STM32G0C1CCT6N, STM32G0C1CCU6N, STM32G0C1CET6N, STM32G0C1CEU6N, STM32G0C1KCT6, STM32G0C1NEY6TR, STM32G0C1RCI6N, STM32G0C1RCT6N, STM32G0C1REI6N, STM32G0C1RET6N, STM32G0C1VCI6, STM32G0C1VEI6, STM32G471CCT6, STM32G471CCU6, STM32G471CET3, STM32G471CET6, STM32G471CEU3, STM32G471CEU6, STM32G471MCT6, STM32G471MET3, STM32G471MET6, STM32G471MEY6TR, STM32G471QCT6, STM32G471QET3, STM32G471RCT6, STM32G471RET3, STM32G471RET6, STM32G471VCH6, STM32G471VCI6, STM32G471VCT6, STM32G471VEH3, STM32G471VEH6, STM32G471VEI3, STM32G471VEI6, STM32G471VET3, STM32G471VET6, STM32G474CCT6, STM32L476VGY6PTR, STM32L4R5QGI6STR, STM32MP131AAE3, STM32MP131AAF3, STM32MP131AAG3, STM32MP131CAE3, STM32MP131CAF3, STM32MP131CAG3, STM32MP131DAE7, STM32MP131DAF7, STM32MP131DAG7, STM32MP131FAE7, STM32MP131FAF7, STM32MP131FAG7, STM32MP133AAE3, STM32MP133AAF3, STM32MP133AAG3, STM32MP133CAE3, STM32MP133CAF3, STM32MP133CAG3, STM32MP133DAE7, STM32MP133DAF7, STM32MP133DAG7, STM32MP133FAE7, STM32MP133FAF7, STM32MP133FAG7, STM32MP135AAE3, STM32MP135AAF3, STM32MP135AAG3, STM32MP135CAE3, STM32MP135CAF3, STM32MP135CAG3, STM32MP135DAE7, STM32MP135DAF7, STM32MP135DAG7, STM32MP135F-DK, STM32MP135FAE7, STM32MP135FAF7, STM32MP135FAG7, STM32U595ZJT6Q, STM32U599BJY6QTR, STM32U599NIH6Q, STM32U599NJH6Q, STM32U5A5ZJT6Q, STM32U5A9BJY6QTR, STM32U5A9NJH6Q, STM32WB1MMCH6]
2024-10-04 15:31:58,844 [INFO] DbMcus:215 - Found 4178 MCUs, 4178 are supported
2024-10-04 15:31:58,848 [INFO] ApiDb:418 - Load user favorites file C:\Users\User/.stm32cubeide/favorites.mcus.txt: 0 item(s)
2024-10-04 15:31:58,848 [INFO] ApiDb:422 - User favorites MCUs=[]
2024-10-04 15:31:58,848 [INFO] DbMcus:221 - Set 0 / 0 favorites MCUs
2024-10-04 15:31:59,081 [WARN] ThirdParty:789 - waiting for thirdparty lock release [change project]
2024-10-04 15:31:59,081 [INFO] ThirdParty:791 - entering critical section [change project]
2024-10-04 15:31:59,081 [INFO] ThirdParty:981 - CMSIS Pack Vendor :STMicroelectronics X-CUBE-AZRTOS-H7 3.3.0
2024-10-04 15:31:59,082 [INFO] ThirdParty:981 - CMSIS Pack Vendor :STMicroelectronics X-CUBE-NFC9 1.0.0
2024-10-04 15:31:59,082 [INFO] ThirdParty:981 - CMSIS Pack Vendor :STMicroelectronics X-CUBE-GNSS1 6.0.0
2024-10-04 15:31:59,082 [INFO] ThirdParty:981 - CMSIS Pack Vendor :STMicroelectronics USB_HOST 2.0.0
2024-10-04 15:31:59,082 [INFO] ThirdParty:981 - CMSIS Pack Vendor :STMicroelectronics FP-SNS-MOTENVWB1 1.4.0
2024-10-04 15:31:59,082 [INFO] ThirdParty:981 - CMSIS Pack Vendor :STMicroelectronics X-CUBE-AZRTOS-F4 1.1.0
2024-10-04 15:31:59,082 [INFO] ThirdParty:981 - CMSIS Pack Vendor :STMicroelectronics LIBJPEG 8.0.0
2024-10-04 15:31:59,083 [INFO] ThirdParty:981 - CMSIS Pack Vendor :STMicroelectronics X-CUBE-SMBUS 2.1.0
2024-10-04 15:31:59,083 [INFO] ThirdParty:981 - CMSIS Pack Vendor :STMicroelectronics USB_DEVICE 3.0.0
2024-10-04 15:31:59,083 [INFO] ThirdParty:981 - CMSIS Pack Vendor :STMicroelectronics X-CUBE-TCPP 4.1.0
2024-10-04 15:31:59,083 [INFO] ThirdParty:981 - CMSIS Pack Vendor :STMicroelectronics X-CUBE-ISPU 2.1.0
2024-10-04 15:31:59,083 [INFO] ThirdParty:981 - CMSIS Pack Vendor :STMicroelectronics X-CUBE-FREERTOS 1.2.0
2024-10-04 15:31:59,083 [INFO] ThirdParty:981 - CMSIS Pack Vendor :STMicroelectronics X-CUBE-AZRTOS-WB 2.0.0
2024-10-04 15:31:59,083 [INFO] ThirdParty:981 - CMSIS Pack Vendor :STMicroelectronics X-CUBE-GNSS1 7.0.0
2024-10-04 15:31:59,083 [INFO] ThirdParty:981 - CMSIS Pack Vendor :STMicroelectronics X-CUBE-TOUCHGFX 4.23.2
2024-10-04 15:31:59,084 [INFO] ThirdParty:981 - CMSIS Pack Vendor :STMicroelectronics X-CUBE-AZRTOS-F7 1.1.0
2024-10-04 15:31:59,084 [INFO] ThirdParty:981 - CMSIS Pack Vendor :STMicroelectronics X-CUBE-AZRTOS-L5 2.0.0
2024-10-04 15:31:59,084 [INFO] ThirdParty:981 - CMSIS Pack Vendor :STMicroelectronics USB_DEVICE 2.0.0
2024-10-04 15:31:59,084 [INFO] ThirdParty:981 - CMSIS Pack Vendor :STMicroelectronics X-CUBE-NFC6 3.1.0
2024-10-04 15:31:59,084 [INFO] ThirdParty:981 - CMSIS Pack Vendor :STMicroelectronics X-CUBE-ALGOBUILD 1.3.0
2024-10-04 15:31:59,084 [INFO] ThirdParty:981 - CMSIS Pack Vendor :STMicroelectronics X-CUBE-MEMS1 11.0.0
2024-10-04 15:31:59,084 [INFO] ThirdParty:981 - CMSIS Pack Vendor :STMicroelectronics FreeRTOS 0.0.1
2024-10-04 15:31:59,085 [INFO] ThirdParty:981 - CMSIS Pack Vendor :STMicroelectronics X-CUBE-AZRTOS-G0 1.1.0
2024-10-04 15:31:59,085 [INFO] ThirdParty:981 - CMSIS Pack Vendor :STMicroelectronics X-CUBE-SAFEA1 1.2.2
2024-10-04 15:31:59,085 [INFO] ThirdParty:981 - CMSIS Pack Vendor :STMicroelectronics X-CUBE-NFC4 3.0.0
2024-10-04 15:31:59,085 [INFO] ThirdParty:981 - CMSIS Pack Vendor :STMicroelectronics X-CUBE-SUBG2 5.0.0
2024-10-04 15:31:59,085 [INFO] ThirdParty:981 - CMSIS Pack Vendor :STMicroelectronics STM32_WPAN 1.0.0
2024-10-04 15:31:59,085 [INFO] ThirdParty:981 - CMSIS Pack Vendor :wolfSSL I-CUBE-wolfMQTT 1.18.0
2024-10-04 15:31:59,086 [INFO] ThirdParty:981 - CMSIS Pack Vendor :STMicroelectronics lwIP 2.0.3
2024-10-04 15:31:59,086 [INFO] ThirdParty:981 - CMSIS Pack Vendor :STMicroelectronics FP-SNS-FLIGHT1 5.0.2
2024-10-04 15:31:59,086 [INFO] ThirdParty:981 - CMSIS Pack Vendor :STMicroelectronics USB_HOST 1.0.0
2024-10-04 15:31:59,087 [INFO] ThirdParty:981 - CMSIS Pack Vendor :STMicroelectronics X-CUBE-AI 9.0.0
2024-10-04 15:31:59,087 [INFO] ThirdParty:981 - CMSIS Pack Vendor :STMicroelectronics X-CUBE-AZRTOS-G4 2.0.0
2024-10-04 15:31:59,087 [INFO] ThirdParty:981 - CMSIS Pack Vendor :STMicroelectronics PDM2PCM 3.1.0
2024-10-04 15:31:59,087 [INFO] ThirdParty:981 - CMSIS Pack Vendor :STMicroelectronics PDM2PCM 3.3.0
2024-10-04 15:31:59,088 [INFO] ThirdParty:981 - CMSIS Pack Vendor :STMicroelectronics X-CUBE-DISPLAY 3.0.0
2024-10-04 15:31:59,088 [INFO] ThirdParty:981 - CMSIS Pack Vendor :wolfSSL I-CUBE-wolfSSL 5.7.0
2024-10-04 15:31:59,088 [INFO] ThirdParty:981 - CMSIS Pack Vendor :STMicroelectronics X-CUBE-BLE1 7.0.0
2024-10-04 15:31:59,089 [INFO] ThirdParty:981 - CMSIS Pack Vendor :STMicroelectronics FP-ATR-SIGFOX1 3.2.0
2024-10-04 15:31:59,089 [INFO] ThirdParty:981 - CMSIS Pack Vendor :STMicroelectronics X-CUBE-NFC10 1.0.0
2024-10-04 15:31:59,089 [INFO] ThirdParty:981 - CMSIS Pack Vendor :STMicroelectronics X-CUBE-ISPU 2.0.0
2024-10-04 15:31:59,089 [INFO] ThirdParty:981 - CMSIS Pack Vendor :STMicroelectronics X-CUBE-EEPRMA1 5.1.0
2024-10-04 15:31:59,090 [INFO] ThirdParty:981 - CMSIS Pack Vendor :STMicroelectronics HAL Drivers 0.0.0
2024-10-04 15:31:59,090 [INFO] ThirdParty:981 - CMSIS Pack Vendor :STMicroelectronics MBEDTLS 2.16.2
2024-10-04 15:31:59,090 [INFO] ThirdParty:981 - CMSIS Pack Vendor :STMicroelectronics X-CUBE-ALS 1.0.2
2024-10-04 15:31:59,090 [INFO] ThirdParty:981 - CMSIS Pack Vendor :emotas I-CUBE-CANOPEN 1.3.0
2024-10-04 15:31:59,091 [INFO] ThirdParty:981 - CMSIS Pack Vendor :STMicroelectronics X-CUBE-MEMS1 10.0.0
2024-10-04 15:31:59,091 [INFO] ThirdParty:981 - CMSIS Pack Vendor :STMicroelectronics X-CUBE-NFC7 1.0.1
2024-10-04 15:31:59,091 [INFO] ThirdParty:981 - CMSIS Pack Vendor :STMicroelectronics MBEDTLS 2.14.1
2024-10-04 15:31:59,091 [INFO] ThirdParty:981 - CMSIS Pack Vendor :STMicroelectronics X-CUBE-TOUCHGFX 4.24.0
2024-10-04 15:31:59,092 [INFO] ThirdParty:981 - CMSIS Pack Vendor :ITTIA_DB I-CUBE-ITTIADB 8.9.0
2024-10-04 15:31:59,092 [INFO] ThirdParty:981 - CMSIS Pack Vendor :wolfSSL I-CUBE-wolfTPM 3.2.0
2024-10-04 15:31:59,092 [INFO] ThirdParty:981 - CMSIS Pack Vendor :STMicroelectronics X-CUBE-TOUCHGFX 4.24.1
2024-10-04 15:31:59,092 [INFO] ThirdParty:981 - CMSIS Pack Vendor :portGmbH I-Cube-SoM-uGOAL 1.1.0
2024-10-04 15:31:59,092 [INFO] ThirdParty:981 - CMSIS Pack Vendor :STMicroelectronics X-CUBE-ALS 1.0.1
2024-10-04 15:31:59,092 [INFO] ThirdParty:981 - CMSIS Pack Vendor :STMicroelectronics X-CUBE-BLEMGR 3.1.0
2024-10-04 15:31:59,093 [INFO] ThirdParty:981 - CMSIS Pack Vendor :STMicroelectronics ThreadX 1.0.0
2024-10-04 15:31:59,093 [INFO] ThirdParty:981 - CMSIS Pack Vendor :STMicroelectronics FP-SNS-SMARTAG2 1.2.0
2024-10-04 15:31:59,093 [INFO] ThirdParty:981 - CMSIS Pack Vendor :STMicroelectronics X-CUBE-AZRTOS-WL 2.0.0
2024-10-04 15:31:59,093 [INFO] ThirdParty:981 - CMSIS Pack Vendor :SEGGER I-CUBE-embOS 1.3.1
2024-10-04 15:31:59,093 [INFO] ThirdParty:981 - CMSIS Pack Vendor :STMicroelectronics X-CUBE-ALGOBUILD 1.4.0
2024-10-04 15:31:59,093 [INFO] ThirdParty:981 - CMSIS Pack Vendor :STMicroelectronics FP-SNS-MOTENV1 5.0.0
2024-10-04 15:31:59,094 [INFO] ThirdParty:981 - CMSIS Pack Vendor :STMicroelectronics USB_DEVICE 1.0.0
2024-10-04 15:31:59,094 [INFO] ThirdParty:981 - CMSIS Pack Vendor :STMicroelectronics X-CUBE-AZRTOS-H7RS 1.0.0
2024-10-04 15:31:59,094 [INFO] ThirdParty:981 - CMSIS Pack Vendor :wolfSSL I-CUBE-wolfMQTT 1.19.0
2024-10-04 15:31:59,094 [INFO] ThirdParty:981 - CMSIS Pack Vendor :STMicroelectronics X-CUBE-AZRTOS-L4 2.0.0
2024-10-04 15:31:59,094 [INFO] ThirdParty:981 - CMSIS Pack Vendor :STMicroelectronics ThreadX 0.0.2
2024-10-04 15:31:59,094 [INFO] ThirdParty:981 - CMSIS Pack Vendor :WES I-CUBE-Cesium 1.3.0
2024-10-04 15:31:59,094 [INFO] ThirdParty:981 - CMSIS Pack Vendor :STMicroelectronics FP-ATR-ASTRA1 2.0.0
2024-10-04 15:31:59,094 [INFO] ThirdParty:981 - CMSIS Pack Vendor :STMicroelectronics lwIP 2.1.2
2024-10-04 15:31:59,095 [INFO] ThirdParty:981 - CMSIS Pack Vendor :STMicroelectronics X-CUBE-SFXS2LP1 4.0.0
2024-10-04 15:31:59,095 [INFO] ThirdParty:981 - CMSIS Pack Vendor :STMicroelectronics X-CUBE-BLE2 3.3.0
2024-10-04 15:31:59,095 [INFO] ThirdParty:981 - CMSIS Pack Vendor :STMicroelectronics X-CUBE-TOF1 3.4.1
2024-10-04 15:31:59,095 [INFO] ThirdParty:981 - CMSIS Pack Vendor :STMicroelectronics X-CUBE-AZRTOS-H7 3.2.0
2024-10-04 15:31:59,095 [INFO] ThirdParty:981 - CMSIS Pack Vendor :Infineon AIROC-Wi-Fi-Bluetooth-STM32 1.6.0
2024-10-04 15:31:59,095 [INFO] ThirdParty:981 - CMSIS Pack Vendor :STMicroelectronics PDM2PCM 3.2.0
2024-10-04 15:31:59,095 [INFO] ThirdParty:981 - CMSIS Pack Vendor :wolfSSL I-CUBE-wolfSSH 1.4.17
2024-10-04 15:31:59,096 [INFO] ThirdParty:797 - exiting critical section [change project]
2024-10-04 15:31:59,864 [INFO] PinOutPanel:1468 - setPackage(No Configuration,No Configuration)
2024-10-04 15:31:59,875 [INFO] PinOutPanel:1468 - setPackage(STM32F103C6Tx,LQFP48)
2024-10-04 15:32:02,170 [INFO] UtilMem:74 - Before build in PCC Used Memory: 610438296 Bytes (625999872)
2024-10-04 15:32:05,285 [INFO] UtilMem:74 - After build in PCC Used Memory: 607380000 Bytes (625999872)
2024-10-04 15:32:05,371 [INFO] IPUIPlugin:79 - create IPUIPlugin
2024-10-04 15:32:05,372 [INFO] IPUIPlugin:79 - create IPUIPlugin
2024-10-04 15:32:05,372 [INFO] IPUIPlugin:79 - create IPUIPlugin
2024-10-04 15:32:05,372 [INFO] IPUIPlugin:79 - create IPUIPlugin
2024-10-04 15:32:05,372 [INFO] IPUIPlugin:79 - create IPUIPlugin
2024-10-04 15:32:05,373 [INFO] IPUIPlugin:79 - create IPUIPlugin
2024-10-04 15:32:05,373 [INFO] IPUIPlugin:79 - create IPUIPlugin
2024-10-04 15:32:05,373 [INFO] IPUIPlugin:79 - create IPUIPlugin
2024-10-04 15:32:05,374 [INFO] IPUIPlugin:79 - create IPUIPlugin
2024-10-04 15:32:05,374 [INFO] IPUIPlugin:79 - create IPUIPlugin
2024-10-04 15:32:05,375 [INFO] IPUIPlugin:79 - create IPUIPlugin
2024-10-04 15:32:05,375 [INFO] IPUIPlugin:79 - create IPUIPlugin
2024-10-04 15:32:05,376 [INFO] IPUIPlugin:79 - create IPUIPlugin
2024-10-04 15:32:05,376 [INFO] IPUIPlugin:79 - create IPUIPlugin
2024-10-04 15:32:05,377 [INFO] IPUIPlugin:79 - create IPUIPlugin
2024-10-04 15:32:05,408 [INFO] IPUIPlugin:79 - create IPUIPlugin
2024-10-04 15:32:05,409 [INFO] IPUIPlugin:79 - create IPUIPlugin
2024-10-04 15:32:05,410 [INFO] IPUIPlugin:79 - create IPUIPlugin
2024-10-04 15:32:05,410 [INFO] IPUIPlugin:79 - create IPUIPlugin
2024-10-04 15:32:05,411 [INFO] IPUIPlugin:79 - create IPUIPlugin
2024-10-04 15:32:05,411 [INFO] IPUIPlugin:79 - create IPUIPlugin
2024-10-04 15:32:05,412 [INFO] IPUIPlugin:79 - create IPUIPlugin
2024-10-04 15:32:05,412 [INFO] IPUIPlugin:79 - create IPUIPlugin
2024-10-04 15:32:06,112 [INFO] OpenFileManager:327 - Restore cursor
2024-10-04 15:32:15,704 [INFO] NvicIntPanel:100 - NVIC parent = com.st.microxplorer.plugins.ip.nvic.MultiNvicIntPanel[,0,0,0x0,invalid,layout=javax.swing.BoxLayout,alignmentX=0.0,alignmentY=0.0,border=,flags=9,maximumSize=,minimumSize=,preferredSize=]
2024-10-04 16:23:42,500 [INFO] MainUpdater:2768 - connection check result : 10
2024-10-04 16:23:42,502 [INFO] MainUpdater:2768 - connection check result : 10
2024-10-04 16:23:42,527 [INFO] MicroXplorer:451 - Change Database Path : 
2024-10-04 16:23:42,528 [INFO] MicroXplorer:481 - Change Database Version : DB.6.0.60
2024-10-04 16:23:42,584 [WARN] ThirdParty:827 - waiting for thirdparty lock release [close project]
2024-10-04 16:23:42,585 [INFO] ThirdParty:829 - entering critical section [close project]
2024-10-04 16:23:42,585 [INFO] ThirdParty:839 - exiting critical section [close project]
2024-10-04 16:23:42,588 [INFO] PinOutPanel:1468 - setPackage(No Configuration,No Configuration)
2024-10-04 16:23:42,620 [INFO] UtilMem:74 - Begin LoadConfig() Used Memory: 674312520 Bytes (692060160)
2024-10-04 16:23:42,621 [INFO] MicroXplorer:451 - Change Database Path : 
2024-10-04 16:23:42,621 [INFO] MicroXplorer:481 - Change Database Version : DB.6.0.60
2024-10-04 16:23:42,621 [INFO] OpenFileManager:307 - Change cursor
2024-10-04 16:23:42,656 [INFO] Mcu:1922 - Initializing MCU STM32F103C(4-6)Tx STM32F103C6Tx STM32F103C6T6A
2024-10-04 16:23:44,223 [INFO] Context:654 - Trying to add GPIOservice into a context  which must be forbidden
2024-10-04 16:23:44,509 [WARN] ApiManager:308 - Cannot register API 'Board Extension:NFC09A1' from pack STMicroelectronics.X-CUBE-NFC9.1.0.0: no header file found
2024-10-04 16:23:44,511 [WARN] ApiManager:308 - Cannot register API 'Board Extension:GNSS1A1' from pack STMicroelectronics.X-CUBE-GNSS1.6.0.0: no header file found
2024-10-04 16:23:44,511 [WARN] ApiManager:308 - Cannot register API 'Board Support:Custom' from pack STMicroelectronics.X-CUBE-GNSS1.6.0.0: no header file found
2024-10-04 16:23:44,511 [WARN] ApiManager:308 - Cannot register API 'Data Exchange:lib_gnss' from pack STMicroelectronics.X-CUBE-GNSS1.6.0.0: no header file found
2024-10-04 16:23:44,517 [WARN] ApiManager:308 - Cannot register API 'Board Extension:GNSS1A1' from pack STMicroelectronics.X-CUBE-GNSS1.7.0.0: no header file found
2024-10-04 16:23:44,518 [WARN] ApiManager:308 - Cannot register API 'Board Support:Custom' from pack STMicroelectronics.X-CUBE-GNSS1.7.0.0: no header file found
2024-10-04 16:23:44,518 [WARN] ApiManager:308 - Cannot register API 'Data Exchange:lib_gnss' from pack STMicroelectronics.X-CUBE-GNSS1.7.0.0: no header file found
2024-10-04 16:23:44,543 [WARN] ApiManager:308 - Cannot register API 'Board Extension:NFC06A1' from pack STMicroelectronics.X-CUBE-NFC6.3.1.0: no header file found
2024-10-04 16:23:44,543 [WARN] ApiManager:308 - Cannot register API 'Board Extension:NFC08A1' from pack STMicroelectronics.X-CUBE-NFC6.3.1.0: no header file found
2024-10-04 16:23:44,719 [WARN] ApiManager:308 - Cannot register API 'Board Extension:IKS01A3' from pack STMicroelectronics.X-CUBE-MEMS1.11.0.0: no header file found
2024-10-04 16:23:44,720 [WARN] ApiManager:308 - Cannot register API 'Board Extension:IKS02A1' from pack STMicroelectronics.X-CUBE-MEMS1.11.0.0: no header file found
2024-10-04 16:23:44,720 [WARN] ApiManager:308 - Cannot register API 'Board Extension:IKS4A1' from pack STMicroelectronics.X-CUBE-MEMS1.11.0.0: no header file found
2024-10-04 16:23:44,727 [INFO] RtosManager:488 - Registered RTOS mode: class=CMSIS, group=RTOS, mode=CMSIS_V1, owner=FREERTOS
2024-10-04 16:23:44,728 [INFO] RtosManager:488 - Registered RTOS mode: class=CMSIS, group=RTOS2, mode=CMSIS_V2, owner=FREERTOS
2024-10-04 16:23:44,729 [INFO] RtosManager:488 - Registered RTOS mode: class=RTOS, group=Core, mode=CMSIS_V1, owner=FREERTOS
2024-10-04 16:23:44,729 [INFO] RtosManager:488 - Registered RTOS mode: class=RTOS, group=Core, mode=CMSIS_V2, owner=FREERTOS
2024-10-04 16:23:44,729 [WARN] ModelIntegratedComponent:185 - Missing modes for component STMicroelectronics:FreeRTOS:0.0.1:STMicroelectronics:RTOS:FreeRTOS:Core:::10.2.0:
2024-10-04 16:23:44,734 [WARN] ApiManager:308 - Cannot register API 'Board Extension:STSAFEA1' from pack STMicroelectronics.X-CUBE-SAFEA1.1.2.2: no header file found
2024-10-04 16:23:44,734 [WARN] ApiManager:308 - Cannot register API 'Board Part:STSAFEA110' from pack STMicroelectronics.X-CUBE-SAFEA1.1.2.2: no header file found
2024-10-04 16:23:44,734 [WARN] ApiManager:308 - Cannot register API 'Security:ST_Cryptolib' from pack STMicroelectronics.X-CUBE-SAFEA1.1.2.2: no header file found
2024-10-04 16:23:44,734 [WARN] ApiManager:308 - Cannot register API 'Security:MbedTLS' from pack STMicroelectronics.X-CUBE-SAFEA1.1.2.2: no header file found
2024-10-04 16:23:44,735 [WARN] ApiManager:308 - Cannot register API 'Board Extension:NFC04A1' from pack STMicroelectronics.X-CUBE-NFC4.3.0.0: no header file found
2024-10-04 16:23:44,738 [WARN] ApiManager:308 - Cannot register API 'Board Extension:S2868A1' from pack STMicroelectronics.X-CUBE-SUBG2.5.0.0: no header file found
2024-10-04 16:23:44,738 [WARN] ApiManager:308 - Cannot register API 'Board Extension:S2868A2' from pack STMicroelectronics.X-CUBE-SUBG2.5.0.0: no header file found
2024-10-04 16:23:44,739 [WARN] ApiManager:308 - Cannot register API 'Board Extension:S2915A1' from pack STMicroelectronics.X-CUBE-SUBG2.5.0.0: no header file found
2024-10-04 16:23:44,745 [WARN] ApiManager:308 - Cannot register API 'Wireless:BlueNRG-MS' from pack STMicroelectronics.X-CUBE-BLE1.7.0.0: no header file found
2024-10-04 16:23:44,747 [WARN] ApiManager:308 - Cannot register API 'Board Extension:NFC10A1' from pack STMicroelectronics.X-CUBE-NFC10.1.0.0: no header file found
2024-10-04 16:23:44,748 [WARN] ApiManager:308 - Cannot register API 'Board Extension:EEPRMA2' from pack STMicroelectronics.X-CUBE-EEPRMA1.5.1.0: no header file found
2024-10-04 16:23:44,749 [WARN] ApiManager:308 - Cannot register API 'Board Extension:PGEEZ1' from pack STMicroelectronics.X-CUBE-EEPRMA1.5.1.0: no header file found
2024-10-04 16:23:44,749 [WARN] ApiManager:308 - Cannot register API 'Board Extension:EEICA1' from pack STMicroelectronics.X-CUBE-EEPRMA1.5.1.0: no header file found
2024-10-04 16:23:44,749 [WARN] ApiManager:308 - Cannot register API 'Board Part:M24' from pack STMicroelectronics.X-CUBE-EEPRMA1.5.1.0: no header file found
2024-10-04 16:23:44,749 [WARN] ApiManager:308 - Cannot register API 'Board Part:M95' from pack STMicroelectronics.X-CUBE-EEPRMA1.5.1.0: no header file found
2024-10-04 16:23:44,750 [WARN] ApiManager:308 - Cannot register API 'Board Part:M95P32' from pack STMicroelectronics.X-CUBE-EEPRMA1.5.1.0: no header file found
2024-10-04 16:23:44,751 [WARN] ApiManager:308 - Cannot register API 'Board Part:M24256E-F' from pack STMicroelectronics.X-CUBE-EEPRMA1.5.1.0: no header file found
2024-10-04 16:23:44,751 [WARN] ApiManager:308 - Cannot register API 'Board Part:M24M01E-F' from pack STMicroelectronics.X-CUBE-EEPRMA1.5.1.0: no header file found
2024-10-04 16:23:44,752 [WARN] ApiManager:308 - Cannot register API 'PGEEZ1:SPI' from pack STMicroelectronics.X-CUBE-EEPRMA1.5.1.0: no header file found
2024-10-04 16:23:44,753 [WARN] ApiManager:308 - Cannot register API 'PGEEZ1:QDSPI' from pack STMicroelectronics.X-CUBE-EEPRMA1.5.1.0: no header file found
2024-10-04 16:23:44,753 [WARN] ModelIntegratedComponent:64 - No mode defined for component null
2024-10-04 16:23:44,753 [WARN] ModelIntegratedComponent:64 - No mode defined for component null
2024-10-04 16:23:44,753 [WARN] ModelIntegratedComponent:64 - No mode defined for component null
2024-10-04 16:23:44,753 [WARN] ModelIntegratedComponent:64 - No mode defined for component null
2024-10-04 16:23:44,754 [WARN] ModelIntegratedComponent:64 - No mode defined for component null
2024-10-04 16:23:44,754 [WARN] ModelIntegratedComponent:64 - No mode defined for component null
2024-10-04 16:23:44,754 [WARN] ModelIntegratedComponent:64 - No mode defined for component null
2024-10-04 16:23:44,754 [WARN] ModelIntegratedComponent:64 - No mode defined for component null
2024-10-04 16:23:44,754 [WARN] ModelIntegratedComponent:64 - No mode defined for component null
2024-10-04 16:23:44,754 [WARN] ModelIntegratedComponent:64 - No mode defined for component null
2024-10-04 16:23:44,754 [WARN] ModelIntegratedComponent:64 - No mode defined for component null
2024-10-04 16:23:44,754 [WARN] ModelIntegratedComponent:64 - No mode defined for component null
2024-10-04 16:23:44,754 [WARN] ModelIntegratedComponent:64 - No mode defined for component null
2024-10-04 16:23:44,755 [WARN] ModelIntegratedComponent:64 - No mode defined for component null
2024-10-04 16:23:44,755 [WARN] ModelIntegratedComponent:64 - No mode defined for component null
2024-10-04 16:23:44,755 [WARN] ModelIntegratedComponent:64 - No mode defined for component null
2024-10-04 16:23:44,755 [WARN] ModelIntegratedComponent:64 - No mode defined for component null
2024-10-04 16:23:44,755 [WARN] ModelIntegratedComponent:64 - No mode defined for component null
2024-10-04 16:23:44,755 [WARN] ModelIntegratedComponent:64 - No mode defined for component null
2024-10-04 16:23:44,755 [WARN] ModelIntegratedComponent:64 - No mode defined for component null
2024-10-04 16:23:44,755 [WARN] ModelIntegratedComponent:64 - No mode defined for component null
2024-10-04 16:23:44,755 [WARN] ModelIntegratedComponent:64 - No mode defined for component null
2024-10-04 16:23:44,755 [WARN] ModelIntegratedComponent:64 - No mode defined for component null
2024-10-04 16:23:44,755 [WARN] ModelIntegratedComponent:64 - No mode defined for component null
2024-10-04 16:23:44,756 [WARN] ModelIntegratedComponent:64 - No mode defined for component null
2024-10-04 16:23:44,756 [WARN] ModelIntegratedComponent:64 - No mode defined for component null
2024-10-04 16:23:44,756 [WARN] ModelIntegratedComponent:64 - No mode defined for component null
2024-10-04 16:23:44,756 [WARN] ModelIntegratedComponent:64 - No mode defined for component null
2024-10-04 16:23:44,757 [WARN] ModelIntegratedComponent:64 - No mode defined for component null
2024-10-04 16:23:44,757 [WARN] ModelIntegratedComponent:64 - No mode defined for component null
2024-10-04 16:23:44,757 [WARN] ModelIntegratedComponent:64 - No mode defined for component null
2024-10-04 16:23:44,757 [WARN] ModelIntegratedComponent:64 - No mode defined for component null
2024-10-04 16:23:44,757 [WARN] ModelIntegratedComponent:64 - No mode defined for component null
2024-10-04 16:23:44,877 [WARN] ApiManager:308 - Cannot register API 'Board Extension:IKS01A3' from pack STMicroelectronics.X-CUBE-MEMS1.10.0.0: no header file found
2024-10-04 16:23:44,877 [WARN] ApiManager:308 - Cannot register API 'Board Extension:IKS02A1' from pack STMicroelectronics.X-CUBE-MEMS1.10.0.0: no header file found
2024-10-04 16:23:44,877 [WARN] ApiManager:308 - Cannot register API 'Board Extension:IKS4A1' from pack STMicroelectronics.X-CUBE-MEMS1.10.0.0: no header file found
2024-10-04 16:23:44,882 [WARN] ApiManager:308 - Cannot register API 'Board Extension:NFC07A1' from pack STMicroelectronics.X-CUBE-NFC7.1.0.1: no header file found
2024-10-04 16:23:44,893 [WARN] ApiManager:308 - Cannot register API 'Board Extension:S2868A1' from pack STMicroelectronics.X-CUBE-SFXS2LP1.4.0.0: no header file found
2024-10-04 16:23:44,893 [WARN] ApiManager:308 - Cannot register API 'Board Extension:S2868A2' from pack STMicroelectronics.X-CUBE-SFXS2LP1.4.0.0: no header file found
2024-10-04 16:23:44,893 [WARN] ApiManager:308 - Cannot register API 'Board Extension:S2915A1' from pack STMicroelectronics.X-CUBE-SFXS2LP1.4.0.0: no header file found
2024-10-04 16:23:44,894 [WARN] ApiManager:308 - Cannot register API 'Wireless:BlueNRG-2' from pack STMicroelectronics.X-CUBE-BLE2.3.3.0: no header file found
2024-10-04 16:23:44,910 [INFO] ThirdPartyModel:289 - Start build external matchings
2024-10-04 16:23:45,861 [INFO] ThirdPartyModel:302 - End build external matchings
2024-10-04 16:23:46,071 [INFO] UtilMem:74 - End LoadConfig() Used Memory: 621906616 Bytes (692060160)
2024-10-04 16:23:46,110 [WARN] ThirdParty:789 - waiting for thirdparty lock release [change project]
2024-10-04 16:23:46,110 [INFO] ThirdParty:791 - entering critical section [change project]
2024-10-04 16:23:46,110 [INFO] ThirdParty:981 - CMSIS Pack Vendor :STMicroelectronics X-CUBE-AZRTOS-H7 3.3.0
2024-10-04 16:23:46,110 [INFO] ThirdParty:981 - CMSIS Pack Vendor :STMicroelectronics X-CUBE-NFC9 1.0.0
2024-10-04 16:23:46,110 [INFO] ThirdParty:981 - CMSIS Pack Vendor :STMicroelectronics X-CUBE-GNSS1 6.0.0
2024-10-04 16:23:46,110 [INFO] ThirdParty:981 - CMSIS Pack Vendor :STMicroelectronics USB_HOST 2.0.0
2024-10-04 16:23:46,111 [INFO] ThirdParty:981 - CMSIS Pack Vendor :STMicroelectronics FP-SNS-MOTENVWB1 1.4.0
2024-10-04 16:23:46,111 [INFO] ThirdParty:981 - CMSIS Pack Vendor :STMicroelectronics X-CUBE-AZRTOS-F4 1.1.0
2024-10-04 16:23:46,111 [INFO] ThirdParty:981 - CMSIS Pack Vendor :STMicroelectronics LIBJPEG 8.0.0
2024-10-04 16:23:46,111 [INFO] ThirdParty:981 - CMSIS Pack Vendor :STMicroelectronics X-CUBE-SMBUS 2.1.0
2024-10-04 16:23:46,111 [INFO] ThirdParty:981 - CMSIS Pack Vendor :STMicroelectronics USB_DEVICE 3.0.0
2024-10-04 16:23:46,111 [INFO] ThirdParty:981 - CMSIS Pack Vendor :STMicroelectronics X-CUBE-TCPP 4.1.0
2024-10-04 16:23:46,111 [INFO] ThirdParty:981 - CMSIS Pack Vendor :STMicroelectronics X-CUBE-ISPU 2.1.0
2024-10-04 16:23:46,111 [INFO] ThirdParty:981 - CMSIS Pack Vendor :STMicroelectronics X-CUBE-FREERTOS 1.2.0
2024-10-04 16:23:46,111 [INFO] ThirdParty:981 - CMSIS Pack Vendor :STMicroelectronics X-CUBE-AZRTOS-WB 2.0.0
2024-10-04 16:23:46,111 [INFO] ThirdParty:981 - CMSIS Pack Vendor :STMicroelectronics X-CUBE-GNSS1 7.0.0
2024-10-04 16:23:46,111 [INFO] ThirdParty:981 - CMSIS Pack Vendor :STMicroelectronics X-CUBE-TOUCHGFX 4.23.2
2024-10-04 16:23:46,111 [INFO] ThirdParty:981 - CMSIS Pack Vendor :STMicroelectronics X-CUBE-AZRTOS-F7 1.1.0
2024-10-04 16:23:46,112 [INFO] ThirdParty:981 - CMSIS Pack Vendor :STMicroelectronics X-CUBE-AZRTOS-L5 2.0.0
2024-10-04 16:23:46,112 [INFO] ThirdParty:981 - CMSIS Pack Vendor :STMicroelectronics USB_DEVICE 2.0.0
2024-10-04 16:23:46,112 [INFO] ThirdParty:981 - CMSIS Pack Vendor :STMicroelectronics X-CUBE-NFC6 3.1.0
2024-10-04 16:23:46,112 [INFO] ThirdParty:981 - CMSIS Pack Vendor :STMicroelectronics X-CUBE-ALGOBUILD 1.3.0
2024-10-04 16:23:46,112 [INFO] ThirdParty:981 - CMSIS Pack Vendor :STMicroelectronics X-CUBE-MEMS1 11.0.0
2024-10-04 16:23:46,112 [INFO] ThirdParty:981 - CMSIS Pack Vendor :STMicroelectronics FreeRTOS 0.0.1
2024-10-04 16:23:46,112 [INFO] ThirdParty:981 - CMSIS Pack Vendor :STMicroelectronics X-CUBE-AZRTOS-G0 1.1.0
2024-10-04 16:23:46,112 [INFO] ThirdParty:981 - CMSIS Pack Vendor :STMicroelectronics X-CUBE-SAFEA1 1.2.2
2024-10-04 16:23:46,113 [INFO] ThirdParty:981 - CMSIS Pack Vendor :STMicroelectronics X-CUBE-NFC4 3.0.0
2024-10-04 16:23:46,115 [INFO] ThirdParty:981 - CMSIS Pack Vendor :STMicroelectronics X-CUBE-SUBG2 5.0.0
2024-10-04 16:23:46,115 [INFO] ThirdParty:981 - CMSIS Pack Vendor :STMicroelectronics STM32_WPAN 1.0.0
2024-10-04 16:23:46,115 [INFO] ThirdParty:981 - CMSIS Pack Vendor :wolfSSL I-CUBE-wolfMQTT 1.18.0
2024-10-04 16:23:46,115 [INFO] ThirdParty:981 - CMSIS Pack Vendor :STMicroelectronics lwIP 2.0.3
2024-10-04 16:23:46,115 [INFO] ThirdParty:981 - CMSIS Pack Vendor :STMicroelectronics FP-SNS-FLIGHT1 5.0.2
2024-10-04 16:23:46,115 [INFO] ThirdParty:981 - CMSIS Pack Vendor :STMicroelectronics USB_HOST 1.0.0
2024-10-04 16:23:46,116 [INFO] ThirdParty:981 - CMSIS Pack Vendor :STMicroelectronics X-CUBE-AI 9.0.0
2024-10-04 16:23:46,116 [INFO] ThirdParty:981 - CMSIS Pack Vendor :STMicroelectronics X-CUBE-AZRTOS-G4 2.0.0
2024-10-04 16:23:46,116 [INFO] ThirdParty:981 - CMSIS Pack Vendor :STMicroelectronics PDM2PCM 3.1.0
2024-10-04 16:23:46,116 [INFO] ThirdParty:981 - CMSIS Pack Vendor :STMicroelectronics PDM2PCM 3.3.0
2024-10-04 16:23:46,116 [INFO] ThirdParty:981 - CMSIS Pack Vendor :STMicroelectronics X-CUBE-DISPLAY 3.0.0
2024-10-04 16:23:46,116 [INFO] ThirdParty:981 - CMSIS Pack Vendor :wolfSSL I-CUBE-wolfSSL 5.7.0
2024-10-04 16:23:46,116 [INFO] ThirdParty:981 - CMSIS Pack Vendor :STMicroelectronics X-CUBE-BLE1 7.0.0
2024-10-04 16:23:46,117 [INFO] ThirdParty:981 - CMSIS Pack Vendor :STMicroelectronics FP-ATR-SIGFOX1 3.2.0
2024-10-04 16:23:46,117 [INFO] ThirdParty:981 - CMSIS Pack Vendor :STMicroelectronics X-CUBE-NFC10 1.0.0
2024-10-04 16:23:46,117 [INFO] ThirdParty:981 - CMSIS Pack Vendor :STMicroelectronics X-CUBE-ISPU 2.0.0
2024-10-04 16:23:46,117 [INFO] ThirdParty:981 - CMSIS Pack Vendor :STMicroelectronics X-CUBE-EEPRMA1 5.1.0
2024-10-04 16:23:46,117 [INFO] ThirdParty:981 - CMSIS Pack Vendor :STMicroelectronics HAL Drivers 0.0.0
2024-10-04 16:23:46,117 [INFO] ThirdParty:981 - CMSIS Pack Vendor :STMicroelectronics MBEDTLS 2.16.2
2024-10-04 16:23:46,117 [INFO] ThirdParty:981 - CMSIS Pack Vendor :STMicroelectronics X-CUBE-ALS 1.0.2
2024-10-04 16:23:46,118 [INFO] ThirdParty:981 - CMSIS Pack Vendor :emotas I-CUBE-CANOPEN 1.3.0
2024-10-04 16:23:46,118 [INFO] ThirdParty:981 - CMSIS Pack Vendor :STMicroelectronics X-CUBE-MEMS1 10.0.0
2024-10-04 16:23:46,118 [INFO] ThirdParty:981 - CMSIS Pack Vendor :STMicroelectronics X-CUBE-NFC7 1.0.1
2024-10-04 16:23:46,118 [INFO] ThirdParty:981 - CMSIS Pack Vendor :STMicroelectronics MBEDTLS 2.14.1
2024-10-04 16:23:46,118 [INFO] ThirdParty:981 - CMSIS Pack Vendor :STMicroelectronics X-CUBE-TOUCHGFX 4.24.0
2024-10-04 16:23:46,118 [INFO] ThirdParty:981 - CMSIS Pack Vendor :ITTIA_DB I-CUBE-ITTIADB 8.9.0
2024-10-04 16:23:46,118 [INFO] ThirdParty:981 - CMSIS Pack Vendor :wolfSSL I-CUBE-wolfTPM 3.2.0
2024-10-04 16:23:46,118 [INFO] ThirdParty:981 - CMSIS Pack Vendor :STMicroelectronics X-CUBE-TOUCHGFX 4.24.1
2024-10-04 16:23:46,118 [INFO] ThirdParty:981 - CMSIS Pack Vendor :portGmbH I-Cube-SoM-uGOAL 1.1.0
2024-10-04 16:23:46,118 [INFO] ThirdParty:981 - CMSIS Pack Vendor :STMicroelectronics X-CUBE-ALS 1.0.1
2024-10-04 16:23:46,118 [INFO] ThirdParty:981 - CMSIS Pack Vendor :STMicroelectronics X-CUBE-BLEMGR 3.1.0
2024-10-04 16:23:46,119 [INFO] ThirdParty:981 - CMSIS Pack Vendor :STMicroelectronics ThreadX 1.0.0
2024-10-04 16:23:46,119 [INFO] ThirdParty:981 - CMSIS Pack Vendor :STMicroelectronics FP-SNS-SMARTAG2 1.2.0
2024-10-04 16:23:46,119 [INFO] ThirdParty:981 - CMSIS Pack Vendor :STMicroelectronics X-CUBE-AZRTOS-WL 2.0.0
2024-10-04 16:23:46,119 [INFO] ThirdParty:981 - CMSIS Pack Vendor :SEGGER I-CUBE-embOS 1.3.1
2024-10-04 16:23:46,119 [INFO] ThirdParty:981 - CMSIS Pack Vendor :STMicroelectronics X-CUBE-ALGOBUILD 1.4.0
2024-10-04 16:23:46,119 [INFO] ThirdParty:981 - CMSIS Pack Vendor :STMicroelectronics FP-SNS-MOTENV1 5.0.0
2024-10-04 16:23:46,119 [INFO] ThirdParty:981 - CMSIS Pack Vendor :STMicroelectronics USB_DEVICE 1.0.0
2024-10-04 16:23:46,119 [INFO] ThirdParty:981 - CMSIS Pack Vendor :STMicroelectronics X-CUBE-AZRTOS-H7RS 1.0.0
2024-10-04 16:23:46,119 [INFO] ThirdParty:981 - CMSIS Pack Vendor :wolfSSL I-CUBE-wolfMQTT 1.19.0
2024-10-04 16:23:46,119 [INFO] ThirdParty:981 - CMSIS Pack Vendor :STMicroelectronics X-CUBE-AZRTOS-L4 2.0.0
2024-10-04 16:23:46,119 [INFO] ThirdParty:981 - CMSIS Pack Vendor :STMicroelectronics ThreadX 0.0.2
2024-10-04 16:23:46,119 [INFO] ThirdParty:981 - CMSIS Pack Vendor :WES I-CUBE-Cesium 1.3.0
2024-10-04 16:23:46,119 [INFO] ThirdParty:981 - CMSIS Pack Vendor :STMicroelectronics FP-ATR-ASTRA1 2.0.0
2024-10-04 16:23:46,120 [INFO] ThirdParty:981 - CMSIS Pack Vendor :STMicroelectronics lwIP 2.1.2
2024-10-04 16:23:46,120 [INFO] ThirdParty:981 - CMSIS Pack Vendor :STMicroelectronics X-CUBE-SFXS2LP1 4.0.0
2024-10-04 16:23:46,120 [INFO] ThirdParty:981 - CMSIS Pack Vendor :STMicroelectronics X-CUBE-BLE2 3.3.0
2024-10-04 16:23:46,120 [INFO] ThirdParty:981 - CMSIS Pack Vendor :STMicroelectronics X-CUBE-TOF1 3.4.1
2024-10-04 16:23:46,120 [INFO] ThirdParty:981 - CMSIS Pack Vendor :STMicroelectronics X-CUBE-AZRTOS-H7 3.2.0
2024-10-04 16:23:46,120 [INFO] ThirdParty:981 - CMSIS Pack Vendor :Infineon AIROC-Wi-Fi-Bluetooth-STM32 1.6.0
2024-10-04 16:23:46,120 [INFO] ThirdParty:981 - CMSIS Pack Vendor :STMicroelectronics PDM2PCM 3.2.0
2024-10-04 16:23:46,120 [INFO] ThirdParty:981 - CMSIS Pack Vendor :wolfSSL I-CUBE-wolfSSH 1.4.17
2024-10-04 16:23:46,120 [INFO] ThirdParty:797 - exiting critical section [change project]
2024-10-04 16:23:46,338 [INFO] PinOutPanel:1468 - setPackage(No Configuration,No Configuration)
2024-10-04 16:23:46,339 [INFO] PinOutPanel:1468 - setPackage(STM32F103C6Tx,LQFP48)
2024-10-04 16:23:46,747 [INFO] UtilMem:74 - Before build in PCC Used Memory: 603737792 Bytes (692060160)
2024-10-04 16:23:47,976 [INFO] UtilMem:74 - After build in PCC Used Memory: 616690392 Bytes (692060160)
2024-10-04 16:23:48,003 [INFO] IPUIPlugin:79 - create IPUIPlugin
2024-10-04 16:23:48,004 [INFO] IPUIPlugin:79 - create IPUIPlugin
2024-10-04 16:23:48,004 [INFO] IPUIPlugin:79 - create IPUIPlugin
2024-10-04 16:23:48,004 [INFO] IPUIPlugin:79 - create IPUIPlugin
2024-10-04 16:23:48,005 [INFO] IPUIPlugin:79 - create IPUIPlugin
2024-10-04 16:23:48,005 [INFO] IPUIPlugin:79 - create IPUIPlugin
2024-10-04 16:23:48,005 [INFO] IPUIPlugin:79 - create IPUIPlugin
2024-10-04 16:23:48,005 [INFO] IPUIPlugin:79 - create IPUIPlugin
2024-10-04 16:23:48,006 [INFO] IPUIPlugin:79 - create IPUIPlugin
2024-10-04 16:23:48,006 [INFO] IPUIPlugin:79 - create IPUIPlugin
2024-10-04 16:23:48,006 [INFO] IPUIPlugin:79 - create IPUIPlugin
2024-10-04 16:23:48,006 [INFO] IPUIPlugin:79 - create IPUIPlugin
2024-10-04 16:23:48,007 [INFO] IPUIPlugin:79 - create IPUIPlugin
2024-10-04 16:23:48,007 [INFO] IPUIPlugin:79 - create IPUIPlugin
2024-10-04 16:23:48,008 [INFO] IPUIPlugin:79 - create IPUIPlugin
2024-10-04 16:23:48,008 [INFO] IPUIPlugin:79 - create IPUIPlugin
2024-10-04 16:23:48,008 [INFO] IPUIPlugin:79 - create IPUIPlugin
2024-10-04 16:23:48,009 [INFO] IPUIPlugin:79 - create IPUIPlugin
2024-10-04 16:23:48,009 [INFO] IPUIPlugin:79 - create IPUIPlugin
2024-10-04 16:23:48,009 [INFO] IPUIPlugin:79 - create IPUIPlugin
2024-10-04 16:23:48,010 [INFO] IPUIPlugin:79 - create IPUIPlugin
2024-10-04 16:23:48,011 [INFO] IPUIPlugin:79 - create IPUIPlugin
2024-10-04 16:23:48,011 [INFO] IPUIPlugin:79 - create IPUIPlugin
2024-10-04 16:23:48,115 [INFO] OpenFileManager:327 - Restore cursor
2024-10-05 10:19:33,351 [INFO] Activator:177 - 


2024-10-05 10:19:33,360 [INFO] Activator:178 - !SESSION log4j initialized
2024-10-05 10:20:17,968 [ERROR] LogOutputStream:74 - [STDERR_REDIRECT] SLF4J: Failed to load class "org.slf4j.impl.StaticLoggerBinder".
2024-10-05 10:20:17,971 [ERROR] LogOutputStream:74 - [STDERR_REDIRECT] SLF4J: Defaulting to no-operation (NOP) logger implementation
2024-10-05 10:20:17,976 [ERROR] LogOutputStream:74 - [STDERR_REDIRECT] SLF4J: See http://www.slf4j.org/codes.html#StaticLoggerBinder for further details.
2024-10-05 10:21:28,801 [INFO] McuFinderGlobals:44 - Set McuFinder mode to 2 (CubeIDE integrated)
2024-10-05 10:21:29,403 [INFO] ApplicationProperties:181 - Using Application install path: D:\BKRA\KEIL C test\STM32CubeIDE_1.10.1\STM32CubeIDE\plugins\com.st.stm32cube.common.mx_6.6.1.202207061420
2024-10-05 10:21:29,449 [INFO] DbMcusXml:77 - Set database path to: D:\BKRA\KEIL C test\STM32CubeIDE_1.10.1\STM32CubeIDE\plugins\com.st.stm32cube.common.mx_6.6.1.202207061420\\db\/mcu/
2024-10-05 10:21:29,451 [INFO] ApiDb:269 - Set plugin database path to: D:\BKRA\KEIL C test\STM32CubeIDE_1.10.1\STM32CubeIDE\plugins\com.st.stm32cube.common.mx_6.6.1.202207061420\\db\/plugins/boardmanager/
2024-10-05 10:21:29,460 [WARN] ApiDb:254 - Overriding images path with different value:  => D:\BKRA\KEIL C test\STM32CubeIDE_1.10.1\STM32CubeIDE\plugins\com.st.stm32cube.common.mx_6.6.1.202207061420\\db\/plugins/mcufinder/images/
2024-10-05 10:21:29,515 [INFO] ApiDb:249 - Set database path to: C:\Users\User\.stmcufinder\plugins\mcufinder//mcu/
2024-10-05 10:21:29,518 [INFO] DbMcusAds:124 - Set database path to: C:\Users\User\.stmcufinder\plugins\mcufinder//mcu/
2024-10-05 10:21:29,568 [INFO] CrossReferenceDbSqlite:201 - Set database path to: C:\Users\User\.stmcufinder\plugins\mcufinder//mcu/cs/
2024-10-05 10:21:29,813 [INFO] RulesReader:61 - Compatibility file has been processed (282 Rules)
2024-10-05 10:21:30,011 [INFO] DbMcusXml:77 - Set database path to: D:\BKRA\KEIL C test\STM32CubeIDE_1.10.1\STM32CubeIDE\plugins\com.st.stm32cube.common.mx_6.6.1.202207061420\\db\/mcu/
2024-10-05 10:21:30,012 [INFO] ApiDb:269 - Set plugin database path to: D:\BKRA\KEIL C test\STM32CubeIDE_1.10.1\STM32CubeIDE\plugins\com.st.stm32cube.common.mx_6.6.1.202207061420\\db\/plugins/boardmanager/
2024-10-05 10:21:30,013 [INFO] ApiDb:256 - Set plugin images path to: D:\BKRA\KEIL C test\STM32CubeIDE_1.10.1\STM32CubeIDE\plugins\com.st.stm32cube.common.mx_6.6.1.202207061420\\db\/plugins/mcufinder/images/
2024-10-05 10:21:30,013 [WARN] DbFile:40 - Overriding database path with different value: C:\Users\User\.stmcufinder\plugins\mcufinder/ => C:\Users\User\.stmcufinder\plugins\mcufinder
2024-10-05 10:21:30,013 [INFO] ApiDb:249 - Set database path to: C:\Users\User\.stmcufinder\plugins\mcufinder//mcu/
2024-10-05 10:21:30,014 [WARN] DbFile:40 - Overriding database path with different value: C:\Users\User\.stmcufinder\plugins\mcufinder/ => C:\Users\User\.stmcufinder\plugins\mcufinder
2024-10-05 10:21:30,014 [INFO] DbMcusAds:124 - Set database path to: C:\Users\User\.stmcufinder\plugins\mcufinder//mcu/
2024-10-05 10:21:30,015 [WARN] DbFile:40 - Overriding database path with different value: C:\Users\User\.stmcufinder\plugins\mcufinder/ => C:\Users\User\.stmcufinder\plugins\mcufinder
2024-10-05 10:21:30,016 [WARN] DbFile:40 - Overriding database path with different value: C:\Users\User\.stmcufinder\plugins\mcufinder/ => C:\Users\User\.stmcufinder\plugins\mcufinder
2024-10-05 10:21:30,016 [INFO] CrossReferenceDbSqlite:201 - Set database path to: C:\Users\User\.stmcufinder\plugins\mcufinder//mcu/cs/
2024-10-05 10:21:30,238 [INFO] MainPanel:242 - HeapMemory: 466616320
2024-10-05 10:21:30,590 [INFO] DbMcusXml:77 - Set database path to: D:\BKRA\KEIL C test\STM32CubeIDE_1.10.1\STM32CubeIDE\plugins\com.st.stm32cube.common.mx_6.6.1.202207061420\\db\/mcu/
2024-10-05 10:21:30,591 [INFO] ApiDb:269 - Set plugin database path to: D:\BKRA\KEIL C test\STM32CubeIDE_1.10.1\STM32CubeIDE\plugins\com.st.stm32cube.common.mx_6.6.1.202207061420\\db\/plugins/boardmanager/
2024-10-05 10:21:30,592 [INFO] ApiDb:256 - Set plugin images path to: D:\BKRA\KEIL C test\STM32CubeIDE_1.10.1\STM32CubeIDE\plugins\com.st.stm32cube.common.mx_6.6.1.202207061420\\db\/plugins/mcufinder/images/
2024-10-05 10:21:30,593 [WARN] DbFile:40 - Overriding database path with different value: C:\Users\User\.stmcufinder\plugins\mcufinder/ => C:\Users\User\.stmcufinder\plugins\mcufinder
2024-10-05 10:21:30,594 [INFO] ApiDb:249 - Set database path to: C:\Users\User\.stmcufinder\plugins\mcufinder//mcu/
2024-10-05 10:21:30,595 [WARN] DbFile:40 - Overriding database path with different value: C:\Users\User\.stmcufinder\plugins\mcufinder/ => C:\Users\User\.stmcufinder\plugins\mcufinder
2024-10-05 10:21:30,595 [INFO] DbMcusAds:124 - Set database path to: C:\Users\User\.stmcufinder\plugins\mcufinder//mcu/
2024-10-05 10:21:30,596 [WARN] DbFile:40 - Overriding database path with different value: C:\Users\User\.stmcufinder\plugins\mcufinder/ => C:\Users\User\.stmcufinder\plugins\mcufinder
2024-10-05 10:21:30,596 [WARN] DbFile:40 - Overriding database path with different value: C:\Users\User\.stmcufinder\plugins\mcufinder/ => C:\Users\User\.stmcufinder\plugins\mcufinder
2024-10-05 10:21:30,597 [INFO] CrossReferenceDbSqlite:201 - Set database path to: C:\Users\User\.stmcufinder\plugins\mcufinder//mcu/cs/
2024-10-05 10:21:30,644 [INFO] ApplicationProperties:181 - Using Application install path: D:\BKRA\KEIL C test\STM32CubeIDE_1.10.1\STM32CubeIDE\plugins\com.st.stm32cube.common.mx_6.6.1.202207061420
2024-10-05 10:21:30,649 [INFO] PluginManage:193 - Search for loadable plugins [exclusion list=, ]
2024-10-05 10:21:30,655 [INFO] PluginManage:307 - Check plugin analytics
2024-10-05 10:21:31,081 [INFO] AnalyticsPlugin:262 - Accepted Software Licenses: STM32CubeMX.6.12.0
2024-10-05 10:21:31,083 [INFO] AnalyticsPlugin:264 - Accepted CMSIS Pack Licenses: 
2024-10-05 10:21:31,085 [INFO] AnalyticsPlugin:266 - Accepted Firmware Licenses: FW.F4.1.28.0
2024-10-05 10:21:31,125 [INFO] PluginManage:356 - Loaded plugin analytics (category:tool,tabindex:-1)
2024-10-05 10:21:31,126 [INFO] PluginManage:307 - Check plugin cadmodel
2024-10-05 10:21:31,135 [INFO] CADModel:65 - Init CAD model plugin
2024-10-05 10:21:31,136 [INFO] PluginManage:356 - Loaded plugin cadmodel (category:power,tabindex:5)
2024-10-05 10:21:31,137 [INFO] PluginManage:307 - Check plugin clock
2024-10-05 10:21:31,162 [INFO] PluginManage:356 - Loaded plugin clock (category:base,tabindex:2)
2024-10-05 10:21:31,162 [INFO] PluginManage:307 - Check plugin ddr
2024-10-05 10:21:31,169 [INFO] PluginManage:356 - Loaded plugin ddr (category:tool,tabindex:6)
2024-10-05 10:21:31,170 [INFO] PluginManage:307 - Check plugin filemanager
2024-10-05 10:21:31,570 [INFO] PluginManage:356 - Loaded plugin filemanager (category:base,tabindex:10)
2024-10-05 10:21:31,571 [INFO] PluginManage:307 - Check plugin ipmanager
2024-10-05 10:21:31,589 [INFO] PluginManage:356 - Loaded plugin ipmanager (category:base,tabindex:5)
2024-10-05 10:21:31,589 [INFO] PluginManage:307 - Check plugin lpbam
2024-10-05 10:21:31,609 [INFO] PluginManage:356 - Loaded plugin lpbam (category:base,tabindex:0)
2024-10-05 10:21:31,610 [INFO] PluginManage:307 - Check plugin pinoutandconfiguration
2024-10-05 10:21:31,631 [INFO] PluginManage:356 - Loaded plugin pinoutandconfiguration (category:base,tabindex:1)
2024-10-05 10:21:31,632 [INFO] PluginManage:307 - Check plugin pinoutconfig
2024-10-05 10:21:31,707 [INFO] PluginManage:356 - Loaded plugin pinoutconfig (category:base,tabindex:0)
2024-10-05 10:21:31,708 [INFO] PluginManage:307 - Check plugin power
2024-10-05 10:21:31,737 [INFO] PluginManage:356 - Loaded plugin power (category:power,tabindex:4)
2024-10-05 10:21:31,737 [INFO] PluginManage:307 - Check plugin projectmanager
2024-10-05 10:21:31,771 [INFO] PluginManage:356 - Loaded plugin projectmanager (category:projectmanager,tabindex:3)
2024-10-05 10:21:31,772 [INFO] PluginManage:307 - Check plugin thirdparty
2024-10-05 10:21:32,138 [INFO] PluginManage:356 - Loaded plugin thirdparty (category:base,tabindex:-1)
2024-10-05 10:21:32,139 [INFO] PluginManage:307 - Check plugin tools
2024-10-05 10:21:32,144 [WARN] IntegrityCheckThread:82 - waiting for thirdparty lock release [integrity check]
2024-10-05 10:21:32,147 [INFO] IntegrityCheckThread:84 - entering critical section [integrity check]
2024-10-05 10:21:32,148 [INFO] PluginManage:356 - Loaded plugin tools (category:base,tabindex:7)
2024-10-05 10:21:32,148 [INFO] PluginManage:307 - Check plugin tutovideos
2024-10-05 10:21:32,154 [INFO] ThirdPartyUpdaterWithRetryManager:70 - Updater plugin not ready yet. [1/15]
2024-10-05 10:21:32,812 [INFO] PluginManage:356 - Loaded plugin tutovideos (category:base,tabindex:-1)
2024-10-05 10:21:32,813 [INFO] PluginManage:307 - Check plugin updater
2024-10-05 10:21:32,944 [INFO] PluginManage:356 - Loaded plugin updater (category:base,tabindex:12)
2024-10-05 10:21:32,946 [INFO] PluginManage:280 - PluginManage : Loaded plugins [15]
2024-10-05 10:21:34,013 [INFO] PinOutPanel:1468 - setPackage(No Configuration,No Configuration)
2024-10-05 10:21:34,195 [INFO] CADModel:98 - CPN selected for project level
2024-10-05 10:21:34,309 [INFO] IPUIPlugin:79 - create IPUIPlugin
2024-10-05 10:21:34,310 [INFO] PluginManager:217 - loadIPPluginJar : add adc
2024-10-05 10:21:34,320 [INFO] IPUIPlugin:79 - create IPUIPlugin
2024-10-05 10:21:34,321 [INFO] PluginManager:217 - loadIPPluginJar : add aes
2024-10-05 10:21:34,327 [INFO] IPUIPlugin:79 - create IPUIPlugin
2024-10-05 10:21:34,328 [INFO] PluginManager:217 - loadIPPluginJar : add can
2024-10-05 10:21:34,332 [INFO] IPUIPlugin:79 - create IPUIPlugin
2024-10-05 10:21:34,334 [INFO] PluginManager:217 - loadIPPluginJar : add comp
2024-10-05 10:21:34,340 [INFO] IPUIPlugin:79 - create IPUIPlugin
2024-10-05 10:21:34,341 [INFO] PluginManager:217 - loadIPPluginJar : add cryp
2024-10-05 10:21:34,347 [INFO] IPUIPlugin:79 - create IPUIPlugin
2024-10-05 10:21:34,348 [INFO] PluginManager:217 - loadIPPluginJar : add dfsdm
2024-10-05 10:21:34,361 [INFO] IPUIPlugin:79 - create IPUIPlugin
2024-10-05 10:21:34,363 [INFO] PluginManager:217 - loadIPPluginJar : add dma
2024-10-05 10:21:34,369 [INFO] IPUIPlugin:79 - create IPUIPlugin
2024-10-05 10:21:34,369 [INFO] PluginManager:217 - loadIPPluginJar : add dma3
2024-10-05 10:21:34,374 [INFO] IPUIPlugin:79 - create IPUIPlugin
2024-10-05 10:21:34,374 [INFO] PluginManager:217 - loadIPPluginJar : add fatfs
2024-10-05 10:21:34,384 [INFO] IPUIPlugin:79 - create IPUIPlugin
2024-10-05 10:21:34,385 [INFO] PluginManager:217 - loadIPPluginJar : add fmc
2024-10-05 10:21:34,400 [INFO] IPUIPlugin:79 - create IPUIPlugin
2024-10-05 10:21:34,401 [INFO] PluginManager:217 - loadIPPluginJar : add freertos
2024-10-05 10:21:34,406 [INFO] IPUIPlugin:79 - create IPUIPlugin
2024-10-05 10:21:34,407 [INFO] PluginManager:217 - loadIPPluginJar : add genericplugin
2024-10-05 10:21:34,412 [INFO] IPUIPlugin:79 - create IPUIPlugin
2024-10-05 10:21:34,414 [INFO] PluginManager:217 - loadIPPluginJar : add gfxmmu
2024-10-05 10:21:34,425 [INFO] IPUIPlugin:79 - create IPUIPlugin
2024-10-05 10:21:34,426 [INFO] PluginManager:217 - loadIPPluginJar : add gic
2024-10-05 10:21:34,435 [INFO] IPUIPlugin:79 - create IPUIPlugin
2024-10-05 10:21:34,436 [INFO] PluginManager:217 - loadIPPluginJar : add gpio
2024-10-05 10:21:34,442 [INFO] IPUIPlugin:79 - create IPUIPlugin
2024-10-05 10:21:34,444 [INFO] PluginManager:217 - loadIPPluginJar : add gtzc
2024-10-05 10:21:34,448 [INFO] IPUIPlugin:79 - create IPUIPlugin
2024-10-05 10:21:34,449 [INFO] PluginManager:217 - loadIPPluginJar : add hash
2024-10-05 10:21:34,456 [INFO] IPUIPlugin:79 - create IPUIPlugin
2024-10-05 10:21:34,456 [INFO] PluginManager:217 - loadIPPluginJar : add i2c
2024-10-05 10:21:34,462 [INFO] IPUIPlugin:79 - create IPUIPlugin
2024-10-05 10:21:34,463 [INFO] PluginManager:217 - loadIPPluginJar : add i2s
2024-10-05 10:21:34,470 [INFO] IPUIPlugin:79 - create IPUIPlugin
2024-10-05 10:21:34,471 [INFO] PluginManager:217 - loadIPPluginJar : add ipddr
2024-10-05 10:21:34,504 [INFO] IPUIPlugin:79 - create IPUIPlugin
2024-10-05 10:21:34,504 [INFO] PluginManager:217 - loadIPPluginJar : add linkedlist
2024-10-05 10:21:34,510 [INFO] IPUIPlugin:79 - create IPUIPlugin
2024-10-05 10:21:34,511 [INFO] PluginManager:217 - loadIPPluginJar : add lorawan
2024-10-05 10:21:34,514 [INFO] IPUIPlugin:79 - create IPUIPlugin
2024-10-05 10:21:34,515 [INFO] PluginManager:217 - loadIPPluginJar : add ltdc
2024-10-05 10:21:34,530 [INFO] IPUIPlugin:79 - create IPUIPlugin
2024-10-05 10:21:34,531 [INFO] PluginManager:217 - loadIPPluginJar : add mdma
2024-10-05 10:21:34,540 [INFO] IPUIPlugin:79 - create IPUIPlugin
2024-10-05 10:21:34,540 [INFO] PluginManager:217 - loadIPPluginJar : add nvic
2024-10-05 10:21:34,547 [INFO] IPUIPlugin:79 - create IPUIPlugin
2024-10-05 10:21:34,548 [INFO] PluginManager:217 - loadIPPluginJar : add opamp
2024-10-05 10:21:34,556 [INFO] IPUIPlugin:79 - create IPUIPlugin
2024-10-05 10:21:34,557 [INFO] PluginManager:217 - loadIPPluginJar : add openamp
2024-10-05 10:21:34,566 [INFO] IPUIPlugin:79 - create IPUIPlugin
2024-10-05 10:21:34,567 [INFO] PluginManager:217 - loadIPPluginJar : add pdm2pcm
2024-10-05 10:21:34,582 [INFO] IPUIPlugin:79 - create IPUIPlugin
2024-10-05 10:21:34,591 [INFO] PluginManager:217 - loadIPPluginJar : add plateformsettings
2024-10-05 10:21:34,638 [INFO] IPUIPlugin:79 - create IPUIPlugin
2024-10-05 10:21:34,639 [INFO] PluginManager:217 - loadIPPluginJar : add quadspi
2024-10-05 10:21:34,648 [INFO] IPUIPlugin:79 - create IPUIPlugin
2024-10-05 10:21:34,649 [INFO] PluginManager:217 - loadIPPluginJar : add resmgrutility
2024-10-05 10:21:34,676 [INFO] IPUIPlugin:79 - create IPUIPlugin
2024-10-05 10:21:34,677 [INFO] PluginManager:217 - loadIPPluginJar : add sai
2024-10-05 10:21:34,684 [INFO] IPUIPlugin:79 - create IPUIPlugin
2024-10-05 10:21:34,684 [INFO] PluginManager:217 - loadIPPluginJar : add spi
2024-10-05 10:21:34,696 [INFO] IPUIPlugin:79 - create IPUIPlugin
2024-10-05 10:21:34,696 [INFO] PluginManager:217 - loadIPPluginJar : add stm32_wpan
2024-10-05 10:21:34,701 [INFO] IPUIPlugin:79 - create IPUIPlugin
2024-10-05 10:21:34,701 [INFO] PluginManager:217 - loadIPPluginJar : add tim
2024-10-05 10:21:34,725 [INFO] IPUIPlugin:79 - create IPUIPlugin
2024-10-05 10:21:34,726 [INFO] PluginManager:217 - loadIPPluginJar : add touchsensing
2024-10-05 10:21:34,734 [INFO] IPUIPlugin:79 - create IPUIPlugin
2024-10-05 10:21:34,734 [INFO] PluginManager:217 - loadIPPluginJar : add tracer_emb
2024-10-05 10:21:34,739 [INFO] IPUIPlugin:79 - create IPUIPlugin
2024-10-05 10:21:34,740 [INFO] PluginManager:217 - loadIPPluginJar : add ts
2024-10-05 10:21:34,746 [INFO] IPUIPlugin:79 - create IPUIPlugin
2024-10-05 10:21:34,774 [INFO] PluginManager:217 - loadIPPluginJar : add tsc
2024-10-05 10:21:34,790 [INFO] IPUIPlugin:79 - create IPUIPlugin
2024-10-05 10:21:34,791 [INFO] PluginManager:217 - loadIPPluginJar : add ucpd
2024-10-05 10:21:34,797 [INFO] IPUIPlugin:79 - create IPUIPlugin
2024-10-05 10:21:34,798 [INFO] PluginManager:217 - loadIPPluginJar : add usart
2024-10-05 10:21:34,806 [INFO] IPUIPlugin:79 - create IPUIPlugin
2024-10-05 10:21:34,806 [INFO] PluginManager:217 - loadIPPluginJar : add usbx
2024-10-05 10:21:35,176 [INFO] ThirdPartyUpdaterWithRetryManager:70 - Updater plugin not ready yet. [2/15]
2024-10-05 10:21:35,680 [FATAL] Updater:301 - Updater called before beeing initialized
2024-10-05 10:21:36,208 [FATAL] Updater:301 - Updater called before beeing initialized
2024-10-05 10:21:36,229 [INFO] DbMcusAds:52 - JSON generation date=Fri Sep 20 20:04:23 ICT 2024 (1726837463113)
2024-10-05 10:21:36,230 [FATAL] Updater:301 - Updater called before beeing initialized
2024-10-05 10:21:36,456 [WARN] DetailPanel:344 - Failed to get advertising image, set to default
2024-10-05 10:21:36,895 [FATAL] Updater:301 - Updater called before beeing initialized
2024-10-05 10:21:36,901 [FATAL] Updater:301 - Updater called before beeing initialized
2024-10-05 10:21:36,901 [FATAL] Updater:301 - Updater called before beeing initialized
2024-10-05 10:21:36,902 [WARN] DetailPanel:344 - Failed to get advertising image, set to default
2024-10-05 10:21:36,905 [FATAL] Updater:301 - Updater called before beeing initialized
2024-10-05 10:21:37,095 [ERROR] Updater:1105 - MainUpdater not yet initialized. External WinMGr cannot be set.
2024-10-05 10:21:37,099 [INFO] Updater:1041 - Updater Version found : 6.6.1
2024-10-05 10:21:37,144 [INFO] ApplicationProperties:181 - Using Application install path: D:\BKRA\KEIL C test\STM32CubeIDE_1.10.1\STM32CubeIDE\plugins\com.st.stm32cube.common.mx_6.6.1.202207061420
2024-10-05 10:21:38,200 [FATAL] Updater:301 - Updater called before beeing initialized
2024-10-05 10:21:38,200 [ERROR] IntegrityCheckThread:128 - Cannot retrieve database content from updater: error 21
2024-10-05 10:21:38,201 [INFO] ThirdParty:929 - Integrity check success = false
2024-10-05 10:21:38,201 [INFO] IntegrityCheckThread:98 - exiting critical section [integrity check]
2024-10-05 10:21:38,201 [INFO] IntegrityCheckThread:101 - End integrity checks thread
2024-10-05 10:21:38,539 [INFO] MainUpdater:2768 - connection check result : 10
2024-10-05 10:21:38,540 [INFO] MainUpdater:280 - Updater Check For Update Now.
2024-10-05 10:21:38,541 [INFO] MicroXplorer:481 - Change Database Version : DB.6.0.60
2024-10-05 10:21:39,062 [INFO] CheckServerUpdateThread:119 - End of CheckServer Thread
2024-10-05 10:21:39,204 [INFO] MainUpdater:2768 - connection check result : 10
2024-10-05 10:21:39,207 [INFO] MainUpdater:2768 - connection check result : 10
2024-10-05 10:21:39,360 [INFO] MicroXplorer:451 - Change Database Path : 
2024-10-05 10:21:39,362 [INFO] MicroXplorer:481 - Change Database Version : DB.6.0.60
2024-10-05 10:21:39,365 [WARN] ThirdParty:827 - waiting for thirdparty lock release [close project]
2024-10-05 10:21:39,365 [INFO] ThirdParty:829 - entering critical section [close project]
2024-10-05 10:21:39,375 [INFO] ThirdParty:839 - exiting critical section [close project]
2024-10-05 10:21:39,392 [INFO] PinOutPanel:1468 - setPackage(No Configuration,No Configuration)
2024-10-05 10:21:39,419 [INFO] UtilMem:74 - Begin LoadConfig() Used Memory: 494584528 Bytes (506462208)
2024-10-05 10:21:39,423 [INFO] MicroXplorer:451 - Change Database Path : 
2024-10-05 10:21:39,423 [INFO] MicroXplorer:481 - Change Database Version : DB.6.0.60
2024-10-05 10:21:39,423 [INFO] OpenFileManager:307 - Change cursor
2024-10-05 10:21:39,694 [WARN] IntegrityCheckThread:82 - waiting for thirdparty lock release [integrity check]
2024-10-05 10:21:39,695 [INFO] IntegrityCheckThread:84 - entering critical section [integrity check]
2024-10-05 10:21:40,905 [WARN] PackLoader:242 - Cannot read IP mode file for STMicroelectronics.FP-SNS-MOTENVWB1.1.4.0
2024-10-05 10:21:40,984 [WARN] PackLoader:242 - Cannot read IP mode file for STMicroelectronics.X-CUBE-SMBUS.2.1.0
2024-10-05 10:21:41,002 [WARN] PackLoader:242 - Cannot read IP mode file for STMicroelectronics.X-CUBE-TOUCHGFX.4.23.2
2024-10-05 10:21:41,159 [WARN] PackLoader:242 - Cannot read IP mode file for STMicroelectronics.X-CUBE-AZRTOS-F7.1.1.0
2024-10-05 10:21:41,493 [WARN] PackLoader:242 - Cannot read IP mode file for STMicroelectronics.X-CUBE-MEMS1.11.0.0
2024-10-05 10:21:42,444 [WARN] PackLoader:242 - Cannot read IP mode file for STMicroelectronics.FP-SNS-FLIGHT1.5.0.2
2024-10-05 10:21:42,478 [WARN] PackLoader:242 - Cannot read IP mode file for STMicroelectronics.X-CUBE-DISPLAY.3.0.0
2024-10-05 10:21:42,522 [WARN] PackLoader:242 - Cannot read IP mode file for STMicroelectronics.X-CUBE-BLE1.7.0.0
2024-10-05 10:21:42,541 [WARN] PackLoader:242 - Cannot read IP mode file for STMicroelectronics.X-CUBE-NFC10.1.0.0
2024-10-05 10:21:42,560 [WARN] PackLoader:242 - Cannot read IP mode file for emotas.I-CUBE-CANOPEN.1.3.0
2024-10-05 10:21:42,697 [WARN] PackLoader:242 - Cannot read IP mode file for STMicroelectronics.X-CUBE-BLEMGR.3.1.0
2024-10-05 10:21:42,714 [WARN] PackLoader:242 - Cannot read IP mode file for STMicroelectronics.FP-SNS-SMARTAG2.1.2.0
2024-10-05 10:21:42,774 [INFO] LogOutputStream:76 - [STDOUT_REDIRECT] 1 : Invalid condition id : UX_CORESTACK_Condition cause : null
2024-10-05 10:21:42,780 [INFO] LogOutputStream:76 - [STDOUT_REDIRECT] 1 : Invalid condition id : UX_CORESTACK_Condition cause : null
2024-10-05 10:21:42,785 [INFO] LogOutputStream:76 - [STDOUT_REDIRECT] 1 : Invalid condition id : UX_CORESTACK_Condition cause : null
2024-10-05 10:21:42,791 [INFO] LogOutputStream:76 - [STDOUT_REDIRECT] 1 : Invalid condition id : UX_CORESTACK_Condition cause : null
2024-10-05 10:21:42,795 [INFO] LogOutputStream:76 - [STDOUT_REDIRECT] 1 : Invalid condition id : UX_CORESTACK_Condition cause : null
2024-10-05 10:21:42,805 [WARN] PackLoader:242 - Cannot read IP mode file for STMicroelectronics.X-CUBE-AZRTOS-WL.2.0.0
2024-10-05 10:21:42,816 [WARN] PackLoader:242 - Cannot read IP mode file for STMicroelectronics.FP-SNS-MOTENV1.5.0.0
2024-10-05 10:21:42,845 [WARN] PackLoader:242 - Cannot read IP mode file for wolfSSL.I-CUBE-wolfMQTT.1.19.0
2024-10-05 10:21:42,923 [WARN] PackLoader:242 - Cannot read IP mode file for WES.I-CUBE-Cesium.1.3.0
2024-10-05 10:21:42,937 [WARN] PackLoader:242 - Cannot read IP mode file for STMicroelectronics.X-CUBE-BLE2.3.3.0
2024-10-05 10:21:43,007 [WARN] PackLoader:242 - Cannot read IP mode file for STMicroelectronics.X-CUBE-NFC9.1.0.0
2024-10-05 10:21:43,034 [WARN] PackLoader:242 - Cannot read IP mode file for STMicroelectronics.X-CUBE-TCPP.4.1.0
2024-10-05 10:21:43,057 [WARN] PackLoader:242 - Cannot read IP mode file for STMicroelectronics.X-CUBE-ALGOBUILD.1.3.0
2024-10-05 10:21:43,138 [WARN] PackLoader:242 - Cannot read IP mode file for STMicroelectronics.X-CUBE-AZRTOS-G0.1.1.0
2024-10-05 10:21:43,160 [WARN] PackLoader:242 - Cannot read IP mode file for STMicroelectronics.X-CUBE-SAFEA1.1.2.2
2024-10-05 10:21:43,224 [WARN] PackLoader:242 - Cannot read IP mode file for STMicroelectronics.X-CUBE-NFC4.3.0.0
2024-10-05 10:21:43,243 [WARN] PackLoader:242 - Cannot read IP mode file for wolfSSL.I-CUBE-wolfMQTT.1.18.0
2024-10-05 10:21:43,260 [ERROR] Engine:467 - C:\Users\User\.stm32cubemx\thirdparties\pdsc\EmbeddedOffice.I-CUBE-FS-RTOS.1.0.1.pdsc: PDSC version is not supported
2024-10-05 10:21:43,265 [ERROR] Engine:467 - C:\Users\User\.stm32cubemx\thirdparties\pdsc\RealThread.X-CUBE-RT-Thread_Nano.4.1.1.pdsc: PDSC version is not supported
2024-10-05 10:21:43,272 [WARN] PackLoader:242 - Cannot read IP mode file for wolfSSL.I-CUBE-wolfSSL.5.7.0
2024-10-05 10:21:43,282 [WARN] PackLoader:242 - Cannot read IP mode file for STMicroelectronics.FP-ATR-SIGFOX1.3.2.0
2024-10-05 10:21:43,298 [WARN] PackLoader:242 - Cannot read IP mode file for STMicroelectronics.X-CUBE-EEPRMA1.5.1.0
2024-10-05 10:21:45,094 [WARN] PackLoader:242 - Cannot read IP mode file for ITTIA_DB.I-CUBE-ITTIADB.8.9.0
2024-10-05 10:21:46,256 [WARN] PackLoader:242 - Cannot read IP mode file for SEGGER.I-CUBE-embOS.1.3.1
2024-10-05 10:21:47,164 [WARN] PackLoader:242 - Cannot read IP mode file for STMicroelectronics.X-CUBE-ALGOBUILD.1.4.0
2024-10-05 10:21:47,210 [WARN] PackLoader:242 - Cannot read IP mode file for STMicroelectronics.X-CUBE-GNSS1.6.0.0
2024-10-05 10:21:47,574 [WARN] PackLoader:242 - Cannot read IP mode file for STMicroelectronics.X-CUBE-AZRTOS-F4.1.1.0
2024-10-05 10:21:47,722 [WARN] PackLoader:242 - Cannot read IP mode file for STMicroelectronics.X-CUBE-ISPU.2.1.0
2024-10-05 10:21:47,739 [WARN] PackLoader:242 - Cannot read IP mode file for STMicroelectronics.X-CUBE-FREERTOS.1.2.0
2024-10-05 10:21:47,842 [WARN] PackLoader:242 - Cannot read IP mode file for STMicroelectronics.X-CUBE-AZRTOS-L5.2.0.0
2024-10-05 10:21:47,971 [WARN] PackLoader:242 - Cannot read IP mode file for STMicroelectronics.X-CUBE-NFC6.3.1.0
2024-10-05 10:21:47,982 [ERROR] Engine:467 - C:\Users\User\.stm32cubemx\thirdparties\pdsc\STMicroelectronics.X-CUBE-DPower.1.2.0.pdsc: PDSC version is not supported
2024-10-05 10:21:48,094 [WARN] PackLoader:242 - Cannot read IP mode file for STMicroelectronics.X-CUBE-AI.9.0.0
2024-10-05 10:21:48,131 [WARN] PackLoader:242 - Cannot read IP mode file for STMicroelectronics.X-CUBE-NFC7.1.0.1
2024-10-05 10:21:48,147 [WARN] PackLoader:242 - Cannot read IP mode file for wolfSSL.I-CUBE-wolfTPM.3.2.0
2024-10-05 10:21:48,730 [WARN] ConditionMgr:437 - getConditionDescription Invalid condition id : LAN8742 Phy interface Condition cause : null
2024-10-05 10:21:48,732 [WARN] PackLoader:242 - Cannot read IP mode file for STMicroelectronics.X-CUBE-AZRTOS-L4.2.0.0
2024-10-05 10:21:48,746 [WARN] ConditionMgr:1038 - genDependencies : Invalid condition id : LAN8742 Phy interface Condition cause : null
2024-10-05 10:21:48,747 [WARN] ConditionMgr:1038 - genDependencies : Invalid condition id : LAN8742 Phy interface Condition cause : null
2024-10-05 10:21:48,748 [WARN] ConditionMgr:1038 - genDependencies : Invalid condition id : LAN8742 Phy interface Condition cause : null
2024-10-05 10:21:48,777 [WARN] PackLoader:242 - Cannot read IP mode file for STMicroelectronics.X-CUBE-SFXS2LP1.4.0.0
2024-10-05 10:21:49,395 [WARN] PackLoader:242 - Cannot read IP mode file for STMicroelectronics.X-CUBE-AZRTOS-H7.3.3.0
2024-10-05 10:21:49,508 [WARN] ConditionMgr:437 - getConditionDescription Invalid condition id : UX DEVICE CLASS RTOS Condition cause : null
2024-10-05 10:21:49,508 [WARN] ConditionMgr:437 - getConditionDescription Invalid condition id : UX DEVICE CLASS RTOS Condition cause : null
2024-10-05 10:21:49,513 [WARN] PackLoader:242 - Cannot read IP mode file for STMicroelectronics.X-CUBE-AZRTOS-WB.2.0.0
2024-10-05 10:21:49,515 [WARN] ConditionMgr:1038 - genDependencies : Invalid condition id : UX DEVICE CLASS RTOS Condition cause : null
2024-10-05 10:21:49,515 [WARN] ConditionMgr:1038 - genDependencies : Invalid condition id : UX DEVICE CLASS RTOS Condition cause : null
2024-10-05 10:21:49,516 [WARN] ConditionMgr:1038 - genDependencies : Invalid condition id : UX DEVICE CLASS RTOS Condition cause : null
2024-10-05 10:21:49,517 [WARN] ConditionMgr:1038 - genDependencies : Invalid condition id : UX DEVICE CLASS RTOS Condition cause : null
2024-10-05 10:21:49,517 [WARN] ConditionMgr:1038 - genDependencies : Invalid condition id : UX DEVICE CLASS RTOS Condition cause : null
2024-10-05 10:21:49,532 [WARN] PackLoader:242 - Cannot read IP mode file for STMicroelectronics.X-CUBE-GNSS1.7.0.0
2024-10-05 10:21:49,545 [ERROR] Engine:467 - C:\Users\User\.stm32cubemx\thirdparties\pdsc\STMicroelectronics.FP-SNS-STBOX1.2.0.0.pdsc: PDSC version is not supported
2024-10-05 10:21:49,662 [WARN] PackLoader:242 - Cannot read IP mode file for STMicroelectronics.X-CUBE-SUBG2.5.0.0
2024-10-05 10:21:49,716 [WARN] PackLoader:242 - Cannot read IP mode file for STMicroelectronics.X-CUBE-AZRTOS-G4.2.0.0
2024-10-05 10:21:49,731 [WARN] PackLoader:242 - Cannot read IP mode file for STMicroelectronics.X-CUBE-ISPU.2.0.0
2024-10-05 10:21:49,768 [WARN] PackLoader:242 - Cannot read IP mode file for STMicroelectronics.X-CUBE-ALS.1.0.2
2024-10-05 10:21:49,926 [WARN] PackLoader:242 - Cannot read IP mode file for STMicroelectronics.X-CUBE-MEMS1.10.0.0
2024-10-05 10:21:50,384 [WARN] PackLoader:242 - Cannot read IP mode file for STMicroelectronics.X-CUBE-TOUCHGFX.4.24.0
2024-10-05 10:21:50,389 [WARN] PackLoader:242 - Cannot read IP mode file for STMicroelectronics.X-CUBE-TOUCHGFX.4.24.1
2024-10-05 10:21:50,399 [WARN] PackLoader:242 - Cannot read IP mode file for portGmbH.I-Cube-SoM-uGOAL.1.1.0
2024-10-05 10:21:50,405 [WARN] PackLoader:242 - Cannot read IP mode file for STMicroelectronics.X-CUBE-ALS.1.0.1
2024-10-05 10:21:50,503 [WARN] PackLoader:242 - Cannot read IP mode file for STMicroelectronics.X-CUBE-AZRTOS-H7RS.1.0.0
2024-10-05 10:21:50,517 [WARN] PackLoader:242 - Cannot read IP mode file for STMicroelectronics.FP-ATR-ASTRA1.2.0.0
2024-10-05 10:21:50,541 [ERROR] Engine:467 - C:\Users\User\.stm32cubemx\thirdparties\pdsc\STMicroelectronics.X-CUBE-TOF1.3.4.2.pdsc: PDSC version is not supported
2024-10-05 10:21:50,562 [WARN] PackLoader:242 - Cannot read IP mode file for STMicroelectronics.X-CUBE-TOF1.3.4.1
2024-10-05 10:21:50,645 [WARN] PackLoader:242 - Cannot read IP mode file for STMicroelectronics.X-CUBE-AZRTOS-H7.3.2.0
2024-10-05 10:21:50,726 [WARN] PackLoader:242 - Cannot read IP mode file for Infineon.AIROC-Wi-Fi-Bluetooth-STM32.1.6.0
2024-10-05 10:21:50,794 [WARN] PackLoader:242 - Cannot read IP mode file for wolfSSL.I-CUBE-wolfSSH.1.4.17
2024-10-05 10:21:50,801 [INFO] ThirdParty:929 - Integrity check success = true
2024-10-05 10:21:50,802 [INFO] IntegrityCheckThread:98 - exiting critical section [integrity check]
2024-10-05 10:21:50,809 [INFO] IntegrityCheckThread:101 - End integrity checks thread
2024-10-05 10:21:50,893 [INFO] Mcu:1922 - Initializing MCU STM32F103C(4-6)Tx STM32F103C6Tx STM32F103C6T6A
2024-10-05 10:21:59,525 [INFO] Context:654 - Trying to add GPIOservice into a context  which must be forbidden
2024-10-05 10:22:00,967 [WARN] ApiManager:308 - Cannot register API 'Board Extension:NFC09A1' from pack STMicroelectronics.X-CUBE-NFC9.1.0.0: no header file found
2024-10-05 10:22:00,978 [WARN] ApiManager:308 - Cannot register API 'Board Extension:GNSS1A1' from pack STMicroelectronics.X-CUBE-GNSS1.6.0.0: no header file found
2024-10-05 10:22:00,978 [WARN] ApiManager:308 - Cannot register API 'Board Support:Custom' from pack STMicroelectronics.X-CUBE-GNSS1.6.0.0: no header file found
2024-10-05 10:22:00,978 [WARN] ApiManager:308 - Cannot register API 'Data Exchange:lib_gnss' from pack STMicroelectronics.X-CUBE-GNSS1.6.0.0: no header file found
2024-10-05 10:22:01,021 [WARN] ApiManager:308 - Cannot register API 'Board Extension:GNSS1A1' from pack STMicroelectronics.X-CUBE-GNSS1.7.0.0: no header file found
2024-10-05 10:22:01,022 [WARN] ApiManager:308 - Cannot register API 'Board Support:Custom' from pack STMicroelectronics.X-CUBE-GNSS1.7.0.0: no header file found
2024-10-05 10:22:01,022 [WARN] ApiManager:308 - Cannot register API 'Data Exchange:lib_gnss' from pack STMicroelectronics.X-CUBE-GNSS1.7.0.0: no header file found
2024-10-05 10:22:01,106 [WARN] ApiManager:308 - Cannot register API 'Board Extension:NFC06A1' from pack STMicroelectronics.X-CUBE-NFC6.3.1.0: no header file found
2024-10-05 10:22:01,106 [WARN] ApiManager:308 - Cannot register API 'Board Extension:NFC08A1' from pack STMicroelectronics.X-CUBE-NFC6.3.1.0: no header file found
2024-10-05 10:22:01,532 [WARN] ApiManager:308 - Cannot register API 'Board Extension:IKS01A3' from pack STMicroelectronics.X-CUBE-MEMS1.11.0.0: no header file found
2024-10-05 10:22:01,533 [WARN] ApiManager:308 - Cannot register API 'Board Extension:IKS02A1' from pack STMicroelectronics.X-CUBE-MEMS1.11.0.0: no header file found
2024-10-05 10:22:01,533 [WARN] ApiManager:308 - Cannot register API 'Board Extension:IKS4A1' from pack STMicroelectronics.X-CUBE-MEMS1.11.0.0: no header file found
2024-10-05 10:22:01,558 [INFO] RtosManager:488 - Registered RTOS mode: class=CMSIS, group=RTOS, mode=CMSIS_V1, owner=FREERTOS
2024-10-05 10:22:01,559 [INFO] RtosManager:488 - Registered RTOS mode: class=CMSIS, group=RTOS2, mode=CMSIS_V2, owner=FREERTOS
2024-10-05 10:22:01,559 [INFO] RtosManager:488 - Registered RTOS mode: class=RTOS, group=Core, mode=CMSIS_V1, owner=FREERTOS
2024-10-05 10:22:01,559 [INFO] RtosManager:488 - Registered RTOS mode: class=RTOS, group=Core, mode=CMSIS_V2, owner=FREERTOS
2024-10-05 10:22:01,560 [WARN] ModelIntegratedComponent:185 - Missing modes for component STMicroelectronics:FreeRTOS:0.0.1:STMicroelectronics:RTOS:FreeRTOS:Core:::10.2.0:
2024-10-05 10:22:01,564 [WARN] ApiManager:308 - Cannot register API 'Board Extension:STSAFEA1' from pack STMicroelectronics.X-CUBE-SAFEA1.1.2.2: no header file found
2024-10-05 10:22:01,564 [WARN] ApiManager:308 - Cannot register API 'Board Part:STSAFEA110' from pack STMicroelectronics.X-CUBE-SAFEA1.1.2.2: no header file found
2024-10-05 10:22:01,564 [WARN] ApiManager:308 - Cannot register API 'Security:ST_Cryptolib' from pack STMicroelectronics.X-CUBE-SAFEA1.1.2.2: no header file found
2024-10-05 10:22:01,564 [WARN] ApiManager:308 - Cannot register API 'Security:MbedTLS' from pack STMicroelectronics.X-CUBE-SAFEA1.1.2.2: no header file found
2024-10-05 10:22:01,566 [WARN] ApiManager:308 - Cannot register API 'Board Extension:NFC04A1' from pack STMicroelectronics.X-CUBE-NFC4.3.0.0: no header file found
2024-10-05 10:22:01,574 [WARN] ApiManager:308 - Cannot register API 'Board Extension:S2868A1' from pack STMicroelectronics.X-CUBE-SUBG2.5.0.0: no header file found
2024-10-05 10:22:01,575 [WARN] ApiManager:308 - Cannot register API 'Board Extension:S2868A2' from pack STMicroelectronics.X-CUBE-SUBG2.5.0.0: no header file found
2024-10-05 10:22:01,575 [WARN] ApiManager:308 - Cannot register API 'Board Extension:S2915A1' from pack STMicroelectronics.X-CUBE-SUBG2.5.0.0: no header file found
2024-10-05 10:22:01,585 [WARN] ApiManager:308 - Cannot register API 'Wireless:BlueNRG-MS' from pack STMicroelectronics.X-CUBE-BLE1.7.0.0: no header file found
2024-10-05 10:22:01,587 [WARN] ApiManager:308 - Cannot register API 'Board Extension:NFC10A1' from pack STMicroelectronics.X-CUBE-NFC10.1.0.0: no header file found
2024-10-05 10:22:01,603 [WARN] ApiManager:308 - Cannot register API 'Board Extension:EEPRMA2' from pack STMicroelectronics.X-CUBE-EEPRMA1.5.1.0: no header file found
2024-10-05 10:22:01,604 [WARN] ApiManager:308 - Cannot register API 'Board Extension:PGEEZ1' from pack STMicroelectronics.X-CUBE-EEPRMA1.5.1.0: no header file found
2024-10-05 10:22:01,605 [WARN] ApiManager:308 - Cannot register API 'Board Extension:EEICA1' from pack STMicroelectronics.X-CUBE-EEPRMA1.5.1.0: no header file found
2024-10-05 10:22:01,605 [WARN] ApiManager:308 - Cannot register API 'Board Part:M24' from pack STMicroelectronics.X-CUBE-EEPRMA1.5.1.0: no header file found
2024-10-05 10:22:01,606 [WARN] ApiManager:308 - Cannot register API 'Board Part:M95' from pack STMicroelectronics.X-CUBE-EEPRMA1.5.1.0: no header file found
2024-10-05 10:22:01,606 [WARN] ApiManager:308 - Cannot register API 'Board Part:M95P32' from pack STMicroelectronics.X-CUBE-EEPRMA1.5.1.0: no header file found
2024-10-05 10:22:01,607 [WARN] ApiManager:308 - Cannot register API 'Board Part:M24256E-F' from pack STMicroelectronics.X-CUBE-EEPRMA1.5.1.0: no header file found
2024-10-05 10:22:01,608 [WARN] ApiManager:308 - Cannot register API 'Board Part:M24M01E-F' from pack STMicroelectronics.X-CUBE-EEPRMA1.5.1.0: no header file found
2024-10-05 10:22:01,608 [WARN] ApiManager:308 - Cannot register API 'PGEEZ1:SPI' from pack STMicroelectronics.X-CUBE-EEPRMA1.5.1.0: no header file found
2024-10-05 10:22:01,608 [WARN] ApiManager:308 - Cannot register API 'PGEEZ1:QDSPI' from pack STMicroelectronics.X-CUBE-EEPRMA1.5.1.0: no header file found
2024-10-05 10:22:01,613 [WARN] ModelIntegratedComponent:64 - No mode defined for component null
2024-10-05 10:22:01,613 [WARN] ModelIntegratedComponent:64 - No mode defined for component null
2024-10-05 10:22:01,614 [WARN] ModelIntegratedComponent:64 - No mode defined for component null
2024-10-05 10:22:01,614 [WARN] ModelIntegratedComponent:64 - No mode defined for component null
2024-10-05 10:22:01,615 [WARN] ModelIntegratedComponent:64 - No mode defined for component null
2024-10-05 10:22:01,615 [WARN] ModelIntegratedComponent:64 - No mode defined for component null
2024-10-05 10:22:01,615 [WARN] ModelIntegratedComponent:64 - No mode defined for component null
2024-10-05 10:22:01,615 [WARN] ModelIntegratedComponent:64 - No mode defined for component null
2024-10-05 10:22:01,615 [WARN] ModelIntegratedComponent:64 - No mode defined for component null
2024-10-05 10:22:01,616 [WARN] ModelIntegratedComponent:64 - No mode defined for component null
2024-10-05 10:22:01,616 [WARN] ModelIntegratedComponent:64 - No mode defined for component null
2024-10-05 10:22:01,616 [WARN] ModelIntegratedComponent:64 - No mode defined for component null
2024-10-05 10:22:01,616 [WARN] ModelIntegratedComponent:64 - No mode defined for component null
2024-10-05 10:22:01,616 [WARN] ModelIntegratedComponent:64 - No mode defined for component null
2024-10-05 10:22:01,617 [WARN] ModelIntegratedComponent:64 - No mode defined for component null
2024-10-05 10:22:01,617 [WARN] ModelIntegratedComponent:64 - No mode defined for component null
2024-10-05 10:22:01,617 [WARN] ModelIntegratedComponent:64 - No mode defined for component null
2024-10-05 10:22:01,617 [WARN] ModelIntegratedComponent:64 - No mode defined for component null
2024-10-05 10:22:01,617 [WARN] ModelIntegratedComponent:64 - No mode defined for component null
2024-10-05 10:22:01,617 [WARN] ModelIntegratedComponent:64 - No mode defined for component null
2024-10-05 10:22:01,618 [WARN] ModelIntegratedComponent:64 - No mode defined for component null
2024-10-05 10:22:01,618 [WARN] ModelIntegratedComponent:64 - No mode defined for component null
2024-10-05 10:22:01,618 [WARN] ModelIntegratedComponent:64 - No mode defined for component null
2024-10-05 10:22:01,619 [WARN] ModelIntegratedComponent:64 - No mode defined for component null
2024-10-05 10:22:01,619 [WARN] ModelIntegratedComponent:64 - No mode defined for component null
2024-10-05 10:22:01,619 [WARN] ModelIntegratedComponent:64 - No mode defined for component null
2024-10-05 10:22:01,619 [WARN] ModelIntegratedComponent:64 - No mode defined for component null
2024-10-05 10:22:01,620 [WARN] ModelIntegratedComponent:64 - No mode defined for component null
2024-10-05 10:22:01,620 [WARN] ModelIntegratedComponent:64 - No mode defined for component null
2024-10-05 10:22:01,620 [WARN] ModelIntegratedComponent:64 - No mode defined for component null
2024-10-05 10:22:01,621 [WARN] ModelIntegratedComponent:64 - No mode defined for component null
2024-10-05 10:22:01,621 [WARN] ModelIntegratedComponent:64 - No mode defined for component null
2024-10-05 10:22:01,621 [WARN] ModelIntegratedComponent:64 - No mode defined for component null
2024-10-05 10:22:01,904 [WARN] ApiManager:308 - Cannot register API 'Board Extension:IKS01A3' from pack STMicroelectronics.X-CUBE-MEMS1.10.0.0: no header file found
2024-10-05 10:22:01,905 [WARN] ApiManager:308 - Cannot register API 'Board Extension:IKS02A1' from pack STMicroelectronics.X-CUBE-MEMS1.10.0.0: no header file found
2024-10-05 10:22:01,905 [WARN] ApiManager:308 - Cannot register API 'Board Extension:IKS4A1' from pack STMicroelectronics.X-CUBE-MEMS1.10.0.0: no header file found
2024-10-05 10:22:01,917 [WARN] ApiManager:308 - Cannot register API 'Board Extension:NFC07A1' from pack STMicroelectronics.X-CUBE-NFC7.1.0.1: no header file found
2024-10-05 10:22:01,955 [WARN] ApiManager:308 - Cannot register API 'Board Extension:S2868A1' from pack STMicroelectronics.X-CUBE-SFXS2LP1.4.0.0: no header file found
2024-10-05 10:22:01,955 [WARN] ApiManager:308 - Cannot register API 'Board Extension:S2868A2' from pack STMicroelectronics.X-CUBE-SFXS2LP1.4.0.0: no header file found
2024-10-05 10:22:01,955 [WARN] ApiManager:308 - Cannot register API 'Board Extension:S2915A1' from pack STMicroelectronics.X-CUBE-SFXS2LP1.4.0.0: no header file found
2024-10-05 10:22:01,957 [WARN] ApiManager:308 - Cannot register API 'Wireless:BlueNRG-2' from pack STMicroelectronics.X-CUBE-BLE2.3.3.0: no header file found
2024-10-05 10:22:02,026 [INFO] ThirdPartyModel:289 - Start build external matchings
2024-10-05 10:22:03,989 [INFO] ThirdPartyModel:302 - End build external matchings
2024-10-05 10:22:04,467 [INFO] UtilMem:74 - End LoadConfig() Used Memory: 526988392 Bytes (629145600)
2024-10-05 10:22:04,721 [INFO] ApiDb:576 - Connected to CubeFinder SQLite database (C:\Users\User\.stmcufinder\plugins\mcufinder\mcu\cube-finder-db.db)
2024-10-05 10:22:05,012 [INFO] ApiDb:663 - CubeFinder database Data Model version=2.1
2024-10-05 10:22:05,012 [INFO] ApiDb:664 - CubeFinder database Configuration version=3.0.39
2024-10-05 10:22:05,013 [INFO] ApiDb:665 - CubeFinder database generation date=2024-09-16 (1726485674)
2024-10-05 10:22:05,013 [INFO] ApiDb:666 - CubeFinder database FW Pack versions=[FP-ATR-ASTRA1_V2.0.0, FP-SNS-FLIGHT1_V5.0.2, FP-SNS-MOTENV1_V5.0.0, FP-SNS-MOTENVWB1_V1.4.0, FP-SNS-SMARTAG2_V1.2.0, FP-SNS-STBOX1_V2.0.0, STM32Cube_FW_C0_V1.2.0, STM32Cube_FW_F4_V1.28.1, STM32Cube_FW_F7_V1.17.2, STM32Cube_FW_G0_V1.6.2, STM32Cube_FW_G4_V1.6.0, STM32Cube_FW_H5_V1.3.0, STM32Cube_FW_H7RS_V1.1.0, STM32Cube_FW_H7_V1.11.2, STM32Cube_FW_L0_V1.12.2, STM32Cube_FW_L5_V1.5.1, STM32Cube_FW_U0_V1.1.0, STM32Cube_FW_U5_V1.6.0, STM32Cube_FW_WB0_V1.0.0, STM32Cube_FW_WBA_V1.4.1, STM32Cube_FW_WB_V1.20.0, STM32Cube_FW_WL_V1.3.0, X-CUBE-ALGOBUILD_V1.4.0, X-CUBE-ALS_V1.0.2, X-CUBE-AZRTOS-F4_V1.1.0, X-CUBE-AZRTOS-F7_V1.1.0, X-CUBE-AZRTOS-G0_V1.1.0, X-CUBE-AZRTOS-G4_V2.0.0, X-CUBE-AZRTOS-H7RS_V1.0.0, X-CUBE-AZRTOS-H7_V3.2.0, X-CUBE-AZRTOS-L4_V2.0.0, X-CUBE-AZRTOS-L5_V2.0.0, X-CUBE-AZRTOS-WB_V2.0.0, X-CUBE-AZRTOS-WL_V2.0.0, X-CUBE-BLE1_V7.0.0, X-CUBE-BLE2_V3.3.0, X-CUBE-BLEMGR_V3.1.0, X-CUBE-EEPRMA1_V5.1.0, X-CUBE-FREERTOS_V1.2.0, X-CUBE-GNSS1_V6.0.0, X-CUBE-MEMS1_V11.0.0, X-CUBE-NFC4_V3.0.0, X-CUBE-NFC7_V1.0.1, X-CUBE-SFXS2LP1_V4.0.0, X-CUBE-SUBG2_V5.0.0, X-CUBE-TOF1_V3.4.2]
2024-10-05 10:22:09,990 [INFO] ApiDb:239 - Found 138 in-development CPN: [B-WB1M-WPAN1, NUCLEO-C031C6, STEVAL-STWINBX1, STM320518-EVAL, STM32C0116-DK, STM32C011D6Y3TR, STM32C011D6Y6TR, STM32C011F4P3, STM32C011F4P6, STM32C011F4U3, STM32C011F4U6TR, STM32C011F6P3, STM32C011F6P6, STM32C011F6U3, STM32C011F6U6TR, STM32C011J4M3, STM32C011J4M6, STM32C011J6M3, STM32C011J6M6, STM32C0316-DK, STM32C031C4T3, STM32C031C4T6, STM32C031C4U3, STM32C031C4U6, STM32C031C6T3, STM32C031C6T6, STM32C031C6U3, STM32C031C6U6, STM32C031F4P3, STM32C031F4P6, STM32C031F6P3, STM32C031F6P6, STM32C031G4U3, STM32C031G4U6, STM32C031G6U3, STM32C031G6U6, STM32C031K4T3, STM32C031K4T6, STM32C031K4U3, STM32C031K4U6, STM32C031K6T3, STM32C031K6T6, STM32C031K6U3, STM32C031K6U6, STM32G071K8TXN, STM32G071K8UXN, STM32G081GBU6N, STM32G081KBT6N, STM32G081KBUXN, STM32G0B1CCT6N, STM32G0B1KCT6, STM32G0B1NEY6TR, STM32G0B1RCT6N, STM32G0C1CCT6, STM32G0C1CCT6N, STM32G0C1CCU6N, STM32G0C1CET6N, STM32G0C1CEU6N, STM32G0C1KCT6, STM32G0C1NEY6TR, STM32G0C1RCI6N, STM32G0C1RCT6N, STM32G0C1REI6N, STM32G0C1RET6N, STM32G0C1VCI6, STM32G0C1VEI6, STM32G471CCT6, STM32G471CCU6, STM32G471CET3, STM32G471CET6, STM32G471CEU3, STM32G471CEU6, STM32G471MCT6, STM32G471MET3, STM32G471MET6, STM32G471MEY6TR, STM32G471QCT6, STM32G471QET3, STM32G471RCT6, STM32G471RET3, STM32G471RET6, STM32G471VCH6, STM32G471VCI6, STM32G471VCT6, STM32G471VEH3, STM32G471VEH6, STM32G471VEI3, STM32G471VEI6, STM32G471VET3, STM32G471VET6, STM32G474CCT6, STM32L476VGY6PTR, STM32L4R5QGI6STR, STM32MP131AAE3, STM32MP131AAF3, STM32MP131AAG3, STM32MP131CAE3, STM32MP131CAF3, STM32MP131CAG3, STM32MP131DAE7, STM32MP131DAF7, STM32MP131DAG7, STM32MP131FAE7, STM32MP131FAF7, STM32MP131FAG7, STM32MP133AAE3, STM32MP133AAF3, STM32MP133AAG3, STM32MP133CAE3, STM32MP133CAF3, STM32MP133CAG3, STM32MP133DAE7, STM32MP133DAF7, STM32MP133DAG7, STM32MP133FAE7, STM32MP133FAF7, STM32MP133FAG7, STM32MP135AAE3, STM32MP135AAF3, STM32MP135AAG3, STM32MP135CAE3, STM32MP135CAF3, STM32MP135CAG3, STM32MP135DAE7, STM32MP135DAF7, STM32MP135DAG7, STM32MP135F-DK, STM32MP135FAE7, STM32MP135FAF7, STM32MP135FAG7, STM32U595ZJT6Q, STM32U599BJY6QTR, STM32U599NIH6Q, STM32U599NJH6Q, STM32U5A5ZJT6Q, STM32U5A9BJY6QTR, STM32U5A9NJH6Q, STM32WB1MMCH6]
2024-10-05 10:22:09,999 [INFO] DbMcus:215 - Found 4178 MCUs, 4178 are supported
2024-10-05 10:22:10,006 [INFO] ApiDb:418 - Load user favorites file C:\Users\User/.stm32cubeide/favorites.mcus.txt: 0 item(s)
2024-10-05 10:22:10,007 [INFO] ApiDb:422 - User favorites MCUs=[]
2024-10-05 10:22:10,007 [INFO] DbMcus:221 - Set 0 / 0 favorites MCUs
2024-10-05 10:22:10,233 [WARN] ThirdParty:789 - waiting for thirdparty lock release [change project]
2024-10-05 10:22:10,233 [INFO] ThirdParty:791 - entering critical section [change project]
2024-10-05 10:22:10,233 [INFO] ThirdParty:981 - CMSIS Pack Vendor :STMicroelectronics X-CUBE-AZRTOS-H7 3.3.0
2024-10-05 10:22:10,234 [INFO] ThirdParty:981 - CMSIS Pack Vendor :STMicroelectronics X-CUBE-NFC9 1.0.0
2024-10-05 10:22:10,234 [INFO] ThirdParty:981 - CMSIS Pack Vendor :STMicroelectronics X-CUBE-GNSS1 6.0.0
2024-10-05 10:22:10,234 [INFO] ThirdParty:981 - CMSIS Pack Vendor :STMicroelectronics USB_HOST 2.0.0
2024-10-05 10:22:10,235 [INFO] ThirdParty:981 - CMSIS Pack Vendor :STMicroelectronics FP-SNS-MOTENVWB1 1.4.0
2024-10-05 10:22:10,235 [INFO] ThirdParty:981 - CMSIS Pack Vendor :STMicroelectronics X-CUBE-AZRTOS-F4 1.1.0
2024-10-05 10:22:10,235 [INFO] ThirdParty:981 - CMSIS Pack Vendor :STMicroelectronics LIBJPEG 8.0.0
2024-10-05 10:22:10,236 [INFO] ThirdParty:981 - CMSIS Pack Vendor :STMicroelectronics X-CUBE-SMBUS 2.1.0
2024-10-05 10:22:10,236 [INFO] ThirdParty:981 - CMSIS Pack Vendor :STMicroelectronics USB_DEVICE 3.0.0
2024-10-05 10:22:10,236 [INFO] ThirdParty:981 - CMSIS Pack Vendor :STMicroelectronics X-CUBE-TCPP 4.1.0
2024-10-05 10:22:10,236 [INFO] ThirdParty:981 - CMSIS Pack Vendor :STMicroelectronics X-CUBE-ISPU 2.1.0
2024-10-05 10:22:10,236 [INFO] ThirdParty:981 - CMSIS Pack Vendor :STMicroelectronics X-CUBE-FREERTOS 1.2.0
2024-10-05 10:22:10,236 [INFO] ThirdParty:981 - CMSIS Pack Vendor :STMicroelectronics X-CUBE-AZRTOS-WB 2.0.0
2024-10-05 10:22:10,236 [INFO] ThirdParty:981 - CMSIS Pack Vendor :STMicroelectronics X-CUBE-GNSS1 7.0.0
2024-10-05 10:22:10,236 [INFO] ThirdParty:981 - CMSIS Pack Vendor :STMicroelectronics X-CUBE-TOUCHGFX 4.23.2
2024-10-05 10:22:10,236 [INFO] ThirdParty:981 - CMSIS Pack Vendor :STMicroelectronics X-CUBE-AZRTOS-F7 1.1.0
2024-10-05 10:22:10,237 [INFO] ThirdParty:981 - CMSIS Pack Vendor :STMicroelectronics X-CUBE-AZRTOS-L5 2.0.0
2024-10-05 10:22:10,237 [INFO] ThirdParty:981 - CMSIS Pack Vendor :STMicroelectronics USB_DEVICE 2.0.0
2024-10-05 10:22:10,237 [INFO] ThirdParty:981 - CMSIS Pack Vendor :STMicroelectronics X-CUBE-NFC6 3.1.0
2024-10-05 10:22:10,237 [INFO] ThirdParty:981 - CMSIS Pack Vendor :STMicroelectronics X-CUBE-ALGOBUILD 1.3.0
2024-10-05 10:22:10,237 [INFO] ThirdParty:981 - CMSIS Pack Vendor :STMicroelectronics X-CUBE-MEMS1 11.0.0
2024-10-05 10:22:10,237 [INFO] ThirdParty:981 - CMSIS Pack Vendor :STMicroelectronics FreeRTOS 0.0.1
2024-10-05 10:22:10,237 [INFO] ThirdParty:981 - CMSIS Pack Vendor :STMicroelectronics X-CUBE-AZRTOS-G0 1.1.0
2024-10-05 10:22:10,238 [INFO] ThirdParty:981 - CMSIS Pack Vendor :STMicroelectronics X-CUBE-SAFEA1 1.2.2
2024-10-05 10:22:10,238 [INFO] ThirdParty:981 - CMSIS Pack Vendor :STMicroelectronics X-CUBE-NFC4 3.0.0
2024-10-05 10:22:10,238 [INFO] ThirdParty:981 - CMSIS Pack Vendor :STMicroelectronics X-CUBE-SUBG2 5.0.0
2024-10-05 10:22:10,238 [INFO] ThirdParty:981 - CMSIS Pack Vendor :STMicroelectronics STM32_WPAN 1.0.0
2024-10-05 10:22:10,238 [INFO] ThirdParty:981 - CMSIS Pack Vendor :wolfSSL I-CUBE-wolfMQTT 1.18.0
2024-10-05 10:22:10,238 [INFO] ThirdParty:981 - CMSIS Pack Vendor :STMicroelectronics lwIP 2.0.3
2024-10-05 10:22:10,238 [INFO] ThirdParty:981 - CMSIS Pack Vendor :STMicroelectronics FP-SNS-FLIGHT1 5.0.2
2024-10-05 10:22:10,240 [INFO] ThirdParty:981 - CMSIS Pack Vendor :STMicroelectronics USB_HOST 1.0.0
2024-10-05 10:22:10,240 [INFO] ThirdParty:981 - CMSIS Pack Vendor :STMicroelectronics X-CUBE-AI 9.0.0
2024-10-05 10:22:10,240 [INFO] ThirdParty:981 - CMSIS Pack Vendor :STMicroelectronics X-CUBE-AZRTOS-G4 2.0.0
2024-10-05 10:22:10,241 [INFO] ThirdParty:981 - CMSIS Pack Vendor :STMicroelectronics PDM2PCM 3.1.0
2024-10-05 10:22:10,241 [INFO] ThirdParty:981 - CMSIS Pack Vendor :STMicroelectronics PDM2PCM 3.3.0
2024-10-05 10:22:10,241 [INFO] ThirdParty:981 - CMSIS Pack Vendor :STMicroelectronics X-CUBE-DISPLAY 3.0.0
2024-10-05 10:22:10,241 [INFO] ThirdParty:981 - CMSIS Pack Vendor :wolfSSL I-CUBE-wolfSSL 5.7.0
2024-10-05 10:22:10,242 [INFO] ThirdParty:981 - CMSIS Pack Vendor :STMicroelectronics X-CUBE-BLE1 7.0.0
2024-10-05 10:22:10,242 [INFO] ThirdParty:981 - CMSIS Pack Vendor :STMicroelectronics FP-ATR-SIGFOX1 3.2.0
2024-10-05 10:22:10,242 [INFO] ThirdParty:981 - CMSIS Pack Vendor :STMicroelectronics X-CUBE-NFC10 1.0.0
2024-10-05 10:22:10,242 [INFO] ThirdParty:981 - CMSIS Pack Vendor :STMicroelectronics X-CUBE-ISPU 2.0.0
2024-10-05 10:22:10,242 [INFO] ThirdParty:981 - CMSIS Pack Vendor :STMicroelectronics X-CUBE-EEPRMA1 5.1.0
2024-10-05 10:22:10,243 [INFO] ThirdParty:981 - CMSIS Pack Vendor :STMicroelectronics HAL Drivers 0.0.0
2024-10-05 10:22:10,243 [INFO] ThirdParty:981 - CMSIS Pack Vendor :STMicroelectronics MBEDTLS 2.16.2
2024-10-05 10:22:10,243 [INFO] ThirdParty:981 - CMSIS Pack Vendor :STMicroelectronics X-CUBE-ALS 1.0.2
2024-10-05 10:22:10,243 [INFO] ThirdParty:981 - CMSIS Pack Vendor :emotas I-CUBE-CANOPEN 1.3.0
2024-10-05 10:22:10,243 [INFO] ThirdParty:981 - CMSIS Pack Vendor :STMicroelectronics X-CUBE-MEMS1 10.0.0
2024-10-05 10:22:10,243 [INFO] ThirdParty:981 - CMSIS Pack Vendor :STMicroelectronics X-CUBE-NFC7 1.0.1
2024-10-05 10:22:10,244 [INFO] ThirdParty:981 - CMSIS Pack Vendor :STMicroelectronics MBEDTLS 2.14.1
2024-10-05 10:22:10,244 [INFO] ThirdParty:981 - CMSIS Pack Vendor :STMicroelectronics X-CUBE-TOUCHGFX 4.24.0
2024-10-05 10:22:10,244 [INFO] ThirdParty:981 - CMSIS Pack Vendor :ITTIA_DB I-CUBE-ITTIADB 8.9.0
2024-10-05 10:22:10,244 [INFO] ThirdParty:981 - CMSIS Pack Vendor :wolfSSL I-CUBE-wolfTPM 3.2.0
2024-10-05 10:22:10,244 [INFO] ThirdParty:981 - CMSIS Pack Vendor :STMicroelectronics X-CUBE-TOUCHGFX 4.24.1
2024-10-05 10:22:10,245 [INFO] ThirdParty:981 - CMSIS Pack Vendor :portGmbH I-Cube-SoM-uGOAL 1.1.0
2024-10-05 10:22:10,245 [INFO] ThirdParty:981 - CMSIS Pack Vendor :STMicroelectronics X-CUBE-ALS 1.0.1
2024-10-05 10:22:10,245 [INFO] ThirdParty:981 - CMSIS Pack Vendor :STMicroelectronics X-CUBE-BLEMGR 3.1.0
2024-10-05 10:22:10,245 [INFO] ThirdParty:981 - CMSIS Pack Vendor :STMicroelectronics ThreadX 1.0.0
2024-10-05 10:22:10,245 [INFO] ThirdParty:981 - CMSIS Pack Vendor :STMicroelectronics FP-SNS-SMARTAG2 1.2.0
2024-10-05 10:22:10,245 [INFO] ThirdParty:981 - CMSIS Pack Vendor :STMicroelectronics X-CUBE-AZRTOS-WL 2.0.0
2024-10-05 10:22:10,246 [INFO] ThirdParty:981 - CMSIS Pack Vendor :SEGGER I-CUBE-embOS 1.3.1
2024-10-05 10:22:10,246 [INFO] ThirdParty:981 - CMSIS Pack Vendor :STMicroelectronics X-CUBE-ALGOBUILD 1.4.0
2024-10-05 10:22:10,246 [INFO] ThirdParty:981 - CMSIS Pack Vendor :STMicroelectronics FP-SNS-MOTENV1 5.0.0
2024-10-05 10:22:10,246 [INFO] ThirdParty:981 - CMSIS Pack Vendor :STMicroelectronics USB_DEVICE 1.0.0
2024-10-05 10:22:10,247 [INFO] ThirdParty:981 - CMSIS Pack Vendor :STMicroelectronics X-CUBE-AZRTOS-H7RS 1.0.0
2024-10-05 10:22:10,247 [INFO] ThirdParty:981 - CMSIS Pack Vendor :wolfSSL I-CUBE-wolfMQTT 1.19.0
2024-10-05 10:22:10,247 [INFO] ThirdParty:981 - CMSIS Pack Vendor :STMicroelectronics X-CUBE-AZRTOS-L4 2.0.0
2024-10-05 10:22:10,247 [INFO] ThirdParty:981 - CMSIS Pack Vendor :STMicroelectronics ThreadX 0.0.2
2024-10-05 10:22:10,248 [INFO] ThirdParty:981 - CMSIS Pack Vendor :WES I-CUBE-Cesium 1.3.0
2024-10-05 10:22:10,248 [INFO] ThirdParty:981 - CMSIS Pack Vendor :STMicroelectronics FP-ATR-ASTRA1 2.0.0
2024-10-05 10:22:10,248 [INFO] ThirdParty:981 - CMSIS Pack Vendor :STMicroelectronics lwIP 2.1.2
2024-10-05 10:22:10,248 [INFO] ThirdParty:981 - CMSIS Pack Vendor :STMicroelectronics X-CUBE-SFXS2LP1 4.0.0
2024-10-05 10:22:10,248 [INFO] ThirdParty:981 - CMSIS Pack Vendor :STMicroelectronics X-CUBE-BLE2 3.3.0
2024-10-05 10:22:10,248 [INFO] ThirdParty:981 - CMSIS Pack Vendor :STMicroelectronics X-CUBE-TOF1 3.4.1
2024-10-05 10:22:10,249 [INFO] ThirdParty:981 - CMSIS Pack Vendor :STMicroelectronics X-CUBE-AZRTOS-H7 3.2.0
2024-10-05 10:22:10,249 [INFO] ThirdParty:981 - CMSIS Pack Vendor :Infineon AIROC-Wi-Fi-Bluetooth-STM32 1.6.0
2024-10-05 10:22:10,249 [INFO] ThirdParty:981 - CMSIS Pack Vendor :STMicroelectronics PDM2PCM 3.2.0
2024-10-05 10:22:10,249 [INFO] ThirdParty:981 - CMSIS Pack Vendor :wolfSSL I-CUBE-wolfSSH 1.4.17
2024-10-05 10:22:10,249 [INFO] ThirdParty:797 - exiting critical section [change project]
2024-10-05 10:22:11,257 [INFO] PinOutPanel:1468 - setPackage(No Configuration,No Configuration)
2024-10-05 10:22:11,261 [INFO] PinOutPanel:1468 - setPackage(STM32F103C6Tx,LQFP48)
2024-10-05 10:22:13,944 [INFO] UtilMem:74 - Before build in PCC Used Memory: 565782616 Bytes (629145600)
2024-10-05 10:22:17,488 [INFO] UtilMem:74 - After build in PCC Used Memory: 543263712 Bytes (629145600)
2024-10-05 10:22:17,749 [INFO] IPUIPlugin:79 - create IPUIPlugin
2024-10-05 10:22:17,749 [INFO] IPUIPlugin:79 - create IPUIPlugin
2024-10-05 10:22:17,749 [INFO] IPUIPlugin:79 - create IPUIPlugin
2024-10-05 10:22:17,750 [INFO] IPUIPlugin:79 - create IPUIPlugin
2024-10-05 10:22:17,752 [INFO] IPUIPlugin:79 - create IPUIPlugin
2024-10-05 10:22:17,752 [INFO] IPUIPlugin:79 - create IPUIPlugin
2024-10-05 10:22:17,753 [INFO] IPUIPlugin:79 - create IPUIPlugin
2024-10-05 10:22:17,753 [INFO] IPUIPlugin:79 - create IPUIPlugin
2024-10-05 10:22:17,753 [INFO] IPUIPlugin:79 - create IPUIPlugin
2024-10-05 10:22:17,754 [INFO] IPUIPlugin:79 - create IPUIPlugin
2024-10-05 10:22:17,755 [INFO] IPUIPlugin:79 - create IPUIPlugin
2024-10-05 10:22:17,755 [INFO] IPUIPlugin:79 - create IPUIPlugin
2024-10-05 10:22:17,756 [INFO] IPUIPlugin:79 - create IPUIPlugin
2024-10-05 10:22:17,759 [INFO] IPUIPlugin:79 - create IPUIPlugin
2024-10-05 10:22:17,760 [INFO] IPUIPlugin:79 - create IPUIPlugin
2024-10-05 10:22:17,770 [INFO] IPUIPlugin:79 - create IPUIPlugin
2024-10-05 10:22:17,771 [INFO] IPUIPlugin:79 - create IPUIPlugin
2024-10-05 10:22:17,774 [INFO] IPUIPlugin:79 - create IPUIPlugin
2024-10-05 10:22:17,776 [INFO] IPUIPlugin:79 - create IPUIPlugin
2024-10-05 10:22:17,777 [INFO] IPUIPlugin:79 - create IPUIPlugin
2024-10-05 10:22:17,777 [INFO] IPUIPlugin:79 - create IPUIPlugin
2024-10-05 10:22:17,778 [INFO] IPUIPlugin:79 - create IPUIPlugin
2024-10-05 10:22:17,779 [INFO] IPUIPlugin:79 - create IPUIPlugin
2024-10-05 10:22:21,883 [INFO] OpenFileManager:327 - Restore cursor
2024-10-05 10:23:02,355 [INFO] UtilMem:74 - End SaveConfig() Used Memory: 719179392 Bytes (831520768)
2024-10-05 10:23:03,602 [INFO] UtilMem:74 - End SaveConfig() Used Memory: 729381832 Bytes (831520768)
2024-10-05 10:23:08,307 [INFO] UtilMem:74 - End SaveConfig() Used Memory: 704933848 Bytes (831520768)
2024-10-05 10:23:09,709 [INFO] BlockDiagram:2753 - set Specific Code input for plugin: NVIC
2024-10-05 10:23:09,710 [INFO] BlockDiagram:2753 - set Specific Code input for plugin: GPIO
2024-10-05 10:23:09,710 [INFO] BlockDiagram:2753 - set Specific Code input for plugin: RCC
2024-10-05 10:23:09,711 [INFO] BlockDiagram:2753 - set Specific Code input for plugin: TIM1_8F1
2024-10-05 10:23:09,712 [INFO] CodeGenerator:690 - code generatio: config db path: D:\BKRA\KEIL C test\STM32CubeIDE_1.10.1\STM32CubeIDE\plugins\com.st.stm32cube.common.mx_6.6.1.202207061420\\db\
2024-10-05 10:23:11,471 [INFO] CodeEngine:245 - oldGeneratedFile, D:\BKU\Year 3\VXL-VDK\git3\lab3\MXTmpFiles\license.tmp_save
2024-10-05 10:23:12,802 [INFO] CodeEngine:269 - Generated code: D:\BKU\Year 3\VXL-VDK\git3\lab3\MXTmpFiles\license.tmp
2024-10-05 10:23:13,424 [INFO] CodeEngine:245 - oldGeneratedFile, D:\BKU\Year 3\VXL-VDK\git3\lab3\MXTmpFiles\gpio.tmp_save
2024-10-05 10:23:14,329 [INFO] CodeEngine:269 - Generated code: D:\BKU\Year 3\VXL-VDK\git3\lab3\MXTmpFiles\gpio.tmp
2024-10-05 10:23:14,840 [INFO] CodeEngine:245 - oldGeneratedFile, D:\BKU\Year 3\VXL-VDK\git3\lab3\Core\Src\stm32f1xx_it.c_save
2024-10-05 10:23:15,551 [INFO] CodeEngine:269 - Generated code: D:\BKU\Year 3\VXL-VDK\git3\lab3\Core\Src\stm32f1xx_it.c
2024-10-05 10:23:15,578 [INFO] CodeEngine:245 - oldGeneratedFile, D:\BKU\Year 3\VXL-VDK\git3\lab3\Core\Inc\stm32f1xx_it.h_save
2024-10-05 10:23:15,965 [INFO] CodeEngine:269 - Generated code: D:\BKU\Year 3\VXL-VDK\git3\lab3\Core\Inc\stm32f1xx_it.h
2024-10-05 10:23:16,127 [INFO] CodeEngine:245 - oldGeneratedFile, D:\BKU\Year 3\VXL-VDK\git3\lab3\Core\Src\stm32f1xx_hal_msp.c_save
2024-10-05 10:23:16,541 [INFO] CodeEngine:269 - Generated code: D:\BKU\Year 3\VXL-VDK\git3\lab3\Core\Src\stm32f1xx_hal_msp.c
2024-10-05 10:23:16,552 [INFO] CodeEngine:245 - oldGeneratedFile, D:\BKU\Year 3\VXL-VDK\git3\lab3\MXTmpFiles\system.tmp_save
2024-10-05 10:23:16,867 [INFO] CodeEngine:269 - Generated code: D:\BKU\Year 3\VXL-VDK\git3\lab3\MXTmpFiles\system.tmp
2024-10-05 10:23:16,882 [INFO] CodeEngine:245 - oldGeneratedFile, D:\BKU\Year 3\VXL-VDK\git3\lab3\Core\Inc\stm32f1xx_hal_conf.h_save
2024-10-05 10:23:17,161 [INFO] CodeEngine:269 - Generated code: D:\BKU\Year 3\VXL-VDK\git3\lab3\Core\Inc\stm32f1xx_hal_conf.h
2024-10-05 10:23:17,220 [WARN] IPConfigManager:3348 - IP not found : TIM
2024-10-05 10:23:17,222 [WARN] CodeGenerator:3567 - IP not found : null
2024-10-05 10:23:17,235 [INFO] CodeEngine:245 - oldGeneratedFile, D:\BKU\Year 3\VXL-VDK\git3\lab3\Core\Inc\main.h_save
2024-10-05 10:23:17,437 [INFO] CodeEngine:269 - Generated code: D:\BKU\Year 3\VXL-VDK\git3\lab3\Core\Inc\main.h
2024-10-05 10:23:17,446 [INFO] CodeEngine:245 - oldGeneratedFile, D:\BKU\Year 3\VXL-VDK\git3\lab3\Core\Src\main.c_save
2024-10-05 10:23:17,930 [INFO] CodeEngine:269 - Generated code: D:\BKU\Year 3\VXL-VDK\git3\lab3\Core\Src\main.c
2024-10-05 10:23:20,155 [INFO] ProjectBuilder:2919 - Time for Copy HAL[1] : 313mS.
2024-10-05 10:23:20,189 [INFO] ProjectBuilder:4117 - Project Generator version: 3.17.1
2024-10-05 10:23:21,460 [INFO] ConfigFileManager:1394 - The Die is : DIE412
2024-10-05 10:23:21,540 [INFO] ApiDbMcu:505 - Load IP Config File for FATFS
2024-10-05 10:23:21,621 [INFO] ApiDbMcu:505 - Load IP Config File for FREERTOS
2024-10-05 10:23:21,667 [INFO] ApiDbMcu:505 - Load IP Config File for USB_DEVICE
2024-10-05 10:23:27,992 [INFO] ProjectBuilder:4285 - Time for Generating toolchain IDE Files: 7803mS.
2024-10-05 10:23:27,995 [INFO] ProjectBuilder:2790 - Time for Copy CMSIS : 2mS.
2024-10-05 10:23:27,999 [INFO] ProjectBuilder:2790 - Time for Copy CMSIS : 1mS.
2024-10-05 11:20:41,118 [INFO] MainUpdater:2768 - connection check result : 10
2024-10-05 11:20:41,119 [INFO] MainUpdater:2768 - connection check result : 10
2024-10-05 11:20:41,148 [INFO] MicroXplorer:451 - Change Database Path : 
2024-10-05 11:20:41,148 [INFO] MicroXplorer:481 - Change Database Version : DB.6.0.60
2024-10-05 11:20:41,191 [WARN] ThirdParty:827 - waiting for thirdparty lock release [close project]
2024-10-05 11:20:41,192 [INFO] ThirdParty:829 - entering critical section [close project]
2024-10-05 11:20:41,192 [INFO] ThirdParty:839 - exiting critical section [close project]
2024-10-05 11:20:41,193 [INFO] PinOutPanel:1468 - setPackage(No Configuration,No Configuration)
2024-10-05 11:20:41,213 [INFO] UtilMem:74 - Begin LoadConfig() Used Memory: 837139472 Bytes (981467136)
2024-10-05 11:20:41,214 [INFO] MicroXplorer:451 - Change Database Path : 
2024-10-05 11:20:41,214 [INFO] MicroXplorer:481 - Change Database Version : DB.6.0.60
2024-10-05 11:20:41,214 [INFO] OpenFileManager:307 - Change cursor
2024-10-05 11:20:41,268 [INFO] RulesReader:61 - Compatibility file has been processed (282 Rules)
2024-10-05 11:20:41,278 [INFO] Mcu:1922 - Initializing MCU STM32F103C(4-6)Tx STM32F103C6Tx STM32F103C6T6A
2024-10-05 11:20:42,424 [INFO] Context:654 - Trying to add GPIOservice into a context  which must be forbidden
2024-10-05 11:20:42,649 [WARN] ApiManager:308 - Cannot register API 'Board Extension:NFC09A1' from pack STMicroelectronics.X-CUBE-NFC9.1.0.0: no header file found
2024-10-05 11:20:42,650 [WARN] ApiManager:308 - Cannot register API 'Board Extension:GNSS1A1' from pack STMicroelectronics.X-CUBE-GNSS1.6.0.0: no header file found
2024-10-05 11:20:42,650 [WARN] ApiManager:308 - Cannot register API 'Board Support:Custom' from pack STMicroelectronics.X-CUBE-GNSS1.6.0.0: no header file found
2024-10-05 11:20:42,650 [WARN] ApiManager:308 - Cannot register API 'Data Exchange:lib_gnss' from pack STMicroelectronics.X-CUBE-GNSS1.6.0.0: no header file found
2024-10-05 11:20:42,656 [WARN] ApiManager:308 - Cannot register API 'Board Extension:GNSS1A1' from pack STMicroelectronics.X-CUBE-GNSS1.7.0.0: no header file found
2024-10-05 11:20:42,656 [WARN] ApiManager:308 - Cannot register API 'Board Support:Custom' from pack STMicroelectronics.X-CUBE-GNSS1.7.0.0: no header file found
2024-10-05 11:20:42,657 [WARN] ApiManager:308 - Cannot register API 'Data Exchange:lib_gnss' from pack STMicroelectronics.X-CUBE-GNSS1.7.0.0: no header file found
2024-10-05 11:20:42,660 [WARN] ApiManager:308 - Cannot register API 'Board Extension:NFC06A1' from pack STMicroelectronics.X-CUBE-NFC6.3.1.0: no header file found
2024-10-05 11:20:42,660 [WARN] ApiManager:308 - Cannot register API 'Board Extension:NFC08A1' from pack STMicroelectronics.X-CUBE-NFC6.3.1.0: no header file found
2024-10-05 11:20:42,793 [WARN] ApiManager:308 - Cannot register API 'Board Extension:IKS01A3' from pack STMicroelectronics.X-CUBE-MEMS1.11.0.0: no header file found
2024-10-05 11:20:42,793 [WARN] ApiManager:308 - Cannot register API 'Board Extension:IKS02A1' from pack STMicroelectronics.X-CUBE-MEMS1.11.0.0: no header file found
2024-10-05 11:20:42,793 [WARN] ApiManager:308 - Cannot register API 'Board Extension:IKS4A1' from pack STMicroelectronics.X-CUBE-MEMS1.11.0.0: no header file found
2024-10-05 11:20:42,799 [INFO] RtosManager:488 - Registered RTOS mode: class=CMSIS, group=RTOS, mode=CMSIS_V1, owner=FREERTOS
2024-10-05 11:20:42,799 [INFO] RtosManager:488 - Registered RTOS mode: class=CMSIS, group=RTOS2, mode=CMSIS_V2, owner=FREERTOS
2024-10-05 11:20:42,800 [INFO] RtosManager:488 - Registered RTOS mode: class=RTOS, group=Core, mode=CMSIS_V1, owner=FREERTOS
2024-10-05 11:20:42,800 [INFO] RtosManager:488 - Registered RTOS mode: class=RTOS, group=Core, mode=CMSIS_V2, owner=FREERTOS
2024-10-05 11:20:42,800 [WARN] ModelIntegratedComponent:185 - Missing modes for component STMicroelectronics:FreeRTOS:0.0.1:STMicroelectronics:RTOS:FreeRTOS:Core:::10.2.0:
2024-10-05 11:20:42,805 [WARN] ApiManager:308 - Cannot register API 'Board Extension:STSAFEA1' from pack STMicroelectronics.X-CUBE-SAFEA1.1.2.2: no header file found
2024-10-05 11:20:42,805 [WARN] ApiManager:308 - Cannot register API 'Board Part:STSAFEA110' from pack STMicroelectronics.X-CUBE-SAFEA1.1.2.2: no header file found
2024-10-05 11:20:42,805 [WARN] ApiManager:308 - Cannot register API 'Security:ST_Cryptolib' from pack STMicroelectronics.X-CUBE-SAFEA1.1.2.2: no header file found
2024-10-05 11:20:42,805 [WARN] ApiManager:308 - Cannot register API 'Security:MbedTLS' from pack STMicroelectronics.X-CUBE-SAFEA1.1.2.2: no header file found
2024-10-05 11:20:42,807 [WARN] ApiManager:308 - Cannot register API 'Board Extension:NFC04A1' from pack STMicroelectronics.X-CUBE-NFC4.3.0.0: no header file found
2024-10-05 11:20:42,811 [WARN] ApiManager:308 - Cannot register API 'Board Extension:S2868A1' from pack STMicroelectronics.X-CUBE-SUBG2.5.0.0: no header file found
2024-10-05 11:20:42,811 [WARN] ApiManager:308 - Cannot register API 'Board Extension:S2868A2' from pack STMicroelectronics.X-CUBE-SUBG2.5.0.0: no header file found
2024-10-05 11:20:42,811 [WARN] ApiManager:308 - Cannot register API 'Board Extension:S2915A1' from pack STMicroelectronics.X-CUBE-SUBG2.5.0.0: no header file found
2024-10-05 11:20:42,818 [WARN] ApiManager:308 - Cannot register API 'Wireless:BlueNRG-MS' from pack STMicroelectronics.X-CUBE-BLE1.7.0.0: no header file found
2024-10-05 11:20:42,819 [WARN] ApiManager:308 - Cannot register API 'Board Extension:NFC10A1' from pack STMicroelectronics.X-CUBE-NFC10.1.0.0: no header file found
2024-10-05 11:20:42,821 [WARN] ApiManager:308 - Cannot register API 'Board Extension:EEPRMA2' from pack STMicroelectronics.X-CUBE-EEPRMA1.5.1.0: no header file found
2024-10-05 11:20:42,821 [WARN] ApiManager:308 - Cannot register API 'Board Extension:PGEEZ1' from pack STMicroelectronics.X-CUBE-EEPRMA1.5.1.0: no header file found
2024-10-05 11:20:42,822 [WARN] ApiManager:308 - Cannot register API 'Board Extension:EEICA1' from pack STMicroelectronics.X-CUBE-EEPRMA1.5.1.0: no header file found
2024-10-05 11:20:42,822 [WARN] ApiManager:308 - Cannot register API 'Board Part:M24' from pack STMicroelectronics.X-CUBE-EEPRMA1.5.1.0: no header file found
2024-10-05 11:20:42,822 [WARN] ApiManager:308 - Cannot register API 'Board Part:M95' from pack STMicroelectronics.X-CUBE-EEPRMA1.5.1.0: no header file found
2024-10-05 11:20:42,822 [WARN] ApiManager:308 - Cannot register API 'Board Part:M95P32' from pack STMicroelectronics.X-CUBE-EEPRMA1.5.1.0: no header file found
2024-10-05 11:20:42,823 [WARN] ApiManager:308 - Cannot register API 'Board Part:M24256E-F' from pack STMicroelectronics.X-CUBE-EEPRMA1.5.1.0: no header file found
2024-10-05 11:20:42,823 [WARN] ApiManager:308 - Cannot register API 'Board Part:M24M01E-F' from pack STMicroelectronics.X-CUBE-EEPRMA1.5.1.0: no header file found
2024-10-05 11:20:42,823 [WARN] ApiManager:308 - Cannot register API 'PGEEZ1:SPI' from pack STMicroelectronics.X-CUBE-EEPRMA1.5.1.0: no header file found
2024-10-05 11:20:42,823 [WARN] ApiManager:308 - Cannot register API 'PGEEZ1:QDSPI' from pack STMicroelectronics.X-CUBE-EEPRMA1.5.1.0: no header file found
2024-10-05 11:20:42,824 [WARN] ModelIntegratedComponent:64 - No mode defined for component null
2024-10-05 11:20:42,824 [WARN] ModelIntegratedComponent:64 - No mode defined for component null
2024-10-05 11:20:42,824 [WARN] ModelIntegratedComponent:64 - No mode defined for component null
2024-10-05 11:20:42,824 [WARN] ModelIntegratedComponent:64 - No mode defined for component null
2024-10-05 11:20:42,824 [WARN] ModelIntegratedComponent:64 - No mode defined for component null
2024-10-05 11:20:42,824 [WARN] ModelIntegratedComponent:64 - No mode defined for component null
2024-10-05 11:20:42,824 [WARN] ModelIntegratedComponent:64 - No mode defined for component null
2024-10-05 11:20:42,824 [WARN] ModelIntegratedComponent:64 - No mode defined for component null
2024-10-05 11:20:42,824 [WARN] ModelIntegratedComponent:64 - No mode defined for component null
2024-10-05 11:20:42,825 [WARN] ModelIntegratedComponent:64 - No mode defined for component null
2024-10-05 11:20:42,825 [WARN] ModelIntegratedComponent:64 - No mode defined for component null
2024-10-05 11:20:42,825 [WARN] ModelIntegratedComponent:64 - No mode defined for component null
2024-10-05 11:20:42,825 [WARN] ModelIntegratedComponent:64 - No mode defined for component null
2024-10-05 11:20:42,825 [WARN] ModelIntegratedComponent:64 - No mode defined for component null
2024-10-05 11:20:42,825 [WARN] ModelIntegratedComponent:64 - No mode defined for component null
2024-10-05 11:20:42,825 [WARN] ModelIntegratedComponent:64 - No mode defined for component null
2024-10-05 11:20:42,825 [WARN] ModelIntegratedComponent:64 - No mode defined for component null
2024-10-05 11:20:42,825 [WARN] ModelIntegratedComponent:64 - No mode defined for component null
2024-10-05 11:20:42,826 [WARN] ModelIntegratedComponent:64 - No mode defined for component null
2024-10-05 11:20:42,826 [WARN] ModelIntegratedComponent:64 - No mode defined for component null
2024-10-05 11:20:42,826 [WARN] ModelIntegratedComponent:64 - No mode defined for component null
2024-10-05 11:20:42,826 [WARN] ModelIntegratedComponent:64 - No mode defined for component null
2024-10-05 11:20:42,826 [WARN] ModelIntegratedComponent:64 - No mode defined for component null
2024-10-05 11:20:42,826 [WARN] ModelIntegratedComponent:64 - No mode defined for component null
2024-10-05 11:20:42,826 [WARN] ModelIntegratedComponent:64 - No mode defined for component null
2024-10-05 11:20:42,826 [WARN] ModelIntegratedComponent:64 - No mode defined for component null
2024-10-05 11:20:42,826 [WARN] ModelIntegratedComponent:64 - No mode defined for component null
2024-10-05 11:20:42,826 [WARN] ModelIntegratedComponent:64 - No mode defined for component null
2024-10-05 11:20:42,827 [WARN] ModelIntegratedComponent:64 - No mode defined for component null
2024-10-05 11:20:42,827 [WARN] ModelIntegratedComponent:64 - No mode defined for component null
2024-10-05 11:20:42,827 [WARN] ModelIntegratedComponent:64 - No mode defined for component null
2024-10-05 11:20:42,827 [WARN] ModelIntegratedComponent:64 - No mode defined for component null
2024-10-05 11:20:42,827 [WARN] ModelIntegratedComponent:64 - No mode defined for component null
2024-10-05 11:20:42,966 [WARN] ApiManager:308 - Cannot register API 'Board Extension:IKS01A3' from pack STMicroelectronics.X-CUBE-MEMS1.10.0.0: no header file found
2024-10-05 11:20:42,967 [WARN] ApiManager:308 - Cannot register API 'Board Extension:IKS02A1' from pack STMicroelectronics.X-CUBE-MEMS1.10.0.0: no header file found
2024-10-05 11:20:42,967 [WARN] ApiManager:308 - Cannot register API 'Board Extension:IKS4A1' from pack STMicroelectronics.X-CUBE-MEMS1.10.0.0: no header file found
2024-10-05 11:20:42,975 [WARN] ApiManager:308 - Cannot register API 'Board Extension:NFC07A1' from pack STMicroelectronics.X-CUBE-NFC7.1.0.1: no header file found
2024-10-05 11:20:42,985 [WARN] ApiManager:308 - Cannot register API 'Board Extension:S2868A1' from pack STMicroelectronics.X-CUBE-SFXS2LP1.4.0.0: no header file found
2024-10-05 11:20:42,985 [WARN] ApiManager:308 - Cannot register API 'Board Extension:S2868A2' from pack STMicroelectronics.X-CUBE-SFXS2LP1.4.0.0: no header file found
2024-10-05 11:20:42,985 [WARN] ApiManager:308 - Cannot register API 'Board Extension:S2915A1' from pack STMicroelectronics.X-CUBE-SFXS2LP1.4.0.0: no header file found
2024-10-05 11:20:42,987 [WARN] ApiManager:308 - Cannot register API 'Wireless:BlueNRG-2' from pack STMicroelectronics.X-CUBE-BLE2.3.3.0: no header file found
2024-10-05 11:20:43,006 [INFO] ThirdPartyModel:289 - Start build external matchings
2024-10-05 11:20:44,037 [INFO] ThirdPartyModel:302 - End build external matchings
2024-10-05 11:20:44,285 [INFO] UtilMem:74 - End LoadConfig() Used Memory: 684665672 Bytes (981467136)
2024-10-05 11:20:44,346 [WARN] ThirdParty:789 - waiting for thirdparty lock release [change project]
2024-10-05 11:20:44,347 [INFO] ThirdParty:791 - entering critical section [change project]
2024-10-05 11:20:44,347 [INFO] ThirdParty:981 - CMSIS Pack Vendor :STMicroelectronics X-CUBE-AZRTOS-H7 3.3.0
2024-10-05 11:20:44,347 [INFO] ThirdParty:981 - CMSIS Pack Vendor :STMicroelectronics X-CUBE-NFC9 1.0.0
2024-10-05 11:20:44,347 [INFO] ThirdParty:981 - CMSIS Pack Vendor :STMicroelectronics X-CUBE-GNSS1 6.0.0
2024-10-05 11:20:44,347 [INFO] ThirdParty:981 - CMSIS Pack Vendor :STMicroelectronics USB_HOST 2.0.0
2024-10-05 11:20:44,347 [INFO] ThirdParty:981 - CMSIS Pack Vendor :STMicroelectronics FP-SNS-MOTENVWB1 1.4.0
2024-10-05 11:20:44,348 [INFO] ThirdParty:981 - CMSIS Pack Vendor :STMicroelectronics X-CUBE-AZRTOS-F4 1.1.0
2024-10-05 11:20:44,348 [INFO] ThirdParty:981 - CMSIS Pack Vendor :STMicroelectronics LIBJPEG 8.0.0
2024-10-05 11:20:44,348 [INFO] ThirdParty:981 - CMSIS Pack Vendor :STMicroelectronics X-CUBE-SMBUS 2.1.0
2024-10-05 11:20:44,348 [INFO] ThirdParty:981 - CMSIS Pack Vendor :STMicroelectronics USB_DEVICE 3.0.0
2024-10-05 11:20:44,348 [INFO] ThirdParty:981 - CMSIS Pack Vendor :STMicroelectronics X-CUBE-TCPP 4.1.0
2024-10-05 11:20:44,348 [INFO] ThirdParty:981 - CMSIS Pack Vendor :STMicroelectronics X-CUBE-ISPU 2.1.0
2024-10-05 11:20:44,349 [INFO] ThirdParty:981 - CMSIS Pack Vendor :STMicroelectronics X-CUBE-FREERTOS 1.2.0
2024-10-05 11:20:44,349 [INFO] ThirdParty:981 - CMSIS Pack Vendor :STMicroelectronics X-CUBE-AZRTOS-WB 2.0.0
2024-10-05 11:20:44,349 [INFO] ThirdParty:981 - CMSIS Pack Vendor :STMicroelectronics X-CUBE-GNSS1 7.0.0
2024-10-05 11:20:44,349 [INFO] ThirdParty:981 - CMSIS Pack Vendor :STMicroelectronics X-CUBE-TOUCHGFX 4.23.2
2024-10-05 11:20:44,349 [INFO] ThirdParty:981 - CMSIS Pack Vendor :STMicroelectronics X-CUBE-AZRTOS-F7 1.1.0
2024-10-05 11:20:44,349 [INFO] ThirdParty:981 - CMSIS Pack Vendor :STMicroelectronics X-CUBE-AZRTOS-L5 2.0.0
2024-10-05 11:20:44,350 [INFO] ThirdParty:981 - CMSIS Pack Vendor :STMicroelectronics USB_DEVICE 2.0.0
2024-10-05 11:20:44,350 [INFO] ThirdParty:981 - CMSIS Pack Vendor :STMicroelectronics X-CUBE-NFC6 3.1.0
2024-10-05 11:20:44,350 [INFO] ThirdParty:981 - CMSIS Pack Vendor :STMicroelectronics X-CUBE-ALGOBUILD 1.3.0
2024-10-05 11:20:44,350 [INFO] ThirdParty:981 - CMSIS Pack Vendor :STMicroelectronics X-CUBE-MEMS1 11.0.0
2024-10-05 11:20:44,350 [INFO] ThirdParty:981 - CMSIS Pack Vendor :STMicroelectronics FreeRTOS 0.0.1
2024-10-05 11:20:44,351 [INFO] ThirdParty:981 - CMSIS Pack Vendor :STMicroelectronics X-CUBE-AZRTOS-G0 1.1.0
2024-10-05 11:20:44,351 [INFO] ThirdParty:981 - CMSIS Pack Vendor :STMicroelectronics X-CUBE-SAFEA1 1.2.2
2024-10-05 11:20:44,351 [INFO] ThirdParty:981 - CMSIS Pack Vendor :STMicroelectronics X-CUBE-NFC4 3.0.0
2024-10-05 11:20:44,351 [INFO] ThirdParty:981 - CMSIS Pack Vendor :STMicroelectronics X-CUBE-SUBG2 5.0.0
2024-10-05 11:20:44,351 [INFO] ThirdParty:981 - CMSIS Pack Vendor :STMicroelectronics STM32_WPAN 1.0.0
2024-10-05 11:20:44,352 [INFO] ThirdParty:981 - CMSIS Pack Vendor :wolfSSL I-CUBE-wolfMQTT 1.18.0
2024-10-05 11:20:44,352 [INFO] ThirdParty:981 - CMSIS Pack Vendor :STMicroelectronics lwIP 2.0.3
2024-10-05 11:20:44,352 [INFO] ThirdParty:981 - CMSIS Pack Vendor :STMicroelectronics FP-SNS-FLIGHT1 5.0.2
2024-10-05 11:20:44,353 [INFO] ThirdParty:981 - CMSIS Pack Vendor :STMicroelectronics USB_HOST 1.0.0
2024-10-05 11:20:44,353 [INFO] ThirdParty:981 - CMSIS Pack Vendor :STMicroelectronics X-CUBE-AI 9.0.0
2024-10-05 11:20:44,353 [INFO] ThirdParty:981 - CMSIS Pack Vendor :STMicroelectronics X-CUBE-AZRTOS-G4 2.0.0
2024-10-05 11:20:44,353 [INFO] ThirdParty:981 - CMSIS Pack Vendor :STMicroelectronics PDM2PCM 3.1.0
2024-10-05 11:20:44,353 [INFO] ThirdParty:981 - CMSIS Pack Vendor :STMicroelectronics PDM2PCM 3.3.0
2024-10-05 11:20:44,353 [INFO] ThirdParty:981 - CMSIS Pack Vendor :STMicroelectronics X-CUBE-DISPLAY 3.0.0
2024-10-05 11:20:44,354 [INFO] ThirdParty:981 - CMSIS Pack Vendor :wolfSSL I-CUBE-wolfSSL 5.7.0
2024-10-05 11:20:44,354 [INFO] ThirdParty:981 - CMSIS Pack Vendor :STMicroelectronics X-CUBE-BLE1 7.0.0
2024-10-05 11:20:44,354 [INFO] ThirdParty:981 - CMSIS Pack Vendor :STMicroelectronics FP-ATR-SIGFOX1 3.2.0
2024-10-05 11:20:44,354 [INFO] ThirdParty:981 - CMSIS Pack Vendor :STMicroelectronics X-CUBE-NFC10 1.0.0
2024-10-05 11:20:44,354 [INFO] ThirdParty:981 - CMSIS Pack Vendor :STMicroelectronics X-CUBE-ISPU 2.0.0
2024-10-05 11:20:44,354 [INFO] ThirdParty:981 - CMSIS Pack Vendor :STMicroelectronics X-CUBE-EEPRMA1 5.1.0
2024-10-05 11:20:44,354 [INFO] ThirdParty:981 - CMSIS Pack Vendor :STMicroelectronics HAL Drivers 0.0.0
2024-10-05 11:20:44,354 [INFO] ThirdParty:981 - CMSIS Pack Vendor :STMicroelectronics MBEDTLS 2.16.2
2024-10-05 11:20:44,355 [INFO] ThirdParty:981 - CMSIS Pack Vendor :STMicroelectronics X-CUBE-ALS 1.0.2
2024-10-05 11:20:44,355 [INFO] ThirdParty:981 - CMSIS Pack Vendor :emotas I-CUBE-CANOPEN 1.3.0
2024-10-05 11:20:44,360 [INFO] ThirdParty:981 - CMSIS Pack Vendor :STMicroelectronics X-CUBE-MEMS1 10.0.0
2024-10-05 11:20:44,360 [INFO] ThirdParty:981 - CMSIS Pack Vendor :STMicroelectronics X-CUBE-NFC7 1.0.1
2024-10-05 11:20:44,360 [INFO] ThirdParty:981 - CMSIS Pack Vendor :STMicroelectronics MBEDTLS 2.14.1
2024-10-05 11:20:44,360 [INFO] ThirdParty:981 - CMSIS Pack Vendor :STMicroelectronics X-CUBE-TOUCHGFX 4.24.0
2024-10-05 11:20:44,360 [INFO] ThirdParty:981 - CMSIS Pack Vendor :ITTIA_DB I-CUBE-ITTIADB 8.9.0
2024-10-05 11:20:44,361 [INFO] ThirdParty:981 - CMSIS Pack Vendor :wolfSSL I-CUBE-wolfTPM 3.2.0
2024-10-05 11:20:44,361 [INFO] ThirdParty:981 - CMSIS Pack Vendor :STMicroelectronics X-CUBE-TOUCHGFX 4.24.1
2024-10-05 11:20:44,361 [INFO] ThirdParty:981 - CMSIS Pack Vendor :portGmbH I-Cube-SoM-uGOAL 1.1.0
2024-10-05 11:20:44,361 [INFO] ThirdParty:981 - CMSIS Pack Vendor :STMicroelectronics X-CUBE-ALS 1.0.1
2024-10-05 11:20:44,361 [INFO] ThirdParty:981 - CMSIS Pack Vendor :STMicroelectronics X-CUBE-BLEMGR 3.1.0
2024-10-05 11:20:44,361 [INFO] ThirdParty:981 - CMSIS Pack Vendor :STMicroelectronics ThreadX 1.0.0
2024-10-05 11:20:44,361 [INFO] ThirdParty:981 - CMSIS Pack Vendor :STMicroelectronics FP-SNS-SMARTAG2 1.2.0
2024-10-05 11:20:44,362 [INFO] ThirdParty:981 - CMSIS Pack Vendor :STMicroelectronics X-CUBE-AZRTOS-WL 2.0.0
2024-10-05 11:20:44,362 [INFO] ThirdParty:981 - CMSIS Pack Vendor :SEGGER I-CUBE-embOS 1.3.1
2024-10-05 11:20:44,362 [INFO] ThirdParty:981 - CMSIS Pack Vendor :STMicroelectronics X-CUBE-ALGOBUILD 1.4.0
2024-10-05 11:20:44,362 [INFO] ThirdParty:981 - CMSIS Pack Vendor :STMicroelectronics FP-SNS-MOTENV1 5.0.0
2024-10-05 11:20:44,362 [INFO] ThirdParty:981 - CMSIS Pack Vendor :STMicroelectronics USB_DEVICE 1.0.0
2024-10-05 11:20:44,362 [INFO] ThirdParty:981 - CMSIS Pack Vendor :STMicroelectronics X-CUBE-AZRTOS-H7RS 1.0.0
2024-10-05 11:20:44,362 [INFO] ThirdParty:981 - CMSIS Pack Vendor :wolfSSL I-CUBE-wolfMQTT 1.19.0
2024-10-05 11:20:44,363 [INFO] ThirdParty:981 - CMSIS Pack Vendor :STMicroelectronics X-CUBE-AZRTOS-L4 2.0.0
2024-10-05 11:20:44,363 [INFO] ThirdParty:981 - CMSIS Pack Vendor :STMicroelectronics ThreadX 0.0.2
2024-10-05 11:20:44,363 [INFO] ThirdParty:981 - CMSIS Pack Vendor :WES I-CUBE-Cesium 1.3.0
2024-10-05 11:20:44,363 [INFO] ThirdParty:981 - CMSIS Pack Vendor :STMicroelectronics FP-ATR-ASTRA1 2.0.0
2024-10-05 11:20:44,363 [INFO] ThirdParty:981 - CMSIS Pack Vendor :STMicroelectronics lwIP 2.1.2
2024-10-05 11:20:44,364 [INFO] ThirdParty:981 - CMSIS Pack Vendor :STMicroelectronics X-CUBE-SFXS2LP1 4.0.0
2024-10-05 11:20:44,364 [INFO] ThirdParty:981 - CMSIS Pack Vendor :STMicroelectronics X-CUBE-BLE2 3.3.0
2024-10-05 11:20:44,364 [INFO] ThirdParty:981 - CMSIS Pack Vendor :STMicroelectronics X-CUBE-TOF1 3.4.1
2024-10-05 11:20:44,364 [INFO] ThirdParty:981 - CMSIS Pack Vendor :STMicroelectronics X-CUBE-AZRTOS-H7 3.2.0
2024-10-05 11:20:44,364 [INFO] ThirdParty:981 - CMSIS Pack Vendor :Infineon AIROC-Wi-Fi-Bluetooth-STM32 1.6.0
2024-10-05 11:20:44,364 [INFO] ThirdParty:981 - CMSIS Pack Vendor :STMicroelectronics PDM2PCM 3.2.0
2024-10-05 11:20:44,364 [INFO] ThirdParty:981 - CMSIS Pack Vendor :wolfSSL I-CUBE-wolfSSH 1.4.17
2024-10-05 11:20:44,364 [INFO] ThirdParty:797 - exiting critical section [change project]
2024-10-05 11:20:44,620 [INFO] PinOutPanel:1468 - setPackage(No Configuration,No Configuration)
2024-10-05 11:20:44,621 [INFO] PinOutPanel:1468 - setPackage(STM32F103C6Tx,LQFP48)
2024-10-05 11:20:45,090 [INFO] UtilMem:74 - Before build in PCC Used Memory: 658428416 Bytes (981467136)
2024-10-05 11:20:45,700 [INFO] UtilMem:74 - After build in PCC Used Memory: 701881216 Bytes (981467136)
2024-10-05 11:20:45,757 [INFO] IPUIPlugin:79 - create IPUIPlugin
2024-10-05 11:20:45,757 [INFO] IPUIPlugin:79 - create IPUIPlugin
2024-10-05 11:20:45,758 [INFO] IPUIPlugin:79 - create IPUIPlugin
2024-10-05 11:20:45,758 [INFO] IPUIPlugin:79 - create IPUIPlugin
2024-10-05 11:20:45,758 [INFO] IPUIPlugin:79 - create IPUIPlugin
2024-10-05 11:20:45,758 [INFO] IPUIPlugin:79 - create IPUIPlugin
2024-10-05 11:20:45,758 [INFO] IPUIPlugin:79 - create IPUIPlugin
2024-10-05 11:20:45,759 [INFO] IPUIPlugin:79 - create IPUIPlugin
2024-10-05 11:20:45,759 [INFO] IPUIPlugin:79 - create IPUIPlugin
2024-10-05 11:20:45,760 [INFO] IPUIPlugin:79 - create IPUIPlugin
2024-10-05 11:20:45,760 [INFO] IPUIPlugin:79 - create IPUIPlugin
2024-10-05 11:20:45,760 [INFO] IPUIPlugin:79 - create IPUIPlugin
2024-10-05 11:20:45,761 [INFO] IPUIPlugin:79 - create IPUIPlugin
2024-10-05 11:20:45,761 [INFO] IPUIPlugin:79 - create IPUIPlugin
2024-10-05 11:20:45,762 [INFO] IPUIPlugin:79 - create IPUIPlugin
2024-10-05 11:20:45,762 [INFO] IPUIPlugin:79 - create IPUIPlugin
2024-10-05 11:20:45,763 [INFO] IPUIPlugin:79 - create IPUIPlugin
2024-10-05 11:20:45,763 [INFO] IPUIPlugin:79 - create IPUIPlugin
2024-10-05 11:20:45,764 [INFO] IPUIPlugin:79 - create IPUIPlugin
2024-10-05 11:20:45,764 [INFO] IPUIPlugin:79 - create IPUIPlugin
2024-10-05 11:20:45,765 [INFO] IPUIPlugin:79 - create IPUIPlugin
2024-10-05 11:20:45,766 [INFO] IPUIPlugin:79 - create IPUIPlugin
2024-10-05 11:20:45,767 [INFO] IPUIPlugin:79 - create IPUIPlugin
2024-10-05 11:20:45,927 [INFO] OpenFileManager:327 - Restore cursor
2024-10-05 11:20:57,670 [INFO] UtilMem:74 - End SaveConfig() Used Memory: 650892280 Bytes (981467136)
2024-10-05 11:20:58,966 [INFO] UtilMem:74 - End SaveConfig() Used Memory: 660549320 Bytes (981467136)
2024-10-05 11:21:00,329 [INFO] UtilMem:74 - End SaveConfig() Used Memory: 654061000 Bytes (981467136)
2024-10-05 11:21:00,727 [INFO] BlockDiagram:2753 - set Specific Code input for plugin: NVIC
2024-10-05 11:21:00,728 [INFO] BlockDiagram:2753 - set Specific Code input for plugin: GPIO
2024-10-05 11:21:00,728 [INFO] BlockDiagram:2753 - set Specific Code input for plugin: RCC
2024-10-05 11:21:00,728 [INFO] BlockDiagram:2753 - set Specific Code input for plugin: TIM1_8F1
2024-10-05 11:21:00,729 [INFO] CodeGenerator:690 - code generatio: config db path: D:\BKRA\KEIL C test\STM32CubeIDE_1.10.1\STM32CubeIDE\plugins\com.st.stm32cube.common.mx_6.6.1.202207061420\\db\
2024-10-05 11:21:00,996 [INFO] CodeEngine:245 - oldGeneratedFile, D:\BKU\Year 3\VXL-VDK\git3\lab3\MXTmpFiles\license.tmp_save
2024-10-05 11:21:01,165 [INFO] CodeEngine:269 - Generated code: D:\BKU\Year 3\VXL-VDK\git3\lab3\MXTmpFiles\license.tmp
2024-10-05 11:21:01,259 [INFO] CodeEngine:245 - oldGeneratedFile, D:\BKU\Year 3\VXL-VDK\git3\lab3\MXTmpFiles\gpio.tmp_save
2024-10-05 11:21:01,407 [INFO] CodeEngine:269 - Generated code: D:\BKU\Year 3\VXL-VDK\git3\lab3\MXTmpFiles\gpio.tmp
2024-10-05 11:21:01,830 [INFO] CodeEngine:245 - oldGeneratedFile, D:\BKU\Year 3\VXL-VDK\git3\lab3\Core\Src\stm32f1xx_it.c_save
2024-10-05 11:21:01,992 [INFO] CodeEngine:269 - Generated code: D:\BKU\Year 3\VXL-VDK\git3\lab3\Core\Src\stm32f1xx_it.c
2024-10-05 11:21:02,000 [INFO] CodeEngine:245 - oldGeneratedFile, D:\BKU\Year 3\VXL-VDK\git3\lab3\Core\Inc\stm32f1xx_it.h_save
2024-10-05 11:21:02,172 [INFO] CodeEngine:269 - Generated code: D:\BKU\Year 3\VXL-VDK\git3\lab3\Core\Inc\stm32f1xx_it.h
2024-10-05 11:21:02,240 [INFO] CodeEngine:245 - oldGeneratedFile, D:\BKU\Year 3\VXL-VDK\git3\lab3\Core\Src\stm32f1xx_hal_msp.c_save
2024-10-05 11:21:02,458 [INFO] CodeEngine:269 - Generated code: D:\BKU\Year 3\VXL-VDK\git3\lab3\Core\Src\stm32f1xx_hal_msp.c
2024-10-05 11:21:02,464 [INFO] CodeEngine:245 - oldGeneratedFile, D:\BKU\Year 3\VXL-VDK\git3\lab3\MXTmpFiles\system.tmp_save
2024-10-05 11:21:02,590 [INFO] CodeEngine:269 - Generated code: D:\BKU\Year 3\VXL-VDK\git3\lab3\MXTmpFiles\system.tmp
2024-10-05 11:21:02,600 [INFO] CodeEngine:245 - oldGeneratedFile, D:\BKU\Year 3\VXL-VDK\git3\lab3\Core\Inc\stm32f1xx_hal_conf.h_save
2024-10-05 11:21:02,764 [INFO] CodeEngine:269 - Generated code: D:\BKU\Year 3\VXL-VDK\git3\lab3\Core\Inc\stm32f1xx_hal_conf.h
2024-10-05 11:21:02,799 [WARN] IPConfigManager:3348 - IP not found : TIM
2024-10-05 11:21:02,800 [WARN] CodeGenerator:3567 - IP not found : null
2024-10-05 11:21:02,809 [INFO] CodeEngine:245 - oldGeneratedFile, D:\BKU\Year 3\VXL-VDK\git3\lab3\Core\Inc\main.h_save
2024-10-05 11:21:02,960 [INFO] CodeEngine:269 - Generated code: D:\BKU\Year 3\VXL-VDK\git3\lab3\Core\Inc\main.h
2024-10-05 11:21:02,969 [INFO] CodeEngine:245 - oldGeneratedFile, D:\BKU\Year 3\VXL-VDK\git3\lab3\Core\Src\main.c_save
2024-10-05 11:21:03,168 [INFO] CodeEngine:269 - Generated code: D:\BKU\Year 3\VXL-VDK\git3\lab3\Core\Src\main.c
2024-10-05 11:21:04,944 [INFO] ProjectBuilder:2919 - Time for Copy HAL[1] : 233mS.
2024-10-05 11:21:04,949 [INFO] ProjectBuilder:4117 - Project Generator version: 3.17.1
2024-10-05 11:21:05,917 [INFO] ConfigFileManager:1394 - The Die is : DIE412
2024-10-05 11:21:05,934 [INFO] ApiDbMcu:505 - Load IP Config File for FATFS
2024-10-05 11:21:06,014 [INFO] ApiDbMcu:505 - Load IP Config File for FREERTOS
2024-10-05 11:21:06,070 [INFO] ApiDbMcu:505 - Load IP Config File for USB_DEVICE
2024-10-05 11:21:10,324 [INFO] ProjectBuilder:4285 - Time for Generating toolchain IDE Files: 5375mS.
2024-10-05 11:21:10,326 [INFO] ProjectBuilder:2790 - Time for Copy CMSIS : 1mS.
2024-10-05 11:21:10,330 [INFO] ProjectBuilder:2790 - Time for Copy CMSIS : 0mS.
2024-10-06 12:07:49,426 [INFO] Activator:177 - 


2024-10-06 12:07:49,532 [INFO] Activator:178 - !SESSION log4j initialized
2024-10-06 12:08:30,629 [ERROR] LogOutputStream:74 - [STDERR_REDIRECT] SLF4J: Failed to load class "org.slf4j.impl.StaticLoggerBinder".
2024-10-06 12:08:30,631 [ERROR] LogOutputStream:74 - [STDERR_REDIRECT] SLF4J: Defaulting to no-operation (NOP) logger implementation
2024-10-06 12:08:30,635 [ERROR] LogOutputStream:74 - [STDERR_REDIRECT] SLF4J: See http://www.slf4j.org/codes.html#StaticLoggerBinder for further details.
2024-10-06 17:40:03,140 [INFO] McuFinderGlobals:44 - Set McuFinder mode to 2 (CubeIDE integrated)
2024-10-06 17:40:03,488 [INFO] ApplicationProperties:181 - Using Application install path: D:\BKRA\KEIL C test\STM32CubeIDE_1.10.1\STM32CubeIDE\plugins\com.st.stm32cube.common.mx_6.6.1.202207061420
2024-10-06 17:40:03,533 [INFO] DbMcusXml:77 - Set database path to: D:\BKRA\KEIL C test\STM32CubeIDE_1.10.1\STM32CubeIDE\plugins\com.st.stm32cube.common.mx_6.6.1.202207061420\\db\/mcu/
2024-10-06 17:40:03,534 [INFO] ApiDb:269 - Set plugin database path to: D:\BKRA\KEIL C test\STM32CubeIDE_1.10.1\STM32CubeIDE\plugins\com.st.stm32cube.common.mx_6.6.1.202207061420\\db\/plugins/boardmanager/
2024-10-06 17:40:03,537 [WARN] ApiDb:254 - Overriding images path with different value:  => D:\BKRA\KEIL C test\STM32CubeIDE_1.10.1\STM32CubeIDE\plugins\com.st.stm32cube.common.mx_6.6.1.202207061420\\db\/plugins/mcufinder/images/
2024-10-06 17:40:03,558 [INFO] ApiDb:249 - Set database path to: C:\Users\User\.stmcufinder\plugins\mcufinder//mcu/
2024-10-06 17:40:03,560 [INFO] DbMcusAds:124 - Set database path to: C:\Users\User\.stmcufinder\plugins\mcufinder//mcu/
2024-10-06 17:40:04,543 [INFO] CrossReferenceDbSqlite:201 - Set database path to: C:\Users\User\.stmcufinder\plugins\mcufinder//mcu/cs/
2024-10-06 17:40:04,679 [INFO] RulesReader:61 - Compatibility file has been processed (282 Rules)
2024-10-06 17:40:04,783 [INFO] DbMcusXml:77 - Set database path to: D:\BKRA\KEIL C test\STM32CubeIDE_1.10.1\STM32CubeIDE\plugins\com.st.stm32cube.common.mx_6.6.1.202207061420\\db\/mcu/
2024-10-06 17:40:04,783 [INFO] ApiDb:269 - Set plugin database path to: D:\BKRA\KEIL C test\STM32CubeIDE_1.10.1\STM32CubeIDE\plugins\com.st.stm32cube.common.mx_6.6.1.202207061420\\db\/plugins/boardmanager/
2024-10-06 17:40:04,783 [INFO] ApiDb:256 - Set plugin images path to: D:\BKRA\KEIL C test\STM32CubeIDE_1.10.1\STM32CubeIDE\plugins\com.st.stm32cube.common.mx_6.6.1.202207061420\\db\/plugins/mcufinder/images/
2024-10-06 17:40:04,784 [WARN] DbFile:40 - Overriding database path with different value: C:\Users\User\.stmcufinder\plugins\mcufinder/ => C:\Users\User\.stmcufinder\plugins\mcufinder
2024-10-06 17:40:04,784 [INFO] ApiDb:249 - Set database path to: C:\Users\User\.stmcufinder\plugins\mcufinder//mcu/
2024-10-06 17:40:04,784 [WARN] DbFile:40 - Overriding database path with different value: C:\Users\User\.stmcufinder\plugins\mcufinder/ => C:\Users\User\.stmcufinder\plugins\mcufinder
2024-10-06 17:40:04,784 [INFO] DbMcusAds:124 - Set database path to: C:\Users\User\.stmcufinder\plugins\mcufinder//mcu/
2024-10-06 17:40:04,785 [WARN] DbFile:40 - Overriding database path with different value: C:\Users\User\.stmcufinder\plugins\mcufinder/ => C:\Users\User\.stmcufinder\plugins\mcufinder
2024-10-06 17:40:04,785 [WARN] DbFile:40 - Overriding database path with different value: C:\Users\User\.stmcufinder\plugins\mcufinder/ => C:\Users\User\.stmcufinder\plugins\mcufinder
2024-10-06 17:40:05,531 [INFO] CrossReferenceDbSqlite:201 - Set database path to: C:\Users\User\.stmcufinder\plugins\mcufinder//mcu/cs/
2024-10-06 17:40:05,651 [INFO] MainPanel:242 - HeapMemory: 591396864
2024-10-06 17:40:05,790 [INFO] DbMcusXml:77 - Set database path to: D:\BKRA\KEIL C test\STM32CubeIDE_1.10.1\STM32CubeIDE\plugins\com.st.stm32cube.common.mx_6.6.1.202207061420\\db\/mcu/
2024-10-06 17:40:05,790 [INFO] ApiDb:269 - Set plugin database path to: D:\BKRA\KEIL C test\STM32CubeIDE_1.10.1\STM32CubeIDE\plugins\com.st.stm32cube.common.mx_6.6.1.202207061420\\db\/plugins/boardmanager/
2024-10-06 17:40:05,791 [INFO] ApiDb:256 - Set plugin images path to: D:\BKRA\KEIL C test\STM32CubeIDE_1.10.1\STM32CubeIDE\plugins\com.st.stm32cube.common.mx_6.6.1.202207061420\\db\/plugins/mcufinder/images/
2024-10-06 17:40:05,791 [WARN] DbFile:40 - Overriding database path with different value: C:\Users\User\.stmcufinder\plugins\mcufinder/ => C:\Users\User\.stmcufinder\plugins\mcufinder
2024-10-06 17:40:05,792 [INFO] ApiDb:249 - Set database path to: C:\Users\User\.stmcufinder\plugins\mcufinder//mcu/
2024-10-06 17:40:05,792 [WARN] DbFile:40 - Overriding database path with different value: C:\Users\User\.stmcufinder\plugins\mcufinder/ => C:\Users\User\.stmcufinder\plugins\mcufinder
2024-10-06 17:40:05,792 [INFO] DbMcusAds:124 - Set database path to: C:\Users\User\.stmcufinder\plugins\mcufinder//mcu/
2024-10-06 17:40:05,792 [WARN] DbFile:40 - Overriding database path with different value: C:\Users\User\.stmcufinder\plugins\mcufinder/ => C:\Users\User\.stmcufinder\plugins\mcufinder
2024-10-06 17:40:05,792 [WARN] DbFile:40 - Overriding database path with different value: C:\Users\User\.stmcufinder\plugins\mcufinder/ => C:\Users\User\.stmcufinder\plugins\mcufinder
2024-10-06 17:40:06,530 [INFO] CrossReferenceDbSqlite:201 - Set database path to: C:\Users\User\.stmcufinder\plugins\mcufinder//mcu/cs/
2024-10-06 17:40:06,552 [INFO] ApplicationProperties:181 - Using Application install path: D:\BKRA\KEIL C test\STM32CubeIDE_1.10.1\STM32CubeIDE\plugins\com.st.stm32cube.common.mx_6.6.1.202207061420
2024-10-06 17:40:06,554 [INFO] PluginManage:193 - Search for loadable plugins [exclusion list=, ]
2024-10-06 17:40:06,557 [INFO] PluginManage:307 - Check plugin analytics
2024-10-06 17:40:07,606 [INFO] AnalyticsPlugin:262 - Accepted Software Licenses: STM32CubeMX.6.12.0
2024-10-06 17:40:07,608 [INFO] AnalyticsPlugin:264 - Accepted CMSIS Pack Licenses: 
2024-10-06 17:40:07,609 [INFO] AnalyticsPlugin:266 - Accepted Firmware Licenses: FW.F4.1.28.0
2024-10-06 17:40:07,625 [INFO] PluginManage:356 - Loaded plugin analytics (category:tool,tabindex:-1)
2024-10-06 17:40:07,626 [INFO] PluginManage:307 - Check plugin cadmodel
2024-10-06 17:40:07,632 [INFO] CADModel:65 - Init CAD model plugin
2024-10-06 17:40:07,632 [INFO] PluginManage:356 - Loaded plugin cadmodel (category:power,tabindex:5)
2024-10-06 17:40:07,632 [INFO] PluginManage:307 - Check plugin clock
2024-10-06 17:40:07,647 [INFO] PluginManage:356 - Loaded plugin clock (category:base,tabindex:2)
2024-10-06 17:40:07,648 [INFO] PluginManage:307 - Check plugin ddr
2024-10-06 17:40:07,653 [INFO] PluginManage:356 - Loaded plugin ddr (category:tool,tabindex:6)
2024-10-06 17:40:07,654 [INFO] PluginManage:307 - Check plugin filemanager
2024-10-06 17:40:07,873 [INFO] PluginManage:356 - Loaded plugin filemanager (category:base,tabindex:10)
2024-10-06 17:40:07,873 [INFO] PluginManage:307 - Check plugin ipmanager
2024-10-06 17:40:07,885 [INFO] PluginManage:356 - Loaded plugin ipmanager (category:base,tabindex:5)
2024-10-06 17:40:07,885 [INFO] PluginManage:307 - Check plugin lpbam
2024-10-06 17:40:07,899 [INFO] PluginManage:356 - Loaded plugin lpbam (category:base,tabindex:0)
2024-10-06 17:40:07,899 [INFO] PluginManage:307 - Check plugin pinoutandconfiguration
2024-10-06 17:40:07,912 [INFO] PluginManage:356 - Loaded plugin pinoutandconfiguration (category:base,tabindex:1)
2024-10-06 17:40:07,912 [INFO] PluginManage:307 - Check plugin pinoutconfig
2024-10-06 17:40:07,946 [INFO] PluginManage:356 - Loaded plugin pinoutconfig (category:base,tabindex:0)
2024-10-06 17:40:07,946 [INFO] PluginManage:307 - Check plugin power
2024-10-06 17:40:07,974 [INFO] PluginManage:356 - Loaded plugin power (category:power,tabindex:4)
2024-10-06 17:40:07,974 [INFO] PluginManage:307 - Check plugin projectmanager
2024-10-06 17:40:07,990 [INFO] PluginManage:356 - Loaded plugin projectmanager (category:projectmanager,tabindex:3)
2024-10-06 17:40:07,991 [INFO] PluginManage:307 - Check plugin thirdparty
2024-10-06 17:40:08,239 [WARN] IntegrityCheckThread:82 - waiting for thirdparty lock release [integrity check]
2024-10-06 17:40:08,240 [INFO] PluginManage:356 - Loaded plugin thirdparty (category:base,tabindex:-1)
2024-10-06 17:40:08,240 [INFO] IntegrityCheckThread:84 - entering critical section [integrity check]
2024-10-06 17:40:08,241 [INFO] PluginManage:307 - Check plugin tools
2024-10-06 17:40:08,244 [INFO] ThirdPartyUpdaterWithRetryManager:70 - Updater plugin not ready yet. [1/15]
2024-10-06 17:40:08,245 [INFO] PluginManage:356 - Loaded plugin tools (category:base,tabindex:7)
2024-10-06 17:40:08,246 [INFO] PluginManage:307 - Check plugin tutovideos
2024-10-06 17:40:08,559 [INFO] PluginManage:356 - Loaded plugin tutovideos (category:base,tabindex:-1)
2024-10-06 17:40:08,559 [INFO] PluginManage:307 - Check plugin updater
2024-10-06 17:40:08,583 [INFO] PluginManage:356 - Loaded plugin updater (category:base,tabindex:12)
2024-10-06 17:40:08,584 [INFO] PluginManage:280 - PluginManage : Loaded plugins [15]
2024-10-06 17:40:08,988 [INFO] PinOutPanel:1468 - setPackage(No Configuration,No Configuration)
2024-10-06 17:40:09,074 [INFO] CADModel:98 - CPN selected for project level
2024-10-06 17:40:09,103 [INFO] IPUIPlugin:79 - create IPUIPlugin
2024-10-06 17:40:09,103 [INFO] PluginManager:217 - loadIPPluginJar : add adc
2024-10-06 17:40:09,108 [INFO] IPUIPlugin:79 - create IPUIPlugin
2024-10-06 17:40:09,108 [INFO] PluginManager:217 - loadIPPluginJar : add aes
2024-10-06 17:40:09,113 [INFO] IPUIPlugin:79 - create IPUIPlugin
2024-10-06 17:40:09,113 [INFO] PluginManager:217 - loadIPPluginJar : add can
2024-10-06 17:40:09,116 [INFO] IPUIPlugin:79 - create IPUIPlugin
2024-10-06 17:40:09,116 [INFO] PluginManager:217 - loadIPPluginJar : add comp
2024-10-06 17:40:09,121 [INFO] IPUIPlugin:79 - create IPUIPlugin
2024-10-06 17:40:09,121 [INFO] PluginManager:217 - loadIPPluginJar : add cryp
2024-10-06 17:40:09,125 [INFO] IPUIPlugin:79 - create IPUIPlugin
2024-10-06 17:40:09,126 [INFO] PluginManager:217 - loadIPPluginJar : add dfsdm
2024-10-06 17:40:09,151 [INFO] IPUIPlugin:79 - create IPUIPlugin
2024-10-06 17:40:09,152 [INFO] PluginManager:217 - loadIPPluginJar : add dma
2024-10-06 17:40:09,154 [INFO] IPUIPlugin:79 - create IPUIPlugin
2024-10-06 17:40:09,155 [INFO] PluginManager:217 - loadIPPluginJar : add dma3
2024-10-06 17:40:09,157 [INFO] IPUIPlugin:79 - create IPUIPlugin
2024-10-06 17:40:09,157 [INFO] PluginManager:217 - loadIPPluginJar : add fatfs
2024-10-06 17:40:09,161 [INFO] IPUIPlugin:79 - create IPUIPlugin
2024-10-06 17:40:09,161 [INFO] PluginManager:217 - loadIPPluginJar : add fmc
2024-10-06 17:40:09,167 [INFO] IPUIPlugin:79 - create IPUIPlugin
2024-10-06 17:40:09,168 [INFO] PluginManager:217 - loadIPPluginJar : add freertos
2024-10-06 17:40:09,169 [INFO] IPUIPlugin:79 - create IPUIPlugin
2024-10-06 17:40:09,170 [INFO] PluginManager:217 - loadIPPluginJar : add genericplugin
2024-10-06 17:40:09,172 [INFO] IPUIPlugin:79 - create IPUIPlugin
2024-10-06 17:40:09,172 [INFO] PluginManager:217 - loadIPPluginJar : add gfxmmu
2024-10-06 17:40:09,193 [INFO] IPUIPlugin:79 - create IPUIPlugin
2024-10-06 17:40:09,194 [INFO] PluginManager:217 - loadIPPluginJar : add gic
2024-10-06 17:40:09,200 [INFO] IPUIPlugin:79 - create IPUIPlugin
2024-10-06 17:40:09,200 [INFO] PluginManager:217 - loadIPPluginJar : add gpio
2024-10-06 17:40:09,203 [INFO] IPUIPlugin:79 - create IPUIPlugin
2024-10-06 17:40:09,203 [INFO] PluginManager:217 - loadIPPluginJar : add gtzc
2024-10-06 17:40:09,206 [INFO] IPUIPlugin:79 - create IPUIPlugin
2024-10-06 17:40:09,206 [INFO] PluginManager:217 - loadIPPluginJar : add hash
2024-10-06 17:40:09,210 [INFO] IPUIPlugin:79 - create IPUIPlugin
2024-10-06 17:40:09,210 [INFO] PluginManager:217 - loadIPPluginJar : add i2c
2024-10-06 17:40:09,214 [INFO] IPUIPlugin:79 - create IPUIPlugin
2024-10-06 17:40:09,214 [INFO] PluginManager:217 - loadIPPluginJar : add i2s
2024-10-06 17:40:09,218 [INFO] IPUIPlugin:79 - create IPUIPlugin
2024-10-06 17:40:09,218 [INFO] PluginManager:217 - loadIPPluginJar : add ipddr
2024-10-06 17:40:09,228 [INFO] IPUIPlugin:79 - create IPUIPlugin
2024-10-06 17:40:09,228 [INFO] PluginManager:217 - loadIPPluginJar : add linkedlist
2024-10-06 17:40:09,231 [INFO] IPUIPlugin:79 - create IPUIPlugin
2024-10-06 17:40:09,232 [INFO] PluginManager:217 - loadIPPluginJar : add lorawan
2024-10-06 17:40:09,233 [INFO] IPUIPlugin:79 - create IPUIPlugin
2024-10-06 17:40:09,234 [INFO] PluginManager:217 - loadIPPluginJar : add ltdc
2024-10-06 17:40:09,243 [INFO] IPUIPlugin:79 - create IPUIPlugin
2024-10-06 17:40:09,243 [INFO] PluginManager:217 - loadIPPluginJar : add mdma
2024-10-06 17:40:09,249 [INFO] IPUIPlugin:79 - create IPUIPlugin
2024-10-06 17:40:09,250 [INFO] PluginManager:217 - loadIPPluginJar : add nvic
2024-10-06 17:40:09,255 [INFO] IPUIPlugin:79 - create IPUIPlugin
2024-10-06 17:40:09,256 [INFO] PluginManager:217 - loadIPPluginJar : add opamp
2024-10-06 17:40:09,262 [INFO] IPUIPlugin:79 - create IPUIPlugin
2024-10-06 17:40:09,263 [INFO] PluginManager:217 - loadIPPluginJar : add openamp
2024-10-06 17:40:09,269 [INFO] IPUIPlugin:79 - create IPUIPlugin
2024-10-06 17:40:09,269 [INFO] PluginManager:217 - loadIPPluginJar : add pdm2pcm
2024-10-06 17:40:09,306 [INFO] IPUIPlugin:79 - create IPUIPlugin
2024-10-06 17:40:09,312 [INFO] PluginManager:217 - loadIPPluginJar : add plateformsettings
2024-10-06 17:40:09,315 [INFO] IPUIPlugin:79 - create IPUIPlugin
2024-10-06 17:40:09,315 [INFO] PluginManager:217 - loadIPPluginJar : add quadspi
2024-10-06 17:40:09,322 [INFO] IPUIPlugin:79 - create IPUIPlugin
2024-10-06 17:40:09,323 [INFO] PluginManager:217 - loadIPPluginJar : add resmgrutility
2024-10-06 17:40:09,327 [INFO] IPUIPlugin:79 - create IPUIPlugin
2024-10-06 17:40:09,328 [INFO] PluginManager:217 - loadIPPluginJar : add sai
2024-10-06 17:40:09,331 [INFO] IPUIPlugin:79 - create IPUIPlugin
2024-10-06 17:40:09,332 [INFO] PluginManager:217 - loadIPPluginJar : add spi
2024-10-06 17:40:09,338 [INFO] IPUIPlugin:79 - create IPUIPlugin
2024-10-06 17:40:09,339 [INFO] PluginManager:217 - loadIPPluginJar : add stm32_wpan
2024-10-06 17:40:09,343 [INFO] IPUIPlugin:79 - create IPUIPlugin
2024-10-06 17:40:09,343 [INFO] PluginManager:217 - loadIPPluginJar : add tim
2024-10-06 17:40:09,348 [INFO] IPUIPlugin:79 - create IPUIPlugin
2024-10-06 17:40:09,349 [INFO] PluginManager:217 - loadIPPluginJar : add touchsensing
2024-10-06 17:40:09,352 [INFO] IPUIPlugin:79 - create IPUIPlugin
2024-10-06 17:40:09,352 [INFO] PluginManager:217 - loadIPPluginJar : add tracer_emb
2024-10-06 17:40:09,355 [INFO] IPUIPlugin:79 - create IPUIPlugin
2024-10-06 17:40:09,355 [INFO] PluginManager:217 - loadIPPluginJar : add ts
2024-10-06 17:40:09,357 [INFO] IPUIPlugin:79 - create IPUIPlugin
2024-10-06 17:40:09,357 [INFO] PluginManager:217 - loadIPPluginJar : add tsc
2024-10-06 17:40:09,360 [INFO] IPUIPlugin:79 - create IPUIPlugin
2024-10-06 17:40:09,360 [INFO] PluginManager:217 - loadIPPluginJar : add ucpd
2024-10-06 17:40:09,364 [INFO] IPUIPlugin:79 - create IPUIPlugin
2024-10-06 17:40:09,364 [INFO] PluginManager:217 - loadIPPluginJar : add usart
2024-10-06 17:40:09,368 [INFO] IPUIPlugin:79 - create IPUIPlugin
2024-10-06 17:40:09,369 [INFO] PluginManager:217 - loadIPPluginJar : add usbx
2024-10-06 17:40:09,781 [FATAL] Updater:301 - Updater called before beeing initialized
2024-10-06 17:40:10,001 [FATAL] Updater:301 - Updater called before beeing initialized
2024-10-06 17:40:10,012 [INFO] DbMcusAds:52 - JSON generation date=Fri Sep 20 20:04:23 ICT 2024 (1726837463113)
2024-10-06 17:40:10,013 [FATAL] Updater:301 - Updater called before beeing initialized
2024-10-06 17:40:10,107 [WARN] DetailPanel:344 - Failed to get advertising image, set to default
2024-10-06 17:40:10,265 [FATAL] Updater:301 - Updater called before beeing initialized
2024-10-06 17:40:10,268 [FATAL] Updater:301 - Updater called before beeing initialized
2024-10-06 17:40:10,269 [FATAL] Updater:301 - Updater called before beeing initialized
2024-10-06 17:40:10,269 [WARN] DetailPanel:344 - Failed to get advertising image, set to default
2024-10-06 17:40:10,270 [FATAL] Updater:301 - Updater called before beeing initialized
2024-10-06 17:40:10,383 [ERROR] Updater:1105 - MainUpdater not yet initialized. External WinMGr cannot be set.
2024-10-06 17:40:10,386 [INFO] Updater:1041 - Updater Version found : 6.6.1
2024-10-06 17:40:10,408 [INFO] ApplicationProperties:181 - Using Application install path: D:\BKRA\KEIL C test\STM32CubeIDE_1.10.1\STM32CubeIDE\plugins\com.st.stm32cube.common.mx_6.6.1.202207061420
2024-10-06 17:40:10,769 [INFO] MainUpdater:2768 - connection check result : 10
2024-10-06 17:40:10,770 [INFO] MainUpdater:3453 - Updater definition file requires update
2024-10-06 17:40:10,771 [INFO] MainUpdater:280 - Updater Check For Update Now.
2024-10-06 17:40:10,772 [INFO] MicroXplorer:481 - Change Database Version : DB.6.0.60
2024-10-06 17:40:10,827 [INFO] ServerAccessManage:474 - Download File updaters.zip
2024-10-06 17:40:10,903 [INFO] FileExtend:239 - Unzip File : updaters.zip
2024-10-06 17:40:10,903 [INFO] FileExtend:254 - Standard Zip Deflate
2024-10-06 17:40:11,252 [WARN] MainUpdater:1184 - Updater busy. Cannot search thirdparties
2024-10-06 17:40:11,252 [INFO] ThirdPartyUpdaterWithRetryManager:96 - Updater plugin is busy. [1/15]
2024-10-06 17:40:11,253 [INFO] ServerAccessManage:474 - Download File PacksControlFlags.xml
2024-10-06 17:40:11,387 [INFO] ServerAccessManage:474 - Download File cubemx.pidx
2024-10-06 17:40:12,233 [INFO] ServerAccessManage:474 - Download File STMicroelectronics.X-CUBE-AI.pdsc
2024-10-06 17:40:13,254 [INFO] ServerAccessManage:474 - Download File STMicroelectronics.X-CUBE-IPS.pdsc
2024-10-06 17:40:14,121 [INFO] ServerAccessManage:474 - Download File STMicroelectronics.X-CUBE-WB05N.pdsc
2024-10-06 17:40:14,269 [WARN] MainUpdater:1184 - Updater busy. Cannot search thirdparties
2024-10-06 17:40:14,284 [INFO] ThirdPartyUpdaterWithRetryManager:96 - Updater plugin is busy. [2/15]
2024-10-06 17:40:14,553 [WARN] PackLoader:242 - Cannot read IP mode file for STMicroelectronics.X-CUBE-AI.9.1.0
2024-10-06 17:40:14,581 [WARN] PopulateThirdPartyThread:104 - Error when creating pack: C:/Users/User/.stm32cubemx/thirdparties/pdsc/STMicroelectronics.X-CUBE-IPS.pdsc
2024-10-06 17:40:14,612 [WARN] PackLoader:242 - Cannot read IP mode file for STMicroelectronics.X-CUBE-WB05N.1.1.0
2024-10-06 17:40:14,625 [INFO] PopulateThirdPartyThread:64 - Ending populate Thread
2024-10-06 17:40:14,638 [INFO] ThirdParty:981 - CMSIS Pack Vendor :STMicroelectronics X-CUBE-AI 9.1.0
2024-10-06 17:40:14,639 [INFO] ThirdParty:981 - CMSIS Pack Vendor :STMicroelectronics X-CUBE-WB05N 1.1.0
2024-10-06 17:40:14,639 [INFO] LoadServerUpdatesThread:367 - End of LoadServerUpdate Thread
2024-10-06 17:40:14,792 [INFO] CheckServerUpdateThread:119 - End of CheckServer Thread
2024-10-06 17:40:14,855 [INFO] MainUpdater:2768 - connection check result : 10
2024-10-06 17:40:14,857 [INFO] MainUpdater:2768 - connection check result : 10
2024-10-06 17:40:14,929 [INFO] MicroXplorer:451 - Change Database Path : 
2024-10-06 17:40:14,929 [INFO] MicroXplorer:481 - Change Database Version : DB.6.0.60
2024-10-06 17:40:14,931 [WARN] ThirdParty:827 - waiting for thirdparty lock release [close project]
2024-10-06 17:40:17,782 [WARN] PackLoader:242 - Cannot read IP mode file for STMicroelectronics.FP-SNS-MOTENVWB1.1.4.0
2024-10-06 17:40:17,799 [WARN] PackLoader:242 - Cannot read IP mode file for STMicroelectronics.X-CUBE-SMBUS.2.1.0
2024-10-06 17:40:17,814 [WARN] PackLoader:242 - Cannot read IP mode file for STMicroelectronics.X-CUBE-WB05N.1.1.0
2024-10-06 17:40:17,831 [WARN] PackLoader:242 - Cannot read IP mode file for STMicroelectronics.X-CUBE-TOUCHGFX.4.23.2
2024-10-06 17:40:17,886 [WARN] PackLoader:242 - Cannot read IP mode file for STMicroelectronics.X-CUBE-AZRTOS-F7.1.1.0
2024-10-06 17:40:18,032 [WARN] PackLoader:242 - Cannot read IP mode file for STMicroelectronics.X-CUBE-MEMS1.11.0.0
2024-10-06 17:40:18,386 [WARN] PackLoader:242 - Cannot read IP mode file for STMicroelectronics.FP-SNS-FLIGHT1.5.0.2
2024-10-06 17:40:18,399 [WARN] PackLoader:242 - Cannot read IP mode file for STMicroelectronics.X-CUBE-DISPLAY.3.0.0
2024-10-06 17:40:18,442 [WARN] PackLoader:242 - Cannot read IP mode file for STMicroelectronics.X-CUBE-BLE1.7.0.0
2024-10-06 17:40:18,474 [WARN] PackLoader:242 - Cannot read IP mode file for STMicroelectronics.X-CUBE-NFC10.1.0.0
2024-10-06 17:40:18,487 [WARN] PackLoader:242 - Cannot read IP mode file for emotas.I-CUBE-CANOPEN.1.3.0
2024-10-06 17:40:18,505 [WARN] PackLoader:242 - Cannot read IP mode file for STMicroelectronics.X-CUBE-BLEMGR.3.1.0
2024-10-06 17:40:18,516 [WARN] PackLoader:242 - Cannot read IP mode file for STMicroelectronics.FP-SNS-SMARTAG2.1.2.0
2024-10-06 17:40:18,546 [INFO] LogOutputStream:76 - [STDOUT_REDIRECT] 1 : Invalid condition id : UX_CORESTACK_Condition cause : null
2024-10-06 17:40:18,547 [INFO] LogOutputStream:76 - [STDOUT_REDIRECT] 1 : Invalid condition id : UX_CORESTACK_Condition cause : null
2024-10-06 17:40:18,550 [INFO] LogOutputStream:76 - [STDOUT_REDIRECT] 1 : Invalid condition id : UX_CORESTACK_Condition cause : null
2024-10-06 17:40:18,554 [INFO] LogOutputStream:76 - [STDOUT_REDIRECT] 1 : Invalid condition id : UX_CORESTACK_Condition cause : null
2024-10-06 17:40:18,587 [INFO] LogOutputStream:76 - [STDOUT_REDIRECT] 1 : Invalid condition id : UX_CORESTACK_Condition cause : null
2024-10-06 17:40:18,611 [WARN] PackLoader:242 - Cannot read IP mode file for STMicroelectronics.X-CUBE-AZRTOS-WL.2.0.0
2024-10-06 17:40:18,633 [WARN] PackLoader:242 - Cannot read IP mode file for STMicroelectronics.FP-SNS-MOTENV1.5.0.0
2024-10-06 17:40:18,646 [WARN] PackLoader:242 - Cannot read IP mode file for wolfSSL.I-CUBE-wolfMQTT.1.19.0
2024-10-06 17:40:18,666 [WARN] PackLoader:242 - Cannot read IP mode file for WES.I-CUBE-Cesium.1.3.0
2024-10-06 17:40:18,678 [WARN] PackLoader:242 - Cannot read IP mode file for STMicroelectronics.X-CUBE-BLE2.3.3.0
2024-10-06 17:40:18,697 [WARN] PackLoader:242 - Cannot read IP mode file for STMicroelectronics.X-CUBE-NFC9.1.0.0
2024-10-06 17:40:18,712 [WARN] PackLoader:242 - Cannot read IP mode file for STMicroelectronics.X-CUBE-TCPP.4.1.0
2024-10-06 17:40:18,729 [WARN] PackLoader:242 - Cannot read IP mode file for STMicroelectronics.X-CUBE-ALGOBUILD.1.3.0
2024-10-06 17:40:18,764 [WARN] PackLoader:242 - Cannot read IP mode file for STMicroelectronics.X-CUBE-AZRTOS-G0.1.1.0
2024-10-06 17:40:18,779 [WARN] PackLoader:242 - Cannot read IP mode file for STMicroelectronics.X-CUBE-SAFEA1.1.2.2
2024-10-06 17:40:18,788 [WARN] PackLoader:242 - Cannot read IP mode file for STMicroelectronics.X-CUBE-NFC4.3.0.0
2024-10-06 17:40:18,793 [WARN] PackLoader:242 - Cannot read IP mode file for wolfSSL.I-CUBE-wolfMQTT.1.18.0
2024-10-06 17:40:18,797 [ERROR] Engine:467 - C:\Users\User\.stm32cubemx\thirdparties\pdsc\EmbeddedOffice.I-CUBE-FS-RTOS.1.0.1.pdsc: PDSC version is not supported
2024-10-06 17:40:18,800 [ERROR] Engine:467 - C:\Users\User\.stm32cubemx\thirdparties\pdsc\RealThread.X-CUBE-RT-Thread_Nano.4.1.1.pdsc: PDSC version is not supported
2024-10-06 17:40:18,805 [WARN] PackLoader:242 - Cannot read IP mode file for wolfSSL.I-CUBE-wolfSSL.5.7.0
2024-10-06 17:40:18,810 [WARN] PackLoader:242 - Cannot read IP mode file for STMicroelectronics.FP-ATR-SIGFOX1.3.2.0
2024-10-06 17:40:18,820 [WARN] PackLoader:242 - Cannot read IP mode file for STMicroelectronics.X-CUBE-EEPRMA1.5.1.0
2024-10-06 17:40:18,833 [WARN] PackLoader:242 - Cannot read IP mode file for ITTIA_DB.I-CUBE-ITTIADB.8.9.0
2024-10-06 17:40:18,888 [WARN] PackLoader:242 - Cannot read IP mode file for SEGGER.I-CUBE-embOS.1.3.1
2024-10-06 17:40:18,955 [WARN] PackLoader:242 - Cannot read IP mode file for STMicroelectronics.X-CUBE-ALGOBUILD.1.4.0
2024-10-06 17:40:18,961 [WARN] PackLoader:242 - Cannot read IP mode file for STMicroelectronics.X-CUBE-AI.9.1.0
2024-10-06 17:40:18,966 [WARN] PackLoader:242 - Cannot read IP mode file for STMicroelectronics.X-CUBE-GNSS1.6.0.0
2024-10-06 17:40:18,997 [WARN] PackLoader:242 - Cannot read IP mode file for STMicroelectronics.X-CUBE-AZRTOS-F4.1.1.0
2024-10-06 17:40:19,011 [WARN] PackLoader:242 - Cannot read IP mode file for STMicroelectronics.X-CUBE-ISPU.2.1.0
2024-10-06 17:40:19,019 [WARN] PackLoader:242 - Cannot read IP mode file for STMicroelectronics.X-CUBE-FREERTOS.1.2.0
2024-10-06 17:40:19,038 [WARN] PackLoader:242 - Cannot read IP mode file for STMicroelectronics.X-CUBE-AZRTOS-L5.2.0.0
2024-10-06 17:40:19,049 [WARN] PackLoader:242 - Cannot read IP mode file for STMicroelectronics.X-CUBE-NFC6.3.1.0
2024-10-06 17:40:19,054 [ERROR] Engine:467 - C:\Users\User\.stm32cubemx\thirdparties\pdsc\STMicroelectronics.X-CUBE-DPower.1.2.0.pdsc: PDSC version is not supported
2024-10-06 17:40:19,056 [WARN] PackLoader:242 - Cannot read IP mode file for STMicroelectronics.X-CUBE-AI.9.0.0
2024-10-06 17:40:19,063 [WARN] PackLoader:242 - Cannot read IP mode file for STMicroelectronics.X-CUBE-NFC7.1.0.1
2024-10-06 17:40:19,068 [WARN] PackLoader:242 - Cannot read IP mode file for wolfSSL.I-CUBE-wolfTPM.3.2.0
2024-10-06 17:40:19,095 [WARN] ConditionMgr:437 - getConditionDescription Invalid condition id : LAN8742 Phy interface Condition cause : null
2024-10-06 17:40:19,098 [WARN] PackLoader:242 - Cannot read IP mode file for STMicroelectronics.X-CUBE-AZRTOS-L4.2.0.0
2024-10-06 17:40:19,100 [WARN] ConditionMgr:1038 - genDependencies : Invalid condition id : LAN8742 Phy interface Condition cause : null
2024-10-06 17:40:19,101 [WARN] ConditionMgr:1038 - genDependencies : Invalid condition id : LAN8742 Phy interface Condition cause : null
2024-10-06 17:40:19,102 [WARN] ConditionMgr:1038 - genDependencies : Invalid condition id : LAN8742 Phy interface Condition cause : null
2024-10-06 17:40:19,123 [WARN] PackLoader:242 - Cannot read IP mode file for STMicroelectronics.X-CUBE-SFXS2LP1.4.0.0
2024-10-06 17:40:19,194 [WARN] PackLoader:242 - Cannot read IP mode file for STMicroelectronics.X-CUBE-AZRTOS-H7.3.3.0
2024-10-06 17:40:19,205 [ERROR] Engine:467 - C:\Users\User\.stm32cubemx\thirdparties\pdsc\STMicroelectronics.X-CUBE-IPS.3.0.0.pdsc: PDSC version is not supported
2024-10-06 17:40:19,235 [WARN] ConditionMgr:437 - getConditionDescription Invalid condition id : UX DEVICE CLASS RTOS Condition cause : null
2024-10-06 17:40:19,235 [WARN] ConditionMgr:437 - getConditionDescription Invalid condition id : UX DEVICE CLASS RTOS Condition cause : null
2024-10-06 17:40:19,239 [WARN] PackLoader:242 - Cannot read IP mode file for STMicroelectronics.X-CUBE-AZRTOS-WB.2.0.0
2024-10-06 17:40:19,240 [WARN] ConditionMgr:1038 - genDependencies : Invalid condition id : UX DEVICE CLASS RTOS Condition cause : null
2024-10-06 17:40:19,240 [WARN] ConditionMgr:1038 - genDependencies : Invalid condition id : UX DEVICE CLASS RTOS Condition cause : null
2024-10-06 17:40:19,242 [WARN] ConditionMgr:1038 - genDependencies : Invalid condition id : UX DEVICE CLASS RTOS Condition cause : null
2024-10-06 17:40:19,246 [WARN] ConditionMgr:1038 - genDependencies : Invalid condition id : UX DEVICE CLASS RTOS Condition cause : null
2024-10-06 17:40:19,247 [WARN] ConditionMgr:1038 - genDependencies : Invalid condition id : UX DEVICE CLASS RTOS Condition cause : null
2024-10-06 17:40:19,254 [WARN] PackLoader:242 - Cannot read IP mode file for STMicroelectronics.X-CUBE-GNSS1.7.0.0
2024-10-06 17:40:19,262 [ERROR] Engine:467 - C:\Users\User\.stm32cubemx\thirdparties\pdsc\STMicroelectronics.FP-SNS-STBOX1.2.0.0.pdsc: PDSC version is not supported
2024-10-06 17:40:19,284 [WARN] PackLoader:242 - Cannot read IP mode file for STMicroelectronics.X-CUBE-SUBG2.5.0.0
2024-10-06 17:40:19,338 [WARN] PackLoader:242 - Cannot read IP mode file for STMicroelectronics.X-CUBE-AZRTOS-G4.2.0.0
2024-10-06 17:40:19,350 [WARN] PackLoader:242 - Cannot read IP mode file for STMicroelectronics.X-CUBE-ISPU.2.0.0
2024-10-06 17:40:19,357 [WARN] PackLoader:242 - Cannot read IP mode file for STMicroelectronics.X-CUBE-ALS.1.0.2
2024-10-06 17:40:19,467 [WARN] PackLoader:242 - Cannot read IP mode file for STMicroelectronics.X-CUBE-MEMS1.10.0.0
2024-10-06 17:40:19,795 [WARN] PackLoader:242 - Cannot read IP mode file for STMicroelectronics.X-CUBE-TOUCHGFX.4.24.0
2024-10-06 17:40:19,799 [WARN] PackLoader:242 - Cannot read IP mode file for STMicroelectronics.X-CUBE-TOUCHGFX.4.24.1
2024-10-06 17:40:19,812 [WARN] PackLoader:242 - Cannot read IP mode file for portGmbH.I-Cube-SoM-uGOAL.1.1.0
2024-10-06 17:40:19,822 [WARN] PackLoader:242 - Cannot read IP mode file for STMicroelectronics.X-CUBE-ALS.1.0.1
2024-10-06 17:40:19,882 [WARN] PackLoader:242 - Cannot read IP mode file for STMicroelectronics.X-CUBE-AZRTOS-H7RS.1.0.0
2024-10-06 17:40:19,897 [WARN] PackLoader:242 - Cannot read IP mode file for STMicroelectronics.FP-ATR-ASTRA1.2.0.0
2024-10-06 17:40:19,913 [ERROR] Engine:467 - C:\Users\User\.stm32cubemx\thirdparties\pdsc\STMicroelectronics.X-CUBE-TOF1.3.4.2.pdsc: PDSC version is not supported
2024-10-06 17:40:19,948 [WARN] PackLoader:242 - Cannot read IP mode file for STMicroelectronics.X-CUBE-TOF1.3.4.1
2024-10-06 17:40:20,068 [WARN] PackLoader:242 - Cannot read IP mode file for STMicroelectronics.X-CUBE-AZRTOS-H7.3.2.0
2024-10-06 17:40:20,124 [WARN] PackLoader:242 - Cannot read IP mode file for Infineon.AIROC-Wi-Fi-Bluetooth-STM32.1.6.0
2024-10-06 17:40:20,135 [WARN] PackLoader:242 - Cannot read IP mode file for wolfSSL.I-CUBE-wolfSSH.1.4.17
2024-10-06 17:40:20,136 [INFO] ThirdParty:929 - Integrity check success = true
2024-10-06 17:40:20,136 [INFO] IntegrityCheckThread:98 - exiting critical section [integrity check]
2024-10-06 17:40:20,136 [INFO] IntegrityCheckThread:101 - End integrity checks thread
2024-10-06 17:40:20,136 [INFO] ThirdParty:829 - entering critical section [close project]
2024-10-06 17:40:20,139 [INFO] ThirdParty:839 - exiting critical section [close project]
2024-10-06 17:40:20,147 [INFO] PinOutPanel:1468 - setPackage(No Configuration,No Configuration)
2024-10-06 17:40:20,217 [INFO] UtilMem:74 - Begin LoadConfig() Used Memory: 570278440 Bytes (799014912)
2024-10-06 17:40:20,220 [INFO] MicroXplorer:451 - Change Database Path : 
2024-10-06 17:40:20,220 [INFO] MicroXplorer:481 - Change Database Version : DB.6.0.60
2024-10-06 17:40:20,220 [INFO] OpenFileManager:307 - Change cursor
2024-10-06 17:40:20,335 [INFO] Mcu:1922 - Initializing MCU STM32F103C(4-6)Tx STM32F103C6Tx STM32F103C6T6A
2024-10-06 17:40:22,000 [INFO] Context:654 - Trying to add GPIOservice into a context  which must be forbidden
2024-10-06 17:40:22,369 [WARN] ApiManager:308 - Cannot register API 'Board Extension:NFC09A1' from pack STMicroelectronics.X-CUBE-NFC9.1.0.0: no header file found
2024-10-06 17:40:22,374 [WARN] ApiManager:308 - Cannot register API 'Board Extension:GNSS1A1' from pack STMicroelectronics.X-CUBE-GNSS1.6.0.0: no header file found
2024-10-06 17:40:22,374 [WARN] ApiManager:308 - Cannot register API 'Board Support:Custom' from pack STMicroelectronics.X-CUBE-GNSS1.6.0.0: no header file found
2024-10-06 17:40:22,374 [WARN] ApiManager:308 - Cannot register API 'Data Exchange:lib_gnss' from pack STMicroelectronics.X-CUBE-GNSS1.6.0.0: no header file found
2024-10-06 17:40:22,381 [WARN] ApiManager:308 - Cannot register API 'Wireless:STM32WB05N' from pack STMicroelectronics.X-CUBE-WB05N.1.1.0: no header file found
2024-10-06 17:40:22,387 [WARN] ApiManager:308 - Cannot register API 'Board Extension:GNSS1A1' from pack STMicroelectronics.X-CUBE-GNSS1.7.0.0: no header file found
2024-10-06 17:40:22,387 [WARN] ApiManager:308 - Cannot register API 'Board Support:Custom' from pack STMicroelectronics.X-CUBE-GNSS1.7.0.0: no header file found
2024-10-06 17:40:22,387 [WARN] ApiManager:308 - Cannot register API 'Data Exchange:lib_gnss' from pack STMicroelectronics.X-CUBE-GNSS1.7.0.0: no header file found
2024-10-06 17:40:22,399 [WARN] ApiManager:308 - Cannot register API 'Board Extension:NFC06A1' from pack STMicroelectronics.X-CUBE-NFC6.3.1.0: no header file found
2024-10-06 17:40:22,400 [WARN] ApiManager:308 - Cannot register API 'Board Extension:NFC08A1' from pack STMicroelectronics.X-CUBE-NFC6.3.1.0: no header file found
2024-10-06 17:40:22,571 [WARN] ApiManager:308 - Cannot register API 'Board Extension:IKS01A3' from pack STMicroelectronics.X-CUBE-MEMS1.11.0.0: no header file found
2024-10-06 17:40:22,571 [WARN] ApiManager:308 - Cannot register API 'Board Extension:IKS02A1' from pack STMicroelectronics.X-CUBE-MEMS1.11.0.0: no header file found
2024-10-06 17:40:22,571 [WARN] ApiManager:308 - Cannot register API 'Board Extension:IKS4A1' from pack STMicroelectronics.X-CUBE-MEMS1.11.0.0: no header file found
2024-10-06 17:40:22,585 [INFO] RtosManager:488 - Registered RTOS mode: class=CMSIS, group=RTOS, mode=CMSIS_V1, owner=FREERTOS
2024-10-06 17:40:22,585 [INFO] RtosManager:488 - Registered RTOS mode: class=CMSIS, group=RTOS2, mode=CMSIS_V2, owner=FREERTOS
2024-10-06 17:40:22,585 [INFO] RtosManager:488 - Registered RTOS mode: class=RTOS, group=Core, mode=CMSIS_V1, owner=FREERTOS
2024-10-06 17:40:22,586 [INFO] RtosManager:488 - Registered RTOS mode: class=RTOS, group=Core, mode=CMSIS_V2, owner=FREERTOS
2024-10-06 17:40:22,586 [WARN] ModelIntegratedComponent:185 - Missing modes for component STMicroelectronics:FreeRTOS:0.0.1:STMicroelectronics:RTOS:FreeRTOS:Core:::10.2.0:
2024-10-06 17:40:22,588 [WARN] ApiManager:308 - Cannot register API 'Board Extension:STSAFEA1' from pack STMicroelectronics.X-CUBE-SAFEA1.1.2.2: no header file found
2024-10-06 17:40:22,589 [WARN] ApiManager:308 - Cannot register API 'Board Part:STSAFEA110' from pack STMicroelectronics.X-CUBE-SAFEA1.1.2.2: no header file found
2024-10-06 17:40:22,589 [WARN] ApiManager:308 - Cannot register API 'Security:ST_Cryptolib' from pack STMicroelectronics.X-CUBE-SAFEA1.1.2.2: no header file found
2024-10-06 17:40:22,589 [WARN] ApiManager:308 - Cannot register API 'Security:MbedTLS' from pack STMicroelectronics.X-CUBE-SAFEA1.1.2.2: no header file found
2024-10-06 17:40:22,591 [WARN] ApiManager:308 - Cannot register API 'Board Extension:NFC04A1' from pack STMicroelectronics.X-CUBE-NFC4.3.0.0: no header file found
2024-10-06 17:40:22,596 [WARN] ApiManager:308 - Cannot register API 'Board Extension:S2868A1' from pack STMicroelectronics.X-CUBE-SUBG2.5.0.0: no header file found
2024-10-06 17:40:22,596 [WARN] ApiManager:308 - Cannot register API 'Board Extension:S2868A2' from pack STMicroelectronics.X-CUBE-SUBG2.5.0.0: no header file found
2024-10-06 17:40:22,597 [WARN] ApiManager:308 - Cannot register API 'Board Extension:S2915A1' from pack STMicroelectronics.X-CUBE-SUBG2.5.0.0: no header file found
2024-10-06 17:40:22,603 [WARN] ApiManager:308 - Cannot register API 'Wireless:BlueNRG-MS' from pack STMicroelectronics.X-CUBE-BLE1.7.0.0: no header file found
2024-10-06 17:40:22,604 [WARN] ApiManager:308 - Cannot register API 'Board Extension:NFC10A1' from pack STMicroelectronics.X-CUBE-NFC10.1.0.0: no header file found
2024-10-06 17:40:22,605 [WARN] ApiManager:308 - Cannot register API 'Board Extension:EEPRMA2' from pack STMicroelectronics.X-CUBE-EEPRMA1.5.1.0: no header file found
2024-10-06 17:40:22,605 [WARN] ApiManager:308 - Cannot register API 'Board Extension:PGEEZ1' from pack STMicroelectronics.X-CUBE-EEPRMA1.5.1.0: no header file found
2024-10-06 17:40:22,605 [WARN] ApiManager:308 - Cannot register API 'Board Extension:EEICA1' from pack STMicroelectronics.X-CUBE-EEPRMA1.5.1.0: no header file found
2024-10-06 17:40:22,605 [WARN] ApiManager:308 - Cannot register API 'Board Part:M24' from pack STMicroelectronics.X-CUBE-EEPRMA1.5.1.0: no header file found
2024-10-06 17:40:22,606 [WARN] ApiManager:308 - Cannot register API 'Board Part:M95' from pack STMicroelectronics.X-CUBE-EEPRMA1.5.1.0: no header file found
2024-10-06 17:40:22,606 [WARN] ApiManager:308 - Cannot register API 'Board Part:M95P32' from pack STMicroelectronics.X-CUBE-EEPRMA1.5.1.0: no header file found
2024-10-06 17:40:22,606 [WARN] ApiManager:308 - Cannot register API 'Board Part:M24256E-F' from pack STMicroelectronics.X-CUBE-EEPRMA1.5.1.0: no header file found
2024-10-06 17:40:22,606 [WARN] ApiManager:308 - Cannot register API 'Board Part:M24M01E-F' from pack STMicroelectronics.X-CUBE-EEPRMA1.5.1.0: no header file found
2024-10-06 17:40:22,607 [WARN] ApiManager:308 - Cannot register API 'PGEEZ1:SPI' from pack STMicroelectronics.X-CUBE-EEPRMA1.5.1.0: no header file found
2024-10-06 17:40:22,607 [WARN] ApiManager:308 - Cannot register API 'PGEEZ1:QDSPI' from pack STMicroelectronics.X-CUBE-EEPRMA1.5.1.0: no header file found
2024-10-06 17:40:22,609 [WARN] ModelIntegratedComponent:64 - No mode defined for component null
2024-10-06 17:40:22,609 [WARN] ModelIntegratedComponent:64 - No mode defined for component null
2024-10-06 17:40:22,609 [WARN] ModelIntegratedComponent:64 - No mode defined for component null
2024-10-06 17:40:22,609 [WARN] ModelIntegratedComponent:64 - No mode defined for component null
2024-10-06 17:40:22,609 [WARN] ModelIntegratedComponent:64 - No mode defined for component null
2024-10-06 17:40:22,610 [WARN] ModelIntegratedComponent:64 - No mode defined for component null
2024-10-06 17:40:22,610 [WARN] ModelIntegratedComponent:64 - No mode defined for component null
2024-10-06 17:40:22,610 [WARN] ModelIntegratedComponent:64 - No mode defined for component null
2024-10-06 17:40:22,610 [WARN] ModelIntegratedComponent:64 - No mode defined for component null
2024-10-06 17:40:22,610 [WARN] ModelIntegratedComponent:64 - No mode defined for component null
2024-10-06 17:40:22,610 [WARN] ModelIntegratedComponent:64 - No mode defined for component null
2024-10-06 17:40:22,610 [WARN] ModelIntegratedComponent:64 - No mode defined for component null
2024-10-06 17:40:22,610 [WARN] ModelIntegratedComponent:64 - No mode defined for component null
2024-10-06 17:40:22,610 [WARN] ModelIntegratedComponent:64 - No mode defined for component null
2024-10-06 17:40:22,610 [WARN] ModelIntegratedComponent:64 - No mode defined for component null
2024-10-06 17:40:22,611 [WARN] ModelIntegratedComponent:64 - No mode defined for component null
2024-10-06 17:40:22,611 [WARN] ModelIntegratedComponent:64 - No mode defined for component null
2024-10-06 17:40:22,611 [WARN] ModelIntegratedComponent:64 - No mode defined for component null
2024-10-06 17:40:22,611 [WARN] ModelIntegratedComponent:64 - No mode defined for component null
2024-10-06 17:40:22,611 [WARN] ModelIntegratedComponent:64 - No mode defined for component null
2024-10-06 17:40:22,611 [WARN] ModelIntegratedComponent:64 - No mode defined for component null
2024-10-06 17:40:22,611 [WARN] ModelIntegratedComponent:64 - No mode defined for component null
2024-10-06 17:40:22,611 [WARN] ModelIntegratedComponent:64 - No mode defined for component null
2024-10-06 17:40:22,611 [WARN] ModelIntegratedComponent:64 - No mode defined for component null
2024-10-06 17:40:22,611 [WARN] ModelIntegratedComponent:64 - No mode defined for component null
2024-10-06 17:40:22,612 [WARN] ModelIntegratedComponent:64 - No mode defined for component null
2024-10-06 17:40:22,612 [WARN] ModelIntegratedComponent:64 - No mode defined for component null
2024-10-06 17:40:22,612 [WARN] ModelIntegratedComponent:64 - No mode defined for component null
2024-10-06 17:40:22,612 [WARN] ModelIntegratedComponent:64 - No mode defined for component null
2024-10-06 17:40:22,612 [WARN] ModelIntegratedComponent:64 - No mode defined for component null
2024-10-06 17:40:22,612 [WARN] ModelIntegratedComponent:64 - No mode defined for component null
2024-10-06 17:40:22,612 [WARN] ModelIntegratedComponent:64 - No mode defined for component null
2024-10-06 17:40:22,612 [WARN] ModelIntegratedComponent:64 - No mode defined for component null
2024-10-06 17:40:22,698 [WARN] ApiManager:308 - Cannot register API 'Board Extension:IKS01A3' from pack STMicroelectronics.X-CUBE-MEMS1.10.0.0: no header file found
2024-10-06 17:40:22,698 [WARN] ApiManager:308 - Cannot register API 'Board Extension:IKS02A1' from pack STMicroelectronics.X-CUBE-MEMS1.10.0.0: no header file found
2024-10-06 17:40:22,698 [WARN] ApiManager:308 - Cannot register API 'Board Extension:IKS4A1' from pack STMicroelectronics.X-CUBE-MEMS1.10.0.0: no header file found
2024-10-06 17:40:22,710 [WARN] ApiManager:308 - Cannot register API 'Board Extension:NFC07A1' from pack STMicroelectronics.X-CUBE-NFC7.1.0.1: no header file found
2024-10-06 17:40:22,730 [WARN] ApiManager:308 - Cannot register API 'Board Extension:S2868A1' from pack STMicroelectronics.X-CUBE-SFXS2LP1.4.0.0: no header file found
2024-10-06 17:40:22,730 [WARN] ApiManager:308 - Cannot register API 'Board Extension:S2868A2' from pack STMicroelectronics.X-CUBE-SFXS2LP1.4.0.0: no header file found
2024-10-06 17:40:22,731 [WARN] ApiManager:308 - Cannot register API 'Board Extension:S2915A1' from pack STMicroelectronics.X-CUBE-SFXS2LP1.4.0.0: no header file found
2024-10-06 17:40:22,732 [WARN] ApiManager:308 - Cannot register API 'Wireless:BlueNRG-2' from pack STMicroelectronics.X-CUBE-BLE2.3.3.0: no header file found
2024-10-06 17:40:22,754 [INFO] ThirdPartyModel:289 - Start build external matchings
2024-10-06 17:40:23,555 [INFO] ThirdPartyModel:302 - End build external matchings
2024-10-06 17:40:23,850 [INFO] UtilMem:74 - End LoadConfig() Used Memory: 611928888 Bytes (799014912)
2024-10-06 17:40:23,978 [INFO] ApiDb:576 - Connected to CubeFinder SQLite database (C:\Users\User\.stmcufinder\plugins\mcufinder\mcu\cube-finder-db.db)
2024-10-06 17:40:24,107 [INFO] ApiDb:663 - CubeFinder database Data Model version=2.1
2024-10-06 17:40:24,107 [INFO] ApiDb:664 - CubeFinder database Configuration version=3.0.39
2024-10-06 17:40:24,107 [INFO] ApiDb:665 - CubeFinder database generation date=2024-09-16 (1726485674)
2024-10-06 17:40:24,107 [INFO] ApiDb:666 - CubeFinder database FW Pack versions=[FP-ATR-ASTRA1_V2.0.0, FP-SNS-FLIGHT1_V5.0.2, FP-SNS-MOTENV1_V5.0.0, FP-SNS-MOTENVWB1_V1.4.0, FP-SNS-SMARTAG2_V1.2.0, FP-SNS-STBOX1_V2.0.0, STM32Cube_FW_C0_V1.2.0, STM32Cube_FW_F4_V1.28.1, STM32Cube_FW_F7_V1.17.2, STM32Cube_FW_G0_V1.6.2, STM32Cube_FW_G4_V1.6.0, STM32Cube_FW_H5_V1.3.0, STM32Cube_FW_H7RS_V1.1.0, STM32Cube_FW_H7_V1.11.2, STM32Cube_FW_L0_V1.12.2, STM32Cube_FW_L5_V1.5.1, STM32Cube_FW_U0_V1.1.0, STM32Cube_FW_U5_V1.6.0, STM32Cube_FW_WB0_V1.0.0, STM32Cube_FW_WBA_V1.4.1, STM32Cube_FW_WB_V1.20.0, STM32Cube_FW_WL_V1.3.0, X-CUBE-ALGOBUILD_V1.4.0, X-CUBE-ALS_V1.0.2, X-CUBE-AZRTOS-F4_V1.1.0, X-CUBE-AZRTOS-F7_V1.1.0, X-CUBE-AZRTOS-G0_V1.1.0, X-CUBE-AZRTOS-G4_V2.0.0, X-CUBE-AZRTOS-H7RS_V1.0.0, X-CUBE-AZRTOS-H7_V3.2.0, X-CUBE-AZRTOS-L4_V2.0.0, X-CUBE-AZRTOS-L5_V2.0.0, X-CUBE-AZRTOS-WB_V2.0.0, X-CUBE-AZRTOS-WL_V2.0.0, X-CUBE-BLE1_V7.0.0, X-CUBE-BLE2_V3.3.0, X-CUBE-BLEMGR_V3.1.0, X-CUBE-EEPRMA1_V5.1.0, X-CUBE-FREERTOS_V1.2.0, X-CUBE-GNSS1_V6.0.0, X-CUBE-MEMS1_V11.0.0, X-CUBE-NFC4_V3.0.0, X-CUBE-NFC7_V1.0.1, X-CUBE-SFXS2LP1_V4.0.0, X-CUBE-SUBG2_V5.0.0, X-CUBE-TOF1_V3.4.2]
2024-10-06 17:40:26,923 [INFO] ApiDb:239 - Found 138 in-development CPN: [B-WB1M-WPAN1, NUCLEO-C031C6, STEVAL-STWINBX1, STM320518-EVAL, STM32C0116-DK, STM32C011D6Y3TR, STM32C011D6Y6TR, STM32C011F4P3, STM32C011F4P6, STM32C011F4U3, STM32C011F4U6TR, STM32C011F6P3, STM32C011F6P6, STM32C011F6U3, STM32C011F6U6TR, STM32C011J4M3, STM32C011J4M6, STM32C011J6M3, STM32C011J6M6, STM32C0316-DK, STM32C031C4T3, STM32C031C4T6, STM32C031C4U3, STM32C031C4U6, STM32C031C6T3, STM32C031C6T6, STM32C031C6U3, STM32C031C6U6, STM32C031F4P3, STM32C031F4P6, STM32C031F6P3, STM32C031F6P6, STM32C031G4U3, STM32C031G4U6, STM32C031G6U3, STM32C031G6U6, STM32C031K4T3, STM32C031K4T6, STM32C031K4U3, STM32C031K4U6, STM32C031K6T3, STM32C031K6T6, STM32C031K6U3, STM32C031K6U6, STM32G071K8TXN, STM32G071K8UXN, STM32G081GBU6N, STM32G081KBT6N, STM32G081KBUXN, STM32G0B1CCT6N, STM32G0B1KCT6, STM32G0B1NEY6TR, STM32G0B1RCT6N, STM32G0C1CCT6, STM32G0C1CCT6N, STM32G0C1CCU6N, STM32G0C1CET6N, STM32G0C1CEU6N, STM32G0C1KCT6, STM32G0C1NEY6TR, STM32G0C1RCI6N, STM32G0C1RCT6N, STM32G0C1REI6N, STM32G0C1RET6N, STM32G0C1VCI6, STM32G0C1VEI6, STM32G471CCT6, STM32G471CCU6, STM32G471CET3, STM32G471CET6, STM32G471CEU3, STM32G471CEU6, STM32G471MCT6, STM32G471MET3, STM32G471MET6, STM32G471MEY6TR, STM32G471QCT6, STM32G471QET3, STM32G471RCT6, STM32G471RET3, STM32G471RET6, STM32G471VCH6, STM32G471VCI6, STM32G471VCT6, STM32G471VEH3, STM32G471VEH6, STM32G471VEI3, STM32G471VEI6, STM32G471VET3, STM32G471VET6, STM32G474CCT6, STM32L476VGY6PTR, STM32L4R5QGI6STR, STM32MP131AAE3, STM32MP131AAF3, STM32MP131AAG3, STM32MP131CAE3, STM32MP131CAF3, STM32MP131CAG3, STM32MP131DAE7, STM32MP131DAF7, STM32MP131DAG7, STM32MP131FAE7, STM32MP131FAF7, STM32MP131FAG7, STM32MP133AAE3, STM32MP133AAF3, STM32MP133AAG3, STM32MP133CAE3, STM32MP133CAF3, STM32MP133CAG3, STM32MP133DAE7, STM32MP133DAF7, STM32MP133DAG7, STM32MP133FAE7, STM32MP133FAF7, STM32MP133FAG7, STM32MP135AAE3, STM32MP135AAF3, STM32MP135AAG3, STM32MP135CAE3, STM32MP135CAF3, STM32MP135CAG3, STM32MP135DAE7, STM32MP135DAF7, STM32MP135DAG7, STM32MP135F-DK, STM32MP135FAE7, STM32MP135FAF7, STM32MP135FAG7, STM32U595ZJT6Q, STM32U599BJY6QTR, STM32U599NIH6Q, STM32U599NJH6Q, STM32U5A5ZJT6Q, STM32U5A9BJY6QTR, STM32U5A9NJH6Q, STM32WB1MMCH6]
2024-10-06 17:40:26,927 [INFO] DbMcus:215 - Found 4178 MCUs, 4178 are supported
2024-10-06 17:40:26,930 [INFO] ApiDb:418 - Load user favorites file C:\Users\User/.stm32cubeide/favorites.mcus.txt: 0 item(s)
2024-10-06 17:40:26,930 [INFO] ApiDb:422 - User favorites MCUs=[]
2024-10-06 17:40:26,930 [INFO] DbMcus:221 - Set 0 / 0 favorites MCUs
2024-10-06 17:40:27,086 [WARN] ThirdParty:789 - waiting for thirdparty lock release [change project]
2024-10-06 17:40:27,086 [INFO] ThirdParty:791 - entering critical section [change project]
2024-10-06 17:40:27,086 [INFO] ThirdParty:981 - CMSIS Pack Vendor :STMicroelectronics X-CUBE-AZRTOS-H7 3.3.0
2024-10-06 17:40:27,087 [INFO] ThirdParty:981 - CMSIS Pack Vendor :STMicroelectronics X-CUBE-NFC9 1.0.0
2024-10-06 17:40:27,087 [INFO] ThirdParty:981 - CMSIS Pack Vendor :STMicroelectronics X-CUBE-GNSS1 6.0.0
2024-10-06 17:40:27,087 [INFO] ThirdParty:981 - CMSIS Pack Vendor :STMicroelectronics USB_HOST 2.0.0
2024-10-06 17:40:27,087 [INFO] ThirdParty:981 - CMSIS Pack Vendor :STMicroelectronics FP-SNS-MOTENVWB1 1.4.0
2024-10-06 17:40:27,087 [INFO] ThirdParty:981 - CMSIS Pack Vendor :STMicroelectronics X-CUBE-AZRTOS-F4 1.1.0
2024-10-06 17:40:27,087 [INFO] ThirdParty:981 - CMSIS Pack Vendor :STMicroelectronics LIBJPEG 8.0.0
2024-10-06 17:40:27,087 [INFO] ThirdParty:981 - CMSIS Pack Vendor :STMicroelectronics X-CUBE-SMBUS 2.1.0
2024-10-06 17:40:27,087 [INFO] ThirdParty:981 - CMSIS Pack Vendor :STMicroelectronics X-CUBE-WB05N 1.1.0
2024-10-06 17:40:27,087 [INFO] ThirdParty:981 - CMSIS Pack Vendor :STMicroelectronics USB_DEVICE 3.0.0
2024-10-06 17:40:27,087 [INFO] ThirdParty:981 - CMSIS Pack Vendor :STMicroelectronics X-CUBE-TCPP 4.1.0
2024-10-06 17:40:27,087 [INFO] ThirdParty:981 - CMSIS Pack Vendor :STMicroelectronics X-CUBE-ISPU 2.1.0
2024-10-06 17:40:27,087 [INFO] ThirdParty:981 - CMSIS Pack Vendor :STMicroelectronics X-CUBE-FREERTOS 1.2.0
2024-10-06 17:40:27,088 [INFO] ThirdParty:981 - CMSIS Pack Vendor :STMicroelectronics X-CUBE-AZRTOS-WB 2.0.0
2024-10-06 17:40:27,088 [INFO] ThirdParty:981 - CMSIS Pack Vendor :STMicroelectronics X-CUBE-GNSS1 7.0.0
2024-10-06 17:40:27,088 [INFO] ThirdParty:981 - CMSIS Pack Vendor :STMicroelectronics X-CUBE-TOUCHGFX 4.23.2
2024-10-06 17:40:27,088 [INFO] ThirdParty:981 - CMSIS Pack Vendor :STMicroelectronics X-CUBE-AZRTOS-F7 1.1.0
2024-10-06 17:40:27,088 [INFO] ThirdParty:981 - CMSIS Pack Vendor :STMicroelectronics X-CUBE-AZRTOS-L5 2.0.0
2024-10-06 17:40:27,088 [INFO] ThirdParty:981 - CMSIS Pack Vendor :STMicroelectronics USB_DEVICE 2.0.0
2024-10-06 17:40:27,088 [INFO] ThirdParty:981 - CMSIS Pack Vendor :STMicroelectronics X-CUBE-NFC6 3.1.0
2024-10-06 17:40:27,088 [INFO] ThirdParty:981 - CMSIS Pack Vendor :STMicroelectronics X-CUBE-ALGOBUILD 1.3.0
2024-10-06 17:40:27,088 [INFO] ThirdParty:981 - CMSIS Pack Vendor :STMicroelectronics X-CUBE-MEMS1 11.0.0
2024-10-06 17:40:27,089 [INFO] ThirdParty:981 - CMSIS Pack Vendor :STMicroelectronics FreeRTOS 0.0.1
2024-10-06 17:40:27,089 [INFO] ThirdParty:981 - CMSIS Pack Vendor :STMicroelectronics X-CUBE-AZRTOS-G0 1.1.0
2024-10-06 17:40:27,089 [INFO] ThirdParty:981 - CMSIS Pack Vendor :STMicroelectronics X-CUBE-SAFEA1 1.2.2
2024-10-06 17:40:27,089 [INFO] ThirdParty:981 - CMSIS Pack Vendor :STMicroelectronics X-CUBE-NFC4 3.0.0
2024-10-06 17:40:27,089 [INFO] ThirdParty:981 - CMSIS Pack Vendor :STMicroelectronics X-CUBE-SUBG2 5.0.0
2024-10-06 17:40:27,089 [INFO] ThirdParty:981 - CMSIS Pack Vendor :STMicroelectronics STM32_WPAN 1.0.0
2024-10-06 17:40:27,089 [INFO] ThirdParty:981 - CMSIS Pack Vendor :wolfSSL I-CUBE-wolfMQTT 1.18.0
2024-10-06 17:40:27,089 [INFO] ThirdParty:981 - CMSIS Pack Vendor :STMicroelectronics lwIP 2.0.3
2024-10-06 17:40:27,089 [INFO] ThirdParty:981 - CMSIS Pack Vendor :STMicroelectronics FP-SNS-FLIGHT1 5.0.2
2024-10-06 17:40:27,089 [INFO] ThirdParty:981 - CMSIS Pack Vendor :STMicroelectronics USB_HOST 1.0.0
2024-10-06 17:40:27,089 [INFO] ThirdParty:981 - CMSIS Pack Vendor :STMicroelectronics X-CUBE-AI 9.0.0
2024-10-06 17:40:27,089 [INFO] ThirdParty:981 - CMSIS Pack Vendor :STMicroelectronics X-CUBE-AZRTOS-G4 2.0.0
2024-10-06 17:40:27,089 [INFO] ThirdParty:981 - CMSIS Pack Vendor :STMicroelectronics PDM2PCM 3.1.0
2024-10-06 17:40:27,090 [INFO] ThirdParty:981 - CMSIS Pack Vendor :STMicroelectronics PDM2PCM 3.3.0
2024-10-06 17:40:27,090 [INFO] ThirdParty:981 - CMSIS Pack Vendor :STMicroelectronics X-CUBE-DISPLAY 3.0.0
2024-10-06 17:40:27,090 [INFO] ThirdParty:981 - CMSIS Pack Vendor :wolfSSL I-CUBE-wolfSSL 5.7.0
2024-10-06 17:40:27,090 [INFO] ThirdParty:981 - CMSIS Pack Vendor :STMicroelectronics X-CUBE-BLE1 7.0.0
2024-10-06 17:40:27,090 [INFO] ThirdParty:981 - CMSIS Pack Vendor :STMicroelectronics FP-ATR-SIGFOX1 3.2.0
2024-10-06 17:40:27,090 [INFO] ThirdParty:981 - CMSIS Pack Vendor :STMicroelectronics X-CUBE-NFC10 1.0.0
2024-10-06 17:40:27,090 [INFO] ThirdParty:981 - CMSIS Pack Vendor :STMicroelectronics X-CUBE-ISPU 2.0.0
2024-10-06 17:40:27,090 [INFO] ThirdParty:981 - CMSIS Pack Vendor :STMicroelectronics X-CUBE-EEPRMA1 5.1.0
2024-10-06 17:40:27,090 [INFO] ThirdParty:981 - CMSIS Pack Vendor :STMicroelectronics HAL Drivers 0.0.0
2024-10-06 17:40:27,090 [INFO] ThirdParty:981 - CMSIS Pack Vendor :STMicroelectronics MBEDTLS 2.16.2
2024-10-06 17:40:27,090 [INFO] ThirdParty:981 - CMSIS Pack Vendor :STMicroelectronics X-CUBE-ALS 1.0.2
2024-10-06 17:40:27,090 [INFO] ThirdParty:981 - CMSIS Pack Vendor :emotas I-CUBE-CANOPEN 1.3.0
2024-10-06 17:40:27,090 [INFO] ThirdParty:981 - CMSIS Pack Vendor :STMicroelectronics X-CUBE-MEMS1 10.0.0
2024-10-06 17:40:27,090 [INFO] ThirdParty:981 - CMSIS Pack Vendor :STMicroelectronics X-CUBE-NFC7 1.0.1
2024-10-06 17:40:27,090 [INFO] ThirdParty:981 - CMSIS Pack Vendor :STMicroelectronics MBEDTLS 2.14.1
2024-10-06 17:40:27,090 [INFO] ThirdParty:981 - CMSIS Pack Vendor :STMicroelectronics X-CUBE-TOUCHGFX 4.24.0
2024-10-06 17:40:27,090 [INFO] ThirdParty:981 - CMSIS Pack Vendor :ITTIA_DB I-CUBE-ITTIADB 8.9.0
2024-10-06 17:40:27,090 [INFO] ThirdParty:981 - CMSIS Pack Vendor :wolfSSL I-CUBE-wolfTPM 3.2.0
2024-10-06 17:40:27,090 [INFO] ThirdParty:981 - CMSIS Pack Vendor :STMicroelectronics X-CUBE-TOUCHGFX 4.24.1
2024-10-06 17:40:27,090 [INFO] ThirdParty:981 - CMSIS Pack Vendor :portGmbH I-Cube-SoM-uGOAL 1.1.0
2024-10-06 17:40:27,090 [INFO] ThirdParty:981 - CMSIS Pack Vendor :STMicroelectronics X-CUBE-ALS 1.0.1
2024-10-06 17:40:27,091 [INFO] ThirdParty:981 - CMSIS Pack Vendor :STMicroelectronics X-CUBE-BLEMGR 3.1.0
2024-10-06 17:40:27,091 [INFO] ThirdParty:981 - CMSIS Pack Vendor :STMicroelectronics ThreadX 1.0.0
2024-10-06 17:40:27,091 [INFO] ThirdParty:981 - CMSIS Pack Vendor :STMicroelectronics FP-SNS-SMARTAG2 1.2.0
2024-10-06 17:40:27,091 [INFO] ThirdParty:981 - CMSIS Pack Vendor :STMicroelectronics X-CUBE-AZRTOS-WL 2.0.0
2024-10-06 17:40:27,091 [INFO] ThirdParty:981 - CMSIS Pack Vendor :SEGGER I-CUBE-embOS 1.3.1
2024-10-06 17:40:27,091 [INFO] ThirdParty:981 - CMSIS Pack Vendor :STMicroelectronics X-CUBE-ALGOBUILD 1.4.0
2024-10-06 17:40:27,091 [INFO] ThirdParty:981 - CMSIS Pack Vendor :STMicroelectronics FP-SNS-MOTENV1 5.0.0
2024-10-06 17:40:27,091 [INFO] ThirdParty:981 - CMSIS Pack Vendor :STMicroelectronics USB_DEVICE 1.0.0
2024-10-06 17:40:27,091 [INFO] ThirdParty:981 - CMSIS Pack Vendor :STMicroelectronics X-CUBE-AZRTOS-H7RS 1.0.0
2024-10-06 17:40:27,091 [INFO] ThirdParty:981 - CMSIS Pack Vendor :wolfSSL I-CUBE-wolfMQTT 1.19.0
2024-10-06 17:40:27,091 [INFO] ThirdParty:981 - CMSIS Pack Vendor :STMicroelectronics X-CUBE-AZRTOS-L4 2.0.0
2024-10-06 17:40:27,091 [INFO] ThirdParty:981 - CMSIS Pack Vendor :STMicroelectronics ThreadX 0.0.2
2024-10-06 17:40:27,091 [INFO] ThirdParty:981 - CMSIS Pack Vendor :WES I-CUBE-Cesium 1.3.0
2024-10-06 17:40:27,091 [INFO] ThirdParty:981 - CMSIS Pack Vendor :STMicroelectronics FP-ATR-ASTRA1 2.0.0
2024-10-06 17:40:27,091 [INFO] ThirdParty:981 - CMSIS Pack Vendor :STMicroelectronics lwIP 2.1.2
2024-10-06 17:40:27,092 [INFO] ThirdParty:981 - CMSIS Pack Vendor :STMicroelectronics X-CUBE-SFXS2LP1 4.0.0
2024-10-06 17:40:27,092 [INFO] ThirdParty:981 - CMSIS Pack Vendor :STMicroelectronics X-CUBE-BLE2 3.3.0
2024-10-06 17:40:27,092 [INFO] ThirdParty:981 - CMSIS Pack Vendor :STMicroelectronics X-CUBE-AI 9.1.0
2024-10-06 17:40:27,092 [INFO] ThirdParty:981 - CMSIS Pack Vendor :STMicroelectronics X-CUBE-TOF1 3.4.1
2024-10-06 17:40:27,092 [INFO] ThirdParty:981 - CMSIS Pack Vendor :STMicroelectronics X-CUBE-AZRTOS-H7 3.2.0
2024-10-06 17:40:27,092 [INFO] ThirdParty:981 - CMSIS Pack Vendor :Infineon AIROC-Wi-Fi-Bluetooth-STM32 1.6.0
2024-10-06 17:40:27,092 [INFO] ThirdParty:981 - CMSIS Pack Vendor :STMicroelectronics PDM2PCM 3.2.0
2024-10-06 17:40:27,092 [INFO] ThirdParty:981 - CMSIS Pack Vendor :wolfSSL I-CUBE-wolfSSH 1.4.17
2024-10-06 17:40:27,092 [INFO] ThirdParty:797 - exiting critical section [change project]
2024-10-06 17:40:27,465 [INFO] PinOutPanel:1468 - setPackage(No Configuration,No Configuration)
2024-10-06 17:40:27,467 [INFO] PinOutPanel:1468 - setPackage(STM32F103C6Tx,LQFP48)
2024-10-06 17:40:29,111 [INFO] UtilMem:74 - Before build in PCC Used Memory: 604506112 Bytes (799014912)
2024-10-06 17:40:31,101 [INFO] UtilMem:74 - After build in PCC Used Memory: 670840288 Bytes (799014912)
2024-10-06 17:40:31,133 [INFO] IPUIPlugin:79 - create IPUIPlugin
2024-10-06 17:40:31,133 [INFO] IPUIPlugin:79 - create IPUIPlugin
2024-10-06 17:40:31,133 [INFO] IPUIPlugin:79 - create IPUIPlugin
2024-10-06 17:40:31,133 [INFO] IPUIPlugin:79 - create IPUIPlugin
2024-10-06 17:40:31,134 [INFO] IPUIPlugin:79 - create IPUIPlugin
2024-10-06 17:40:31,134 [INFO] IPUIPlugin:79 - create IPUIPlugin
2024-10-06 17:40:31,134 [INFO] IPUIPlugin:79 - create IPUIPlugin
2024-10-06 17:40:31,134 [INFO] IPUIPlugin:79 - create IPUIPlugin
2024-10-06 17:40:31,134 [INFO] IPUIPlugin:79 - create IPUIPlugin
2024-10-06 17:40:31,136 [INFO] IPUIPlugin:79 - create IPUIPlugin
2024-10-06 17:40:31,136 [INFO] IPUIPlugin:79 - create IPUIPlugin
2024-10-06 17:40:31,136 [INFO] IPUIPlugin:79 - create IPUIPlugin
2024-10-06 17:40:31,136 [INFO] IPUIPlugin:79 - create IPUIPlugin
2024-10-06 17:40:31,137 [INFO] IPUIPlugin:79 - create IPUIPlugin
2024-10-06 17:40:31,137 [INFO] IPUIPlugin:79 - create IPUIPlugin
2024-10-06 17:40:31,137 [INFO] IPUIPlugin:79 - create IPUIPlugin
2024-10-06 17:40:31,138 [INFO] IPUIPlugin:79 - create IPUIPlugin
2024-10-06 17:40:31,138 [INFO] IPUIPlugin:79 - create IPUIPlugin
2024-10-06 17:40:31,139 [INFO] IPUIPlugin:79 - create IPUIPlugin
2024-10-06 17:40:31,139 [INFO] IPUIPlugin:79 - create IPUIPlugin
2024-10-06 17:40:31,139 [INFO] IPUIPlugin:79 - create IPUIPlugin
2024-10-06 17:40:31,140 [INFO] IPUIPlugin:79 - create IPUIPlugin
2024-10-06 17:40:31,140 [INFO] IPUIPlugin:79 - create IPUIPlugin
2024-10-06 17:40:31,480 [INFO] OpenFileManager:327 - Restore cursor
2024-10-06 17:57:55,834 [INFO] MainUpdater:2768 - connection check result : 10
2024-10-06 17:57:55,835 [INFO] MainUpdater:2768 - connection check result : 10
2024-10-06 17:57:55,851 [INFO] MicroXplorer:451 - Change Database Path : 
2024-10-06 17:57:55,851 [INFO] MicroXplorer:481 - Change Database Version : DB.6.0.60
2024-10-06 17:57:55,884 [WARN] ThirdParty:827 - waiting for thirdparty lock release [close project]
2024-10-06 17:57:55,885 [INFO] ThirdParty:829 - entering critical section [close project]
2024-10-06 17:57:55,885 [INFO] ThirdParty:839 - exiting critical section [close project]
2024-10-06 17:57:55,886 [INFO] PinOutPanel:1468 - setPackage(No Configuration,No Configuration)
2024-10-06 17:57:55,900 [INFO] UtilMem:74 - Begin LoadConfig() Used Memory: 684457248 Bytes (799014912)
2024-10-06 17:57:55,901 [INFO] MicroXplorer:451 - Change Database Path : 
2024-10-06 17:57:55,901 [INFO] MicroXplorer:481 - Change Database Version : DB.6.0.60
2024-10-06 17:57:55,901 [INFO] OpenFileManager:307 - Change cursor
2024-10-06 17:57:55,921 [INFO] Mcu:1922 - Initializing MCU STM32F103C(4-6)Tx STM32F103C6Tx STM32F103C6T6A
2024-10-06 17:57:56,955 [INFO] Context:654 - Trying to add GPIOservice into a context  which must be forbidden
2024-10-06 17:57:57,203 [WARN] ApiManager:308 - Cannot register API 'Board Extension:NFC09A1' from pack STMicroelectronics.X-CUBE-NFC9.1.0.0: no header file found
2024-10-06 17:57:57,205 [WARN] ApiManager:308 - Cannot register API 'Board Extension:GNSS1A1' from pack STMicroelectronics.X-CUBE-GNSS1.6.0.0: no header file found
2024-10-06 17:57:57,205 [WARN] ApiManager:308 - Cannot register API 'Board Support:Custom' from pack STMicroelectronics.X-CUBE-GNSS1.6.0.0: no header file found
2024-10-06 17:57:57,206 [WARN] ApiManager:308 - Cannot register API 'Data Exchange:lib_gnss' from pack STMicroelectronics.X-CUBE-GNSS1.6.0.0: no header file found
2024-10-06 17:57:57,214 [WARN] ApiManager:308 - Cannot register API 'Wireless:STM32WB05N' from pack STMicroelectronics.X-CUBE-WB05N.1.1.0: no header file found
2024-10-06 17:57:57,218 [WARN] ApiManager:308 - Cannot register API 'Board Extension:GNSS1A1' from pack STMicroelectronics.X-CUBE-GNSS1.7.0.0: no header file found
2024-10-06 17:57:57,218 [WARN] ApiManager:308 - Cannot register API 'Board Support:Custom' from pack STMicroelectronics.X-CUBE-GNSS1.7.0.0: no header file found
2024-10-06 17:57:57,218 [WARN] ApiManager:308 - Cannot register API 'Data Exchange:lib_gnss' from pack STMicroelectronics.X-CUBE-GNSS1.7.0.0: no header file found
2024-10-06 17:57:57,223 [WARN] ApiManager:308 - Cannot register API 'Board Extension:NFC06A1' from pack STMicroelectronics.X-CUBE-NFC6.3.1.0: no header file found
2024-10-06 17:57:57,223 [WARN] ApiManager:308 - Cannot register API 'Board Extension:NFC08A1' from pack STMicroelectronics.X-CUBE-NFC6.3.1.0: no header file found
2024-10-06 17:57:57,345 [WARN] ApiManager:308 - Cannot register API 'Board Extension:IKS01A3' from pack STMicroelectronics.X-CUBE-MEMS1.11.0.0: no header file found
2024-10-06 17:57:57,345 [WARN] ApiManager:308 - Cannot register API 'Board Extension:IKS02A1' from pack STMicroelectronics.X-CUBE-MEMS1.11.0.0: no header file found
2024-10-06 17:57:57,345 [WARN] ApiManager:308 - Cannot register API 'Board Extension:IKS4A1' from pack STMicroelectronics.X-CUBE-MEMS1.11.0.0: no header file found
2024-10-06 17:57:57,352 [INFO] RtosManager:488 - Registered RTOS mode: class=CMSIS, group=RTOS, mode=CMSIS_V1, owner=FREERTOS
2024-10-06 17:57:57,352 [INFO] RtosManager:488 - Registered RTOS mode: class=CMSIS, group=RTOS2, mode=CMSIS_V2, owner=FREERTOS
2024-10-06 17:57:57,352 [INFO] RtosManager:488 - Registered RTOS mode: class=RTOS, group=Core, mode=CMSIS_V1, owner=FREERTOS
2024-10-06 17:57:57,352 [INFO] RtosManager:488 - Registered RTOS mode: class=RTOS, group=Core, mode=CMSIS_V2, owner=FREERTOS
2024-10-06 17:57:57,353 [WARN] ModelIntegratedComponent:185 - Missing modes for component STMicroelectronics:FreeRTOS:0.0.1:STMicroelectronics:RTOS:FreeRTOS:Core:::10.2.0:
2024-10-06 17:57:57,355 [WARN] ApiManager:308 - Cannot register API 'Board Extension:STSAFEA1' from pack STMicroelectronics.X-CUBE-SAFEA1.1.2.2: no header file found
2024-10-06 17:57:57,355 [WARN] ApiManager:308 - Cannot register API 'Board Part:STSAFEA110' from pack STMicroelectronics.X-CUBE-SAFEA1.1.2.2: no header file found
2024-10-06 17:57:57,355 [WARN] ApiManager:308 - Cannot register API 'Security:ST_Cryptolib' from pack STMicroelectronics.X-CUBE-SAFEA1.1.2.2: no header file found
2024-10-06 17:57:57,355 [WARN] ApiManager:308 - Cannot register API 'Security:MbedTLS' from pack STMicroelectronics.X-CUBE-SAFEA1.1.2.2: no header file found
2024-10-06 17:57:57,357 [WARN] ApiManager:308 - Cannot register API 'Board Extension:NFC04A1' from pack STMicroelectronics.X-CUBE-NFC4.3.0.0: no header file found
2024-10-06 17:57:57,359 [WARN] ApiManager:308 - Cannot register API 'Board Extension:S2868A1' from pack STMicroelectronics.X-CUBE-SUBG2.5.0.0: no header file found
2024-10-06 17:57:57,360 [WARN] ApiManager:308 - Cannot register API 'Board Extension:S2868A2' from pack STMicroelectronics.X-CUBE-SUBG2.5.0.0: no header file found
2024-10-06 17:57:57,360 [WARN] ApiManager:308 - Cannot register API 'Board Extension:S2915A1' from pack STMicroelectronics.X-CUBE-SUBG2.5.0.0: no header file found
2024-10-06 17:57:57,364 [WARN] ApiManager:308 - Cannot register API 'Wireless:BlueNRG-MS' from pack STMicroelectronics.X-CUBE-BLE1.7.0.0: no header file found
2024-10-06 17:57:57,365 [WARN] ApiManager:308 - Cannot register API 'Board Extension:NFC10A1' from pack STMicroelectronics.X-CUBE-NFC10.1.0.0: no header file found
2024-10-06 17:57:57,367 [WARN] ApiManager:308 - Cannot register API 'Board Extension:EEPRMA2' from pack STMicroelectronics.X-CUBE-EEPRMA1.5.1.0: no header file found
2024-10-06 17:57:57,367 [WARN] ApiManager:308 - Cannot register API 'Board Extension:PGEEZ1' from pack STMicroelectronics.X-CUBE-EEPRMA1.5.1.0: no header file found
2024-10-06 17:57:57,367 [WARN] ApiManager:308 - Cannot register API 'Board Extension:EEICA1' from pack STMicroelectronics.X-CUBE-EEPRMA1.5.1.0: no header file found
2024-10-06 17:57:57,367 [WARN] ApiManager:308 - Cannot register API 'Board Part:M24' from pack STMicroelectronics.X-CUBE-EEPRMA1.5.1.0: no header file found
2024-10-06 17:57:57,367 [WARN] ApiManager:308 - Cannot register API 'Board Part:M95' from pack STMicroelectronics.X-CUBE-EEPRMA1.5.1.0: no header file found
2024-10-06 17:57:57,367 [WARN] ApiManager:308 - Cannot register API 'Board Part:M95P32' from pack STMicroelectronics.X-CUBE-EEPRMA1.5.1.0: no header file found
2024-10-06 17:57:57,367 [WARN] ApiManager:308 - Cannot register API 'Board Part:M24256E-F' from pack STMicroelectronics.X-CUBE-EEPRMA1.5.1.0: no header file found
2024-10-06 17:57:57,367 [WARN] ApiManager:308 - Cannot register API 'Board Part:M24M01E-F' from pack STMicroelectronics.X-CUBE-EEPRMA1.5.1.0: no header file found
2024-10-06 17:57:57,368 [WARN] ApiManager:308 - Cannot register API 'PGEEZ1:SPI' from pack STMicroelectronics.X-CUBE-EEPRMA1.5.1.0: no header file found
2024-10-06 17:57:57,368 [WARN] ApiManager:308 - Cannot register API 'PGEEZ1:QDSPI' from pack STMicroelectronics.X-CUBE-EEPRMA1.5.1.0: no header file found
2024-10-06 17:57:57,368 [WARN] ModelIntegratedComponent:64 - No mode defined for component null
2024-10-06 17:57:57,368 [WARN] ModelIntegratedComponent:64 - No mode defined for component null
2024-10-06 17:57:57,368 [WARN] ModelIntegratedComponent:64 - No mode defined for component null
2024-10-06 17:57:57,369 [WARN] ModelIntegratedComponent:64 - No mode defined for component null
2024-10-06 17:57:57,369 [WARN] ModelIntegratedComponent:64 - No mode defined for component null
2024-10-06 17:57:57,369 [WARN] ModelIntegratedComponent:64 - No mode defined for component null
2024-10-06 17:57:57,369 [WARN] ModelIntegratedComponent:64 - No mode defined for component null
2024-10-06 17:57:57,369 [WARN] ModelIntegratedComponent:64 - No mode defined for component null
2024-10-06 17:57:57,369 [WARN] ModelIntegratedComponent:64 - No mode defined for component null
2024-10-06 17:57:57,369 [WARN] ModelIntegratedComponent:64 - No mode defined for component null
2024-10-06 17:57:57,369 [WARN] ModelIntegratedComponent:64 - No mode defined for component null
2024-10-06 17:57:57,369 [WARN] ModelIntegratedComponent:64 - No mode defined for component null
2024-10-06 17:57:57,370 [WARN] ModelIntegratedComponent:64 - No mode defined for component null
2024-10-06 17:57:57,370 [WARN] ModelIntegratedComponent:64 - No mode defined for component null
2024-10-06 17:57:57,370 [WARN] ModelIntegratedComponent:64 - No mode defined for component null
2024-10-06 17:57:57,370 [WARN] ModelIntegratedComponent:64 - No mode defined for component null
2024-10-06 17:57:57,370 [WARN] ModelIntegratedComponent:64 - No mode defined for component null
2024-10-06 17:57:57,370 [WARN] ModelIntegratedComponent:64 - No mode defined for component null
2024-10-06 17:57:57,370 [WARN] ModelIntegratedComponent:64 - No mode defined for component null
2024-10-06 17:57:57,370 [WARN] ModelIntegratedComponent:64 - No mode defined for component null
2024-10-06 17:57:57,370 [WARN] ModelIntegratedComponent:64 - No mode defined for component null
2024-10-06 17:57:57,370 [WARN] ModelIntegratedComponent:64 - No mode defined for component null
2024-10-06 17:57:57,371 [WARN] ModelIntegratedComponent:64 - No mode defined for component null
2024-10-06 17:57:57,371 [WARN] ModelIntegratedComponent:64 - No mode defined for component null
2024-10-06 17:57:57,371 [WARN] ModelIntegratedComponent:64 - No mode defined for component null
2024-10-06 17:57:57,371 [WARN] ModelIntegratedComponent:64 - No mode defined for component null
2024-10-06 17:57:57,371 [WARN] ModelIntegratedComponent:64 - No mode defined for component null
2024-10-06 17:57:57,371 [WARN] ModelIntegratedComponent:64 - No mode defined for component null
2024-10-06 17:57:57,371 [WARN] ModelIntegratedComponent:64 - No mode defined for component null
2024-10-06 17:57:57,371 [WARN] ModelIntegratedComponent:64 - No mode defined for component null
2024-10-06 17:57:57,371 [WARN] ModelIntegratedComponent:64 - No mode defined for component null
2024-10-06 17:57:57,371 [WARN] ModelIntegratedComponent:64 - No mode defined for component null
2024-10-06 17:57:57,372 [WARN] ModelIntegratedComponent:64 - No mode defined for component null
2024-10-06 17:57:57,483 [WARN] ApiManager:308 - Cannot register API 'Board Extension:IKS01A3' from pack STMicroelectronics.X-CUBE-MEMS1.10.0.0: no header file found
2024-10-06 17:57:57,484 [WARN] ApiManager:308 - Cannot register API 'Board Extension:IKS02A1' from pack STMicroelectronics.X-CUBE-MEMS1.10.0.0: no header file found
2024-10-06 17:57:57,484 [WARN] ApiManager:308 - Cannot register API 'Board Extension:IKS4A1' from pack STMicroelectronics.X-CUBE-MEMS1.10.0.0: no header file found
2024-10-06 17:57:57,491 [WARN] ApiManager:308 - Cannot register API 'Board Extension:NFC07A1' from pack STMicroelectronics.X-CUBE-NFC7.1.0.1: no header file found
2024-10-06 17:57:57,503 [WARN] ApiManager:308 - Cannot register API 'Board Extension:S2868A1' from pack STMicroelectronics.X-CUBE-SFXS2LP1.4.0.0: no header file found
2024-10-06 17:57:57,503 [WARN] ApiManager:308 - Cannot register API 'Board Extension:S2868A2' from pack STMicroelectronics.X-CUBE-SFXS2LP1.4.0.0: no header file found
2024-10-06 17:57:57,503 [WARN] ApiManager:308 - Cannot register API 'Board Extension:S2915A1' from pack STMicroelectronics.X-CUBE-SFXS2LP1.4.0.0: no header file found
2024-10-06 17:57:57,504 [WARN] ApiManager:308 - Cannot register API 'Wireless:BlueNRG-2' from pack STMicroelectronics.X-CUBE-BLE2.3.3.0: no header file found
2024-10-06 17:57:57,546 [INFO] ThirdPartyModel:289 - Start build external matchings
2024-10-06 17:57:58,481 [INFO] ThirdPartyModel:302 - End build external matchings
2024-10-06 17:57:58,683 [INFO] UtilMem:74 - End LoadConfig() Used Memory: 669494568 Bytes (799014912)
2024-10-06 17:57:58,720 [WARN] ThirdParty:789 - waiting for thirdparty lock release [change project]
2024-10-06 17:57:58,721 [INFO] ThirdParty:791 - entering critical section [change project]
2024-10-06 17:57:58,721 [INFO] ThirdParty:981 - CMSIS Pack Vendor :STMicroelectronics X-CUBE-AZRTOS-H7 3.3.0
2024-10-06 17:57:58,721 [INFO] ThirdParty:981 - CMSIS Pack Vendor :STMicroelectronics X-CUBE-NFC9 1.0.0
2024-10-06 17:57:58,721 [INFO] ThirdParty:981 - CMSIS Pack Vendor :STMicroelectronics X-CUBE-GNSS1 6.0.0
2024-10-06 17:57:58,721 [INFO] ThirdParty:981 - CMSIS Pack Vendor :STMicroelectronics USB_HOST 2.0.0
2024-10-06 17:57:58,721 [INFO] ThirdParty:981 - CMSIS Pack Vendor :STMicroelectronics FP-SNS-MOTENVWB1 1.4.0
2024-10-06 17:57:58,721 [INFO] ThirdParty:981 - CMSIS Pack Vendor :STMicroelectronics X-CUBE-AZRTOS-F4 1.1.0
2024-10-06 17:57:58,722 [INFO] ThirdParty:981 - CMSIS Pack Vendor :STMicroelectronics LIBJPEG 8.0.0
2024-10-06 17:57:58,722 [INFO] ThirdParty:981 - CMSIS Pack Vendor :STMicroelectronics X-CUBE-SMBUS 2.1.0
2024-10-06 17:57:58,722 [INFO] ThirdParty:981 - CMSIS Pack Vendor :STMicroelectronics X-CUBE-WB05N 1.1.0
2024-10-06 17:57:58,725 [INFO] ThirdParty:981 - CMSIS Pack Vendor :STMicroelectronics USB_DEVICE 3.0.0
2024-10-06 17:57:58,725 [INFO] ThirdParty:981 - CMSIS Pack Vendor :STMicroelectronics X-CUBE-TCPP 4.1.0
2024-10-06 17:57:58,725 [INFO] ThirdParty:981 - CMSIS Pack Vendor :STMicroelectronics X-CUBE-ISPU 2.1.0
2024-10-06 17:57:58,725 [INFO] ThirdParty:981 - CMSIS Pack Vendor :STMicroelectronics X-CUBE-FREERTOS 1.2.0
2024-10-06 17:57:58,725 [INFO] ThirdParty:981 - CMSIS Pack Vendor :STMicroelectronics X-CUBE-AZRTOS-WB 2.0.0
2024-10-06 17:57:58,726 [INFO] ThirdParty:981 - CMSIS Pack Vendor :STMicroelectronics X-CUBE-GNSS1 7.0.0
2024-10-06 17:57:58,726 [INFO] ThirdParty:981 - CMSIS Pack Vendor :STMicroelectronics X-CUBE-TOUCHGFX 4.23.2
2024-10-06 17:57:58,726 [INFO] ThirdParty:981 - CMSIS Pack Vendor :STMicroelectronics X-CUBE-AZRTOS-F7 1.1.0
2024-10-06 17:57:58,726 [INFO] ThirdParty:981 - CMSIS Pack Vendor :STMicroelectronics X-CUBE-AZRTOS-L5 2.0.0
2024-10-06 17:57:58,726 [INFO] ThirdParty:981 - CMSIS Pack Vendor :STMicroelectronics USB_DEVICE 2.0.0
2024-10-06 17:57:58,726 [INFO] ThirdParty:981 - CMSIS Pack Vendor :STMicroelectronics X-CUBE-NFC6 3.1.0
2024-10-06 17:57:58,726 [INFO] ThirdParty:981 - CMSIS Pack Vendor :STMicroelectronics X-CUBE-ALGOBUILD 1.3.0
2024-10-06 17:57:58,727 [INFO] ThirdParty:981 - CMSIS Pack Vendor :STMicroelectronics X-CUBE-MEMS1 11.0.0
2024-10-06 17:57:58,727 [INFO] ThirdParty:981 - CMSIS Pack Vendor :STMicroelectronics FreeRTOS 0.0.1
2024-10-06 17:57:58,727 [INFO] ThirdParty:981 - CMSIS Pack Vendor :STMicroelectronics X-CUBE-AZRTOS-G0 1.1.0
2024-10-06 17:57:58,727 [INFO] ThirdParty:981 - CMSIS Pack Vendor :STMicroelectronics X-CUBE-SAFEA1 1.2.2
2024-10-06 17:57:58,727 [INFO] ThirdParty:981 - CMSIS Pack Vendor :STMicroelectronics X-CUBE-NFC4 3.0.0
2024-10-06 17:57:58,727 [INFO] ThirdParty:981 - CMSIS Pack Vendor :STMicroelectronics X-CUBE-SUBG2 5.0.0
2024-10-06 17:57:58,729 [INFO] ThirdParty:981 - CMSIS Pack Vendor :STMicroelectronics STM32_WPAN 1.0.0
2024-10-06 17:57:58,729 [INFO] ThirdParty:981 - CMSIS Pack Vendor :wolfSSL I-CUBE-wolfMQTT 1.18.0
2024-10-06 17:57:58,729 [INFO] ThirdParty:981 - CMSIS Pack Vendor :STMicroelectronics lwIP 2.0.3
2024-10-06 17:57:58,729 [INFO] ThirdParty:981 - CMSIS Pack Vendor :STMicroelectronics FP-SNS-FLIGHT1 5.0.2
2024-10-06 17:57:58,729 [INFO] ThirdParty:981 - CMSIS Pack Vendor :STMicroelectronics USB_HOST 1.0.0
2024-10-06 17:57:58,729 [INFO] ThirdParty:981 - CMSIS Pack Vendor :STMicroelectronics X-CUBE-AI 9.0.0
2024-10-06 17:57:58,730 [INFO] ThirdParty:981 - CMSIS Pack Vendor :STMicroelectronics X-CUBE-AZRTOS-G4 2.0.0
2024-10-06 17:57:58,730 [INFO] ThirdParty:981 - CMSIS Pack Vendor :STMicroelectronics PDM2PCM 3.1.0
2024-10-06 17:57:58,730 [INFO] ThirdParty:981 - CMSIS Pack Vendor :STMicroelectronics PDM2PCM 3.3.0
2024-10-06 17:57:58,730 [INFO] ThirdParty:981 - CMSIS Pack Vendor :STMicroelectronics X-CUBE-DISPLAY 3.0.0
2024-10-06 17:57:58,730 [INFO] ThirdParty:981 - CMSIS Pack Vendor :wolfSSL I-CUBE-wolfSSL 5.7.0
2024-10-06 17:57:58,730 [INFO] ThirdParty:981 - CMSIS Pack Vendor :STMicroelectronics X-CUBE-BLE1 7.0.0
2024-10-06 17:57:58,730 [INFO] ThirdParty:981 - CMSIS Pack Vendor :STMicroelectronics FP-ATR-SIGFOX1 3.2.0
2024-10-06 17:57:58,730 [INFO] ThirdParty:981 - CMSIS Pack Vendor :STMicroelectronics X-CUBE-NFC10 1.0.0
2024-10-06 17:57:58,730 [INFO] ThirdParty:981 - CMSIS Pack Vendor :STMicroelectronics X-CUBE-ISPU 2.0.0
2024-10-06 17:57:58,730 [INFO] ThirdParty:981 - CMSIS Pack Vendor :STMicroelectronics X-CUBE-EEPRMA1 5.1.0
2024-10-06 17:57:58,730 [INFO] ThirdParty:981 - CMSIS Pack Vendor :STMicroelectronics HAL Drivers 0.0.0
2024-10-06 17:57:58,731 [INFO] ThirdParty:981 - CMSIS Pack Vendor :STMicroelectronics MBEDTLS 2.16.2
2024-10-06 17:57:58,731 [INFO] ThirdParty:981 - CMSIS Pack Vendor :STMicroelectronics X-CUBE-ALS 1.0.2
2024-10-06 17:57:58,731 [INFO] ThirdParty:981 - CMSIS Pack Vendor :emotas I-CUBE-CANOPEN 1.3.0
2024-10-06 17:57:58,731 [INFO] ThirdParty:981 - CMSIS Pack Vendor :STMicroelectronics X-CUBE-MEMS1 10.0.0
2024-10-06 17:57:58,731 [INFO] ThirdParty:981 - CMSIS Pack Vendor :STMicroelectronics X-CUBE-NFC7 1.0.1
2024-10-06 17:57:58,731 [INFO] ThirdParty:981 - CMSIS Pack Vendor :STMicroelectronics MBEDTLS 2.14.1
2024-10-06 17:57:58,731 [INFO] ThirdParty:981 - CMSIS Pack Vendor :STMicroelectronics X-CUBE-TOUCHGFX 4.24.0
2024-10-06 17:57:58,731 [INFO] ThirdParty:981 - CMSIS Pack Vendor :ITTIA_DB I-CUBE-ITTIADB 8.9.0
2024-10-06 17:57:58,731 [INFO] ThirdParty:981 - CMSIS Pack Vendor :wolfSSL I-CUBE-wolfTPM 3.2.0
2024-10-06 17:57:58,731 [INFO] ThirdParty:981 - CMSIS Pack Vendor :STMicroelectronics X-CUBE-TOUCHGFX 4.24.1
2024-10-06 17:57:58,731 [INFO] ThirdParty:981 - CMSIS Pack Vendor :portGmbH I-Cube-SoM-uGOAL 1.1.0
2024-10-06 17:57:58,732 [INFO] ThirdParty:981 - CMSIS Pack Vendor :STMicroelectronics X-CUBE-ALS 1.0.1
2024-10-06 17:57:58,732 [INFO] ThirdParty:981 - CMSIS Pack Vendor :STMicroelectronics X-CUBE-BLEMGR 3.1.0
2024-10-06 17:57:58,732 [INFO] ThirdParty:981 - CMSIS Pack Vendor :STMicroelectronics ThreadX 1.0.0
2024-10-06 17:57:58,732 [INFO] ThirdParty:981 - CMSIS Pack Vendor :STMicroelectronics FP-SNS-SMARTAG2 1.2.0
2024-10-06 17:57:58,732 [INFO] ThirdParty:981 - CMSIS Pack Vendor :STMicroelectronics X-CUBE-AZRTOS-WL 2.0.0
2024-10-06 17:57:58,732 [INFO] ThirdParty:981 - CMSIS Pack Vendor :SEGGER I-CUBE-embOS 1.3.1
2024-10-06 17:57:58,732 [INFO] ThirdParty:981 - CMSIS Pack Vendor :STMicroelectronics X-CUBE-ALGOBUILD 1.4.0
2024-10-06 17:57:58,732 [INFO] ThirdParty:981 - CMSIS Pack Vendor :STMicroelectronics FP-SNS-MOTENV1 5.0.0
2024-10-06 17:57:58,732 [INFO] ThirdParty:981 - CMSIS Pack Vendor :STMicroelectronics USB_DEVICE 1.0.0
2024-10-06 17:57:58,732 [INFO] ThirdParty:981 - CMSIS Pack Vendor :STMicroelectronics X-CUBE-AZRTOS-H7RS 1.0.0
2024-10-06 17:57:58,733 [INFO] ThirdParty:981 - CMSIS Pack Vendor :wolfSSL I-CUBE-wolfMQTT 1.19.0
2024-10-06 17:57:58,733 [INFO] ThirdParty:981 - CMSIS Pack Vendor :STMicroelectronics X-CUBE-AZRTOS-L4 2.0.0
2024-10-06 17:57:58,733 [INFO] ThirdParty:981 - CMSIS Pack Vendor :STMicroelectronics ThreadX 0.0.2
2024-10-06 17:57:58,733 [INFO] ThirdParty:981 - CMSIS Pack Vendor :WES I-CUBE-Cesium 1.3.0
2024-10-06 17:57:58,733 [INFO] ThirdParty:981 - CMSIS Pack Vendor :STMicroelectronics FP-ATR-ASTRA1 2.0.0
2024-10-06 17:57:58,733 [INFO] ThirdParty:981 - CMSIS Pack Vendor :STMicroelectronics lwIP 2.1.2
2024-10-06 17:57:58,733 [INFO] ThirdParty:981 - CMSIS Pack Vendor :STMicroelectronics X-CUBE-SFXS2LP1 4.0.0
2024-10-06 17:57:58,733 [INFO] ThirdParty:981 - CMSIS Pack Vendor :STMicroelectronics X-CUBE-BLE2 3.3.0
2024-10-06 17:57:58,733 [INFO] ThirdParty:981 - CMSIS Pack Vendor :STMicroelectronics X-CUBE-AI 9.1.0
2024-10-06 17:57:58,733 [INFO] ThirdParty:981 - CMSIS Pack Vendor :STMicroelectronics X-CUBE-TOF1 3.4.1
2024-10-06 17:57:58,734 [INFO] ThirdParty:981 - CMSIS Pack Vendor :STMicroelectronics X-CUBE-AZRTOS-H7 3.2.0
2024-10-06 17:57:58,734 [INFO] ThirdParty:981 - CMSIS Pack Vendor :Infineon AIROC-Wi-Fi-Bluetooth-STM32 1.6.0
2024-10-06 17:57:58,734 [INFO] ThirdParty:981 - CMSIS Pack Vendor :STMicroelectronics PDM2PCM 3.2.0
2024-10-06 17:57:58,734 [INFO] ThirdParty:981 - CMSIS Pack Vendor :wolfSSL I-CUBE-wolfSSH 1.4.17
2024-10-06 17:57:58,734 [INFO] ThirdParty:797 - exiting critical section [change project]
2024-10-06 17:57:58,932 [INFO] PinOutPanel:1468 - setPackage(No Configuration,No Configuration)
2024-10-06 17:57:58,933 [INFO] PinOutPanel:1468 - setPackage(STM32F103C6Tx,LQFP48)
2024-10-06 17:57:59,219 [INFO] UtilMem:74 - Before build in PCC Used Memory: 655382016 Bytes (799014912)
2024-10-06 17:57:59,578 [INFO] UtilMem:74 - After build in PCC Used Memory: 655019520 Bytes (799014912)
2024-10-06 17:57:59,594 [INFO] IPUIPlugin:79 - create IPUIPlugin
2024-10-06 17:57:59,594 [INFO] IPUIPlugin:79 - create IPUIPlugin
2024-10-06 17:57:59,595 [INFO] IPUIPlugin:79 - create IPUIPlugin
2024-10-06 17:57:59,595 [INFO] IPUIPlugin:79 - create IPUIPlugin
2024-10-06 17:57:59,595 [INFO] IPUIPlugin:79 - create IPUIPlugin
2024-10-06 17:57:59,595 [INFO] IPUIPlugin:79 - create IPUIPlugin
2024-10-06 17:57:59,595 [INFO] IPUIPlugin:79 - create IPUIPlugin
2024-10-06 17:57:59,595 [INFO] IPUIPlugin:79 - create IPUIPlugin
2024-10-06 17:57:59,595 [INFO] IPUIPlugin:79 - create IPUIPlugin
2024-10-06 17:57:59,596 [INFO] IPUIPlugin:79 - create IPUIPlugin
2024-10-06 17:57:59,596 [INFO] IPUIPlugin:79 - create IPUIPlugin
2024-10-06 17:57:59,596 [INFO] IPUIPlugin:79 - create IPUIPlugin
2024-10-06 17:57:59,596 [INFO] IPUIPlugin:79 - create IPUIPlugin
2024-10-06 17:57:59,596 [INFO] IPUIPlugin:79 - create IPUIPlugin
2024-10-06 17:57:59,596 [INFO] IPUIPlugin:79 - create IPUIPlugin
2024-10-06 17:57:59,596 [INFO] IPUIPlugin:79 - create IPUIPlugin
2024-10-06 17:57:59,596 [INFO] IPUIPlugin:79 - create IPUIPlugin
2024-10-06 17:57:59,597 [INFO] IPUIPlugin:79 - create IPUIPlugin
2024-10-06 17:57:59,597 [INFO] IPUIPlugin:79 - create IPUIPlugin
2024-10-06 17:57:59,597 [INFO] IPUIPlugin:79 - create IPUIPlugin
2024-10-06 17:57:59,597 [INFO] IPUIPlugin:79 - create IPUIPlugin
2024-10-06 17:57:59,598 [INFO] IPUIPlugin:79 - create IPUIPlugin
2024-10-06 17:57:59,598 [INFO] IPUIPlugin:79 - create IPUIPlugin
2024-10-06 17:57:59,694 [INFO] OpenFileManager:327 - Restore cursor
2024-10-06 17:58:13,426 [INFO] Gpio:272 - dependency for GPIO []
2024-10-06 17:58:46,649 [INFO] UtilMem:74 - End SaveConfig() Used Memory: 691485928 Bytes (799014912)
2024-10-06 17:58:48,272 [INFO] UtilMem:74 - End SaveConfig() Used Memory: 621366856 Bytes (799014912)
2024-10-06 17:58:51,709 [INFO] UtilMem:74 - End SaveConfig() Used Memory: 670560672 Bytes (799014912)
2024-10-06 17:58:52,657 [INFO] BlockDiagram:2753 - set Specific Code input for plugin: NVIC
2024-10-06 17:58:52,658 [INFO] BlockDiagram:2753 - set Specific Code input for plugin: SYS
2024-10-06 17:58:52,658 [INFO] BlockDiagram:2753 - set Specific Code input for plugin: GPIO
2024-10-06 17:58:52,658 [INFO] BlockDiagram:2753 - set Specific Code input for plugin: RCC
2024-10-06 17:58:52,658 [INFO] BlockDiagram:2753 - set Specific Code input for plugin: TIM1_8F1
2024-10-06 17:58:52,660 [INFO] CodeGenerator:690 - code generatio: config db path: D:\BKRA\KEIL C test\STM32CubeIDE_1.10.1\STM32CubeIDE\plugins\com.st.stm32cube.common.mx_6.6.1.202207061420\\db\
2024-10-06 17:58:53,385 [INFO] CodeEngine:245 - oldGeneratedFile, D:\BKU\Year 3\VXL-VDK\git3\lab3\MXTmpFiles\license.tmp_save
2024-10-06 17:58:54,123 [INFO] CodeEngine:269 - Generated code: D:\BKU\Year 3\VXL-VDK\git3\lab3\MXTmpFiles\license.tmp
2024-10-06 17:58:54,479 [INFO] CodeEngine:245 - oldGeneratedFile, D:\BKU\Year 3\VXL-VDK\git3\lab3\MXTmpFiles\gpio.tmp_save
2024-10-06 17:58:54,717 [INFO] CodeEngine:269 - Generated code: D:\BKU\Year 3\VXL-VDK\git3\lab3\MXTmpFiles\gpio.tmp
2024-10-06 17:58:55,006 [INFO] CodeEngine:245 - oldGeneratedFile, D:\BKU\Year 3\VXL-VDK\git3\lab3\Core\Src\stm32f1xx_it.c_save
2024-10-06 17:58:55,258 [INFO] CodeEngine:269 - Generated code: D:\BKU\Year 3\VXL-VDK\git3\lab3\Core\Src\stm32f1xx_it.c
2024-10-06 17:58:55,265 [INFO] CodeEngine:245 - oldGeneratedFile, D:\BKU\Year 3\VXL-VDK\git3\lab3\Core\Inc\stm32f1xx_it.h_save
2024-10-06 17:58:55,399 [INFO] CodeEngine:269 - Generated code: D:\BKU\Year 3\VXL-VDK\git3\lab3\Core\Inc\stm32f1xx_it.h
2024-10-06 17:58:55,413 [INFO] CodeEngine:245 - oldGeneratedFile, D:\BKU\Year 3\VXL-VDK\git3\lab3\Core\Src\stm32f1xx_hal_msp.c_save
2024-10-06 17:58:55,645 [INFO] CodeEngine:269 - Generated code: D:\BKU\Year 3\VXL-VDK\git3\lab3\Core\Src\stm32f1xx_hal_msp.c
2024-10-06 17:58:55,651 [INFO] CodeEngine:245 - oldGeneratedFile, D:\BKU\Year 3\VXL-VDK\git3\lab3\MXTmpFiles\system.tmp_save
2024-10-06 17:58:55,810 [INFO] CodeEngine:269 - Generated code: D:\BKU\Year 3\VXL-VDK\git3\lab3\MXTmpFiles\system.tmp
2024-10-06 17:58:55,820 [INFO] CodeEngine:245 - oldGeneratedFile, D:\BKU\Year 3\VXL-VDK\git3\lab3\Core\Inc\stm32f1xx_hal_conf.h_save
2024-10-06 17:58:55,968 [INFO] CodeEngine:269 - Generated code: D:\BKU\Year 3\VXL-VDK\git3\lab3\Core\Inc\stm32f1xx_hal_conf.h
2024-10-06 17:58:55,999 [WARN] IPConfigManager:3348 - IP not found : TIM
2024-10-06 17:58:56,000 [WARN] CodeGenerator:3567 - IP not found : null
2024-10-06 17:58:56,009 [INFO] CodeEngine:245 - oldGeneratedFile, D:\BKU\Year 3\VXL-VDK\git3\lab3\Core\Inc\main.h_save
2024-10-06 17:58:56,149 [INFO] CodeEngine:269 - Generated code: D:\BKU\Year 3\VXL-VDK\git3\lab3\Core\Inc\main.h
2024-10-06 17:58:56,156 [INFO] CodeEngine:245 - oldGeneratedFile, D:\BKU\Year 3\VXL-VDK\git3\lab3\Core\Src\main.c_save
2024-10-06 17:58:56,440 [INFO] CodeEngine:269 - Generated code: D:\BKU\Year 3\VXL-VDK\git3\lab3\Core\Src\main.c
2024-10-06 17:58:58,232 [INFO] ProjectBuilder:2919 - Time for Copy HAL[1] : 376mS.
2024-10-06 17:58:58,256 [INFO] ProjectBuilder:4117 - Project Generator version: 3.17.1
2024-10-06 17:58:59,046 [INFO] ConfigFileManager:1394 - The Die is : DIE412
2024-10-06 17:58:59,065 [INFO] ApiDbMcu:505 - Load IP Config File for FATFS
2024-10-06 17:58:59,072 [INFO] ApiDbMcu:505 - Load IP Config File for FREERTOS
2024-10-06 17:58:59,079 [INFO] ApiDbMcu:505 - Load IP Config File for USB_DEVICE
2024-10-06 17:59:01,873 [INFO] ProjectBuilder:4285 - Time for Generating toolchain IDE Files: 3614mS.
2024-10-06 17:59:01,874 [INFO] ProjectBuilder:2790 - Time for Copy CMSIS : 0mS.
2024-10-06 17:59:01,877 [INFO] ProjectBuilder:2790 - Time for Copy CMSIS : 0mS.
2024-10-06 22:58:46,338 [INFO] Activator:177 - 


2024-10-06 22:58:46,340 [INFO] Activator:178 - !SESSION log4j initialized
2024-10-06 22:59:24,453 [ERROR] LogOutputStream:74 - [STDERR_REDIRECT] SLF4J: Failed to load class "org.slf4j.impl.StaticLoggerBinder".
2024-10-06 22:59:24,456 [ERROR] LogOutputStream:74 - [STDERR_REDIRECT] SLF4J: Defaulting to no-operation (NOP) logger implementation
2024-10-06 22:59:24,465 [ERROR] LogOutputStream:74 - [STDERR_REDIRECT] SLF4J: See http://www.slf4j.org/codes.html#StaticLoggerBinder for further details.
2024-10-06 23:13:52,315 [INFO] McuFinderGlobals:44 - Set McuFinder mode to 2 (CubeIDE integrated)
2024-10-06 23:13:52,658 [INFO] ApplicationProperties:181 - Using Application install path: D:\BKRA\KEIL C test\STM32CubeIDE_1.10.1\STM32CubeIDE\plugins\com.st.stm32cube.common.mx_6.6.1.202207061420
2024-10-06 23:13:52,704 [INFO] DbMcusXml:77 - Set database path to: D:\BKRA\KEIL C test\STM32CubeIDE_1.10.1\STM32CubeIDE\plugins\com.st.stm32cube.common.mx_6.6.1.202207061420\\db\/mcu/
2024-10-06 23:13:52,706 [INFO] ApiDb:269 - Set plugin database path to: D:\BKRA\KEIL C test\STM32CubeIDE_1.10.1\STM32CubeIDE\plugins\com.st.stm32cube.common.mx_6.6.1.202207061420\\db\/plugins/boardmanager/
2024-10-06 23:13:52,711 [WARN] ApiDb:254 - Overriding images path with different value:  => D:\BKRA\KEIL C test\STM32CubeIDE_1.10.1\STM32CubeIDE\plugins\com.st.stm32cube.common.mx_6.6.1.202207061420\\db\/plugins/mcufinder/images/
2024-10-06 23:13:52,747 [INFO] ApiDb:249 - Set database path to: C:\Users\User\.stmcufinder\plugins\mcufinder//mcu/
2024-10-06 23:13:52,751 [INFO] DbMcusAds:124 - Set database path to: C:\Users\User\.stmcufinder\plugins\mcufinder//mcu/
2024-10-06 23:13:53,544 [INFO] CrossReferenceDbSqlite:201 - Set database path to: C:\Users\User\.stmcufinder\plugins\mcufinder//mcu/cs/
2024-10-06 23:13:53,794 [INFO] RulesReader:61 - Compatibility file has been processed (282 Rules)
2024-10-06 23:13:53,966 [INFO] DbMcusXml:77 - Set database path to: D:\BKRA\KEIL C test\STM32CubeIDE_1.10.1\STM32CubeIDE\plugins\com.st.stm32cube.common.mx_6.6.1.202207061420\\db\/mcu/
2024-10-06 23:13:53,966 [INFO] ApiDb:269 - Set plugin database path to: D:\BKRA\KEIL C test\STM32CubeIDE_1.10.1\STM32CubeIDE\plugins\com.st.stm32cube.common.mx_6.6.1.202207061420\\db\/plugins/boardmanager/
2024-10-06 23:13:53,967 [INFO] ApiDb:256 - Set plugin images path to: D:\BKRA\KEIL C test\STM32CubeIDE_1.10.1\STM32CubeIDE\plugins\com.st.stm32cube.common.mx_6.6.1.202207061420\\db\/plugins/mcufinder/images/
2024-10-06 23:13:53,968 [WARN] DbFile:40 - Overriding database path with different value: C:\Users\User\.stmcufinder\plugins\mcufinder/ => C:\Users\User\.stmcufinder\plugins\mcufinder
2024-10-06 23:13:53,969 [INFO] ApiDb:249 - Set database path to: C:\Users\User\.stmcufinder\plugins\mcufinder//mcu/
2024-10-06 23:13:53,969 [WARN] DbFile:40 - Overriding database path with different value: C:\Users\User\.stmcufinder\plugins\mcufinder/ => C:\Users\User\.stmcufinder\plugins\mcufinder
2024-10-06 23:13:53,970 [INFO] DbMcusAds:124 - Set database path to: C:\Users\User\.stmcufinder\plugins\mcufinder//mcu/
2024-10-06 23:13:53,971 [WARN] DbFile:40 - Overriding database path with different value: C:\Users\User\.stmcufinder\plugins\mcufinder/ => C:\Users\User\.stmcufinder\plugins\mcufinder
2024-10-06 23:13:53,972 [WARN] DbFile:40 - Overriding database path with different value: C:\Users\User\.stmcufinder\plugins\mcufinder/ => C:\Users\User\.stmcufinder\plugins\mcufinder
2024-10-06 23:13:54,541 [INFO] CrossReferenceDbSqlite:201 - Set database path to: C:\Users\User\.stmcufinder\plugins\mcufinder//mcu/cs/
2024-10-06 23:13:54,713 [INFO] MainPanel:242 - HeapMemory: 603979776
2024-10-06 23:13:54,909 [INFO] DbMcusXml:77 - Set database path to: D:\BKRA\KEIL C test\STM32CubeIDE_1.10.1\STM32CubeIDE\plugins\com.st.stm32cube.common.mx_6.6.1.202207061420\\db\/mcu/
2024-10-06 23:13:54,910 [INFO] ApiDb:269 - Set plugin database path to: D:\BKRA\KEIL C test\STM32CubeIDE_1.10.1\STM32CubeIDE\plugins\com.st.stm32cube.common.mx_6.6.1.202207061420\\db\/plugins/boardmanager/
2024-10-06 23:13:54,910 [INFO] ApiDb:256 - Set plugin images path to: D:\BKRA\KEIL C test\STM32CubeIDE_1.10.1\STM32CubeIDE\plugins\com.st.stm32cube.common.mx_6.6.1.202207061420\\db\/plugins/mcufinder/images/
2024-10-06 23:13:54,911 [WARN] DbFile:40 - Overriding database path with different value: C:\Users\User\.stmcufinder\plugins\mcufinder/ => C:\Users\User\.stmcufinder\plugins\mcufinder
2024-10-06 23:13:54,912 [INFO] ApiDb:249 - Set database path to: C:\Users\User\.stmcufinder\plugins\mcufinder//mcu/
2024-10-06 23:13:54,912 [WARN] DbFile:40 - Overriding database path with different value: C:\Users\User\.stmcufinder\plugins\mcufinder/ => C:\Users\User\.stmcufinder\plugins\mcufinder
2024-10-06 23:13:54,912 [INFO] DbMcusAds:124 - Set database path to: C:\Users\User\.stmcufinder\plugins\mcufinder//mcu/
2024-10-06 23:13:54,912 [WARN] DbFile:40 - Overriding database path with different value: C:\Users\User\.stmcufinder\plugins\mcufinder/ => C:\Users\User\.stmcufinder\plugins\mcufinder
2024-10-06 23:13:54,912 [WARN] DbFile:40 - Overriding database path with different value: C:\Users\User\.stmcufinder\plugins\mcufinder/ => C:\Users\User\.stmcufinder\plugins\mcufinder
2024-10-06 23:13:55,531 [INFO] CrossReferenceDbSqlite:201 - Set database path to: C:\Users\User\.stmcufinder\plugins\mcufinder//mcu/cs/
2024-10-06 23:13:55,574 [INFO] ApplicationProperties:181 - Using Application install path: D:\BKRA\KEIL C test\STM32CubeIDE_1.10.1\STM32CubeIDE\plugins\com.st.stm32cube.common.mx_6.6.1.202207061420
2024-10-06 23:13:55,576 [INFO] PluginManage:193 - Search for loadable plugins [exclusion list=, ]
2024-10-06 23:13:55,580 [INFO] PluginManage:307 - Check plugin analytics
2024-10-06 23:13:56,715 [INFO] AnalyticsPlugin:262 - Accepted Software Licenses: STM32CubeMX.6.12.0
2024-10-06 23:13:56,716 [INFO] AnalyticsPlugin:264 - Accepted CMSIS Pack Licenses: 
2024-10-06 23:13:56,717 [INFO] AnalyticsPlugin:266 - Accepted Firmware Licenses: FW.F4.1.28.0
2024-10-06 23:13:56,744 [INFO] PluginManage:356 - Loaded plugin analytics (category:tool,tabindex:-1)
2024-10-06 23:13:56,745 [INFO] PluginManage:307 - Check plugin cadmodel
2024-10-06 23:13:56,753 [INFO] CADModel:65 - Init CAD model plugin
2024-10-06 23:13:56,753 [INFO] PluginManage:356 - Loaded plugin cadmodel (category:power,tabindex:5)
2024-10-06 23:13:56,754 [INFO] PluginManage:307 - Check plugin clock
2024-10-06 23:13:56,779 [INFO] PluginManage:356 - Loaded plugin clock (category:base,tabindex:2)
2024-10-06 23:13:56,779 [INFO] PluginManage:307 - Check plugin ddr
2024-10-06 23:13:56,786 [INFO] PluginManage:356 - Loaded plugin ddr (category:tool,tabindex:6)
2024-10-06 23:13:56,786 [INFO] PluginManage:307 - Check plugin filemanager
2024-10-06 23:13:57,124 [INFO] PluginManage:356 - Loaded plugin filemanager (category:base,tabindex:10)
2024-10-06 23:13:57,124 [INFO] PluginManage:307 - Check plugin ipmanager
2024-10-06 23:13:57,144 [INFO] PluginManage:356 - Loaded plugin ipmanager (category:base,tabindex:5)
2024-10-06 23:13:57,145 [INFO] PluginManage:307 - Check plugin lpbam
2024-10-06 23:13:57,167 [INFO] PluginManage:356 - Loaded plugin lpbam (category:base,tabindex:0)
2024-10-06 23:13:57,168 [INFO] PluginManage:307 - Check plugin pinoutandconfiguration
2024-10-06 23:13:57,194 [INFO] PluginManage:356 - Loaded plugin pinoutandconfiguration (category:base,tabindex:1)
2024-10-06 23:13:57,195 [INFO] PluginManage:307 - Check plugin pinoutconfig
2024-10-06 23:13:57,276 [INFO] PluginManage:356 - Loaded plugin pinoutconfig (category:base,tabindex:0)
2024-10-06 23:13:57,277 [INFO] PluginManage:307 - Check plugin power
2024-10-06 23:13:57,316 [INFO] PluginManage:356 - Loaded plugin power (category:power,tabindex:4)
2024-10-06 23:13:57,317 [INFO] PluginManage:307 - Check plugin projectmanager
2024-10-06 23:13:57,368 [INFO] PluginManage:356 - Loaded plugin projectmanager (category:projectmanager,tabindex:3)
2024-10-06 23:13:57,368 [INFO] PluginManage:307 - Check plugin thirdparty
2024-10-06 23:13:57,812 [INFO] PluginManage:356 - Loaded plugin thirdparty (category:base,tabindex:-1)
2024-10-06 23:13:57,814 [INFO] PluginManage:307 - Check plugin tools
2024-10-06 23:13:57,827 [WARN] IntegrityCheckThread:82 - waiting for thirdparty lock release [integrity check]
2024-10-06 23:13:57,874 [INFO] IntegrityCheckThread:84 - entering critical section [integrity check]
2024-10-06 23:13:57,873 [INFO] PluginManage:356 - Loaded plugin tools (category:base,tabindex:7)
2024-10-06 23:13:57,884 [INFO] PluginManage:307 - Check plugin tutovideos
2024-10-06 23:13:57,942 [INFO] ThirdPartyUpdaterWithRetryManager:70 - Updater plugin not ready yet. [1/15]
2024-10-06 23:13:58,521 [INFO] PluginManage:356 - Loaded plugin tutovideos (category:base,tabindex:-1)
2024-10-06 23:13:58,522 [INFO] PluginManage:307 - Check plugin updater
2024-10-06 23:13:58,561 [INFO] PluginManage:356 - Loaded plugin updater (category:base,tabindex:12)
2024-10-06 23:13:58,562 [INFO] PluginManage:280 - PluginManage : Loaded plugins [15]
2024-10-06 23:13:59,459 [INFO] PinOutPanel:1468 - setPackage(No Configuration,No Configuration)
2024-10-06 23:13:59,650 [INFO] CADModel:98 - CPN selected for project level
2024-10-06 23:13:59,691 [INFO] IPUIPlugin:79 - create IPUIPlugin
2024-10-06 23:13:59,692 [INFO] PluginManager:217 - loadIPPluginJar : add adc
2024-10-06 23:13:59,700 [INFO] IPUIPlugin:79 - create IPUIPlugin
2024-10-06 23:13:59,700 [INFO] PluginManager:217 - loadIPPluginJar : add aes
2024-10-06 23:13:59,714 [INFO] IPUIPlugin:79 - create IPUIPlugin
2024-10-06 23:13:59,714 [INFO] PluginManager:217 - loadIPPluginJar : add can
2024-10-06 23:13:59,719 [INFO] IPUIPlugin:79 - create IPUIPlugin
2024-10-06 23:13:59,720 [INFO] PluginManager:217 - loadIPPluginJar : add comp
2024-10-06 23:13:59,726 [INFO] IPUIPlugin:79 - create IPUIPlugin
2024-10-06 23:13:59,726 [INFO] PluginManager:217 - loadIPPluginJar : add cryp
2024-10-06 23:13:59,733 [INFO] IPUIPlugin:79 - create IPUIPlugin
2024-10-06 23:13:59,734 [INFO] PluginManager:217 - loadIPPluginJar : add dfsdm
2024-10-06 23:13:59,749 [INFO] IPUIPlugin:79 - create IPUIPlugin
2024-10-06 23:13:59,750 [INFO] PluginManager:217 - loadIPPluginJar : add dma
2024-10-06 23:13:59,759 [INFO] IPUIPlugin:79 - create IPUIPlugin
2024-10-06 23:13:59,759 [INFO] PluginManager:217 - loadIPPluginJar : add dma3
2024-10-06 23:13:59,763 [INFO] IPUIPlugin:79 - create IPUIPlugin
2024-10-06 23:13:59,763 [INFO] PluginManager:217 - loadIPPluginJar : add fatfs
2024-10-06 23:13:59,774 [INFO] IPUIPlugin:79 - create IPUIPlugin
2024-10-06 23:13:59,775 [INFO] PluginManager:217 - loadIPPluginJar : add fmc
2024-10-06 23:13:59,797 [INFO] IPUIPlugin:79 - create IPUIPlugin
2024-10-06 23:13:59,798 [INFO] PluginManager:217 - loadIPPluginJar : add freertos
2024-10-06 23:13:59,806 [INFO] IPUIPlugin:79 - create IPUIPlugin
2024-10-06 23:13:59,806 [INFO] PluginManager:217 - loadIPPluginJar : add genericplugin
2024-10-06 23:13:59,812 [INFO] IPUIPlugin:79 - create IPUIPlugin
2024-10-06 23:13:59,813 [INFO] PluginManager:217 - loadIPPluginJar : add gfxmmu
2024-10-06 23:13:59,825 [INFO] IPUIPlugin:79 - create IPUIPlugin
2024-10-06 23:13:59,826 [INFO] PluginManager:217 - loadIPPluginJar : add gic
2024-10-06 23:13:59,857 [INFO] IPUIPlugin:79 - create IPUIPlugin
2024-10-06 23:13:59,857 [INFO] PluginManager:217 - loadIPPluginJar : add gpio
2024-10-06 23:13:59,865 [INFO] IPUIPlugin:79 - create IPUIPlugin
2024-10-06 23:13:59,869 [INFO] PluginManager:217 - loadIPPluginJar : add gtzc
2024-10-06 23:13:59,876 [INFO] IPUIPlugin:79 - create IPUIPlugin
2024-10-06 23:13:59,877 [INFO] PluginManager:217 - loadIPPluginJar : add hash
2024-10-06 23:13:59,888 [INFO] IPUIPlugin:79 - create IPUIPlugin
2024-10-06 23:13:59,889 [INFO] PluginManager:217 - loadIPPluginJar : add i2c
2024-10-06 23:13:59,905 [INFO] IPUIPlugin:79 - create IPUIPlugin
2024-10-06 23:13:59,905 [INFO] PluginManager:217 - loadIPPluginJar : add i2s
2024-10-06 23:13:59,914 [INFO] IPUIPlugin:79 - create IPUIPlugin
2024-10-06 23:13:59,914 [INFO] PluginManager:217 - loadIPPluginJar : add ipddr
2024-10-06 23:13:59,931 [INFO] IPUIPlugin:79 - create IPUIPlugin
2024-10-06 23:13:59,932 [INFO] PluginManager:217 - loadIPPluginJar : add linkedlist
2024-10-06 23:13:59,938 [INFO] IPUIPlugin:79 - create IPUIPlugin
2024-10-06 23:13:59,939 [INFO] PluginManager:217 - loadIPPluginJar : add lorawan
2024-10-06 23:13:59,943 [INFO] IPUIPlugin:79 - create IPUIPlugin
2024-10-06 23:13:59,944 [INFO] PluginManager:217 - loadIPPluginJar : add ltdc
2024-10-06 23:13:59,962 [INFO] IPUIPlugin:79 - create IPUIPlugin
2024-10-06 23:13:59,963 [INFO] PluginManager:217 - loadIPPluginJar : add mdma
2024-10-06 23:13:59,971 [INFO] IPUIPlugin:79 - create IPUIPlugin
2024-10-06 23:13:59,972 [INFO] PluginManager:217 - loadIPPluginJar : add nvic
2024-10-06 23:13:59,979 [INFO] IPUIPlugin:79 - create IPUIPlugin
2024-10-06 23:13:59,979 [INFO] PluginManager:217 - loadIPPluginJar : add opamp
2024-10-06 23:13:59,987 [INFO] IPUIPlugin:79 - create IPUIPlugin
2024-10-06 23:13:59,989 [INFO] PluginManager:217 - loadIPPluginJar : add openamp
2024-10-06 23:13:59,998 [INFO] IPUIPlugin:79 - create IPUIPlugin
2024-10-06 23:13:59,999 [INFO] PluginManager:217 - loadIPPluginJar : add pdm2pcm
2024-10-06 23:14:00,020 [INFO] IPUIPlugin:79 - create IPUIPlugin
2024-10-06 23:14:00,029 [INFO] PluginManager:217 - loadIPPluginJar : add plateformsettings
2024-10-06 23:14:00,037 [INFO] IPUIPlugin:79 - create IPUIPlugin
2024-10-06 23:14:00,038 [INFO] PluginManager:217 - loadIPPluginJar : add quadspi
2024-10-06 23:14:00,047 [INFO] IPUIPlugin:79 - create IPUIPlugin
2024-10-06 23:14:00,048 [INFO] PluginManager:217 - loadIPPluginJar : add resmgrutility
2024-10-06 23:14:00,054 [INFO] IPUIPlugin:79 - create IPUIPlugin
2024-10-06 23:14:00,055 [INFO] PluginManager:217 - loadIPPluginJar : add sai
2024-10-06 23:14:00,063 [INFO] IPUIPlugin:79 - create IPUIPlugin
2024-10-06 23:14:00,063 [INFO] PluginManager:217 - loadIPPluginJar : add spi
2024-10-06 23:14:00,078 [INFO] IPUIPlugin:79 - create IPUIPlugin
2024-10-06 23:14:00,080 [INFO] PluginManager:217 - loadIPPluginJar : add stm32_wpan
2024-10-06 23:14:00,096 [INFO] IPUIPlugin:79 - create IPUIPlugin
2024-10-06 23:14:00,097 [INFO] PluginManager:217 - loadIPPluginJar : add tim
2024-10-06 23:14:00,104 [INFO] IPUIPlugin:79 - create IPUIPlugin
2024-10-06 23:14:00,105 [INFO] PluginManager:217 - loadIPPluginJar : add touchsensing
2024-10-06 23:14:00,112 [INFO] IPUIPlugin:79 - create IPUIPlugin
2024-10-06 23:14:00,113 [INFO] PluginManager:217 - loadIPPluginJar : add tracer_emb
2024-10-06 23:14:00,118 [INFO] IPUIPlugin:79 - create IPUIPlugin
2024-10-06 23:14:00,121 [INFO] PluginManager:217 - loadIPPluginJar : add ts
2024-10-06 23:14:00,126 [INFO] IPUIPlugin:79 - create IPUIPlugin
2024-10-06 23:14:00,126 [INFO] PluginManager:217 - loadIPPluginJar : add tsc
2024-10-06 23:14:00,131 [INFO] IPUIPlugin:79 - create IPUIPlugin
2024-10-06 23:14:00,131 [INFO] PluginManager:217 - loadIPPluginJar : add ucpd
2024-10-06 23:14:00,137 [INFO] IPUIPlugin:79 - create IPUIPlugin
2024-10-06 23:14:00,138 [INFO] PluginManager:217 - loadIPPluginJar : add usart
2024-10-06 23:14:00,147 [INFO] IPUIPlugin:79 - create IPUIPlugin
2024-10-06 23:14:00,148 [INFO] PluginManager:217 - loadIPPluginJar : add usbx
2024-10-06 23:14:00,917 [FATAL] Updater:301 - Updater called before beeing initialized
2024-10-06 23:14:00,955 [INFO] ThirdPartyUpdaterWithRetryManager:70 - Updater plugin not ready yet. [2/15]
2024-10-06 23:14:01,205 [FATAL] Updater:301 - Updater called before beeing initialized
2024-10-06 23:14:01,223 [INFO] DbMcusAds:52 - JSON generation date=Fri Sep 20 20:04:23 ICT 2024 (1726837463113)
2024-10-06 23:14:01,224 [FATAL] Updater:301 - Updater called before beeing initialized
2024-10-06 23:14:01,302 [WARN] DetailPanel:344 - Failed to get advertising image, set to default
2024-10-06 23:14:01,530 [FATAL] Updater:301 - Updater called before beeing initialized
2024-10-06 23:14:01,535 [FATAL] Updater:301 - Updater called before beeing initialized
2024-10-06 23:14:01,535 [FATAL] Updater:301 - Updater called before beeing initialized
2024-10-06 23:14:01,535 [WARN] DetailPanel:344 - Failed to get advertising image, set to default
2024-10-06 23:14:01,537 [FATAL] Updater:301 - Updater called before beeing initialized
2024-10-06 23:14:01,638 [ERROR] Updater:1105 - MainUpdater not yet initialized. External WinMGr cannot be set.
2024-10-06 23:14:01,642 [INFO] Updater:1041 - Updater Version found : 6.6.1
2024-10-06 23:14:01,669 [INFO] ApplicationProperties:181 - Using Application install path: D:\BKRA\KEIL C test\STM32CubeIDE_1.10.1\STM32CubeIDE\plugins\com.st.stm32cube.common.mx_6.6.1.202207061420
2024-10-06 23:14:02,033 [INFO] MainUpdater:2768 - connection check result : 10
2024-10-06 23:14:02,035 [INFO] MainUpdater:280 - Updater Check For Update Now.
2024-10-06 23:14:02,035 [INFO] MicroXplorer:481 - Change Database Version : DB.6.0.60
2024-10-06 23:14:02,338 [INFO] CheckServerUpdateThread:119 - End of CheckServer Thread
2024-10-06 23:14:02,454 [INFO] MainUpdater:2768 - connection check result : 10
2024-10-06 23:14:02,456 [INFO] MainUpdater:2768 - connection check result : 10
2024-10-06 23:14:02,520 [INFO] MicroXplorer:451 - Change Database Path : 
2024-10-06 23:14:02,523 [INFO] MicroXplorer:481 - Change Database Version : DB.6.0.60
2024-10-06 23:14:02,527 [WARN] ThirdParty:827 - waiting for thirdparty lock release [close project]
2024-10-06 23:14:04,609 [WARN] PackLoader:242 - Cannot read IP mode file for STMicroelectronics.FP-SNS-MOTENVWB1.1.4.0
2024-10-06 23:14:04,638 [WARN] PackLoader:242 - Cannot read IP mode file for STMicroelectronics.X-CUBE-SMBUS.2.1.0
2024-10-06 23:14:04,659 [WARN] PackLoader:242 - Cannot read IP mode file for STMicroelectronics.X-CUBE-WB05N.1.1.0
2024-10-06 23:14:04,677 [WARN] PackLoader:242 - Cannot read IP mode file for STMicroelectronics.X-CUBE-TOUCHGFX.4.23.2
2024-10-06 23:14:04,764 [WARN] PackLoader:242 - Cannot read IP mode file for STMicroelectronics.X-CUBE-AZRTOS-F7.1.1.0
2024-10-06 23:14:05,155 [WARN] PackLoader:242 - Cannot read IP mode file for STMicroelectronics.X-CUBE-MEMS1.11.0.0
2024-10-06 23:14:05,838 [WARN] PackLoader:242 - Cannot read IP mode file for STMicroelectronics.FP-SNS-FLIGHT1.5.0.2
2024-10-06 23:14:05,856 [WARN] PackLoader:242 - Cannot read IP mode file for STMicroelectronics.X-CUBE-DISPLAY.3.0.0
2024-10-06 23:14:05,876 [WARN] PackLoader:242 - Cannot read IP mode file for STMicroelectronics.X-CUBE-BLE1.7.0.0
2024-10-06 23:14:05,904 [WARN] PackLoader:242 - Cannot read IP mode file for STMicroelectronics.X-CUBE-NFC10.1.0.0
2024-10-06 23:14:05,961 [WARN] PackLoader:242 - Cannot read IP mode file for emotas.I-CUBE-CANOPEN.1.3.0
2024-10-06 23:14:05,995 [WARN] PackLoader:242 - Cannot read IP mode file for STMicroelectronics.X-CUBE-BLEMGR.3.1.0
2024-10-06 23:14:06,008 [WARN] PackLoader:242 - Cannot read IP mode file for STMicroelectronics.FP-SNS-SMARTAG2.1.2.0
2024-10-06 23:14:06,043 [INFO] LogOutputStream:76 - [STDOUT_REDIRECT] 1 : Invalid condition id : UX_CORESTACK_Condition cause : null
2024-10-06 23:14:06,045 [INFO] LogOutputStream:76 - [STDOUT_REDIRECT] 1 : Invalid condition id : UX_CORESTACK_Condition cause : null
2024-10-06 23:14:06,048 [INFO] LogOutputStream:76 - [STDOUT_REDIRECT] 1 : Invalid condition id : UX_CORESTACK_Condition cause : null
2024-10-06 23:14:06,051 [INFO] LogOutputStream:76 - [STDOUT_REDIRECT] 1 : Invalid condition id : UX_CORESTACK_Condition cause : null
2024-10-06 23:14:06,053 [INFO] LogOutputStream:76 - [STDOUT_REDIRECT] 1 : Invalid condition id : UX_CORESTACK_Condition cause : null
2024-10-06 23:14:06,062 [WARN] PackLoader:242 - Cannot read IP mode file for STMicroelectronics.X-CUBE-AZRTOS-WL.2.0.0
2024-10-06 23:14:06,075 [WARN] PackLoader:242 - Cannot read IP mode file for STMicroelectronics.FP-SNS-MOTENV1.5.0.0
2024-10-06 23:14:06,103 [WARN] PackLoader:242 - Cannot read IP mode file for wolfSSL.I-CUBE-wolfMQTT.1.19.0
2024-10-06 23:14:06,117 [WARN] PackLoader:242 - Cannot read IP mode file for WES.I-CUBE-Cesium.1.3.0
2024-10-06 23:14:06,126 [WARN] PackLoader:242 - Cannot read IP mode file for STMicroelectronics.X-CUBE-BLE2.3.3.0
2024-10-06 23:14:06,148 [WARN] PackLoader:242 - Cannot read IP mode file for STMicroelectronics.X-CUBE-NFC9.1.0.0
2024-10-06 23:14:06,165 [WARN] PackLoader:242 - Cannot read IP mode file for STMicroelectronics.X-CUBE-TCPP.4.1.0
2024-10-06 23:14:06,199 [WARN] PackLoader:242 - Cannot read IP mode file for STMicroelectronics.X-CUBE-ALGOBUILD.1.3.0
2024-10-06 23:14:06,270 [WARN] PackLoader:242 - Cannot read IP mode file for STMicroelectronics.X-CUBE-AZRTOS-G0.1.1.0
2024-10-06 23:14:06,288 [WARN] PackLoader:242 - Cannot read IP mode file for STMicroelectronics.X-CUBE-SAFEA1.1.2.2
2024-10-06 23:14:06,302 [WARN] PackLoader:242 - Cannot read IP mode file for STMicroelectronics.X-CUBE-NFC4.3.0.0
2024-10-06 23:14:06,309 [WARN] PackLoader:242 - Cannot read IP mode file for wolfSSL.I-CUBE-wolfMQTT.1.18.0
2024-10-06 23:14:06,316 [ERROR] Engine:467 - C:\Users\User\.stm32cubemx\thirdparties\pdsc\EmbeddedOffice.I-CUBE-FS-RTOS.1.0.1.pdsc: PDSC version is not supported
2024-10-06 23:14:06,320 [ERROR] Engine:467 - C:\Users\User\.stm32cubemx\thirdparties\pdsc\RealThread.X-CUBE-RT-Thread_Nano.4.1.1.pdsc: PDSC version is not supported
2024-10-06 23:14:06,326 [WARN] PackLoader:242 - Cannot read IP mode file for wolfSSL.I-CUBE-wolfSSL.5.7.0
2024-10-06 23:14:06,333 [WARN] PackLoader:242 - Cannot read IP mode file for STMicroelectronics.FP-ATR-SIGFOX1.3.2.0
2024-10-06 23:14:06,351 [WARN] PackLoader:242 - Cannot read IP mode file for STMicroelectronics.X-CUBE-EEPRMA1.5.1.0
2024-10-06 23:14:06,397 [WARN] PackLoader:242 - Cannot read IP mode file for ITTIA_DB.I-CUBE-ITTIADB.8.9.0
2024-10-06 23:14:06,490 [WARN] PackLoader:242 - Cannot read IP mode file for SEGGER.I-CUBE-embOS.1.3.1
2024-10-06 23:14:06,685 [WARN] PackLoader:242 - Cannot read IP mode file for STMicroelectronics.X-CUBE-ALGOBUILD.1.4.0
2024-10-06 23:14:06,710 [WARN] PackLoader:242 - Cannot read IP mode file for STMicroelectronics.X-CUBE-AI.9.1.0
2024-10-06 23:14:06,728 [WARN] PackLoader:242 - Cannot read IP mode file for STMicroelectronics.X-CUBE-GNSS1.6.0.0
2024-10-06 23:14:06,775 [WARN] PackLoader:242 - Cannot read IP mode file for STMicroelectronics.X-CUBE-AZRTOS-F4.1.1.0
2024-10-06 23:14:06,788 [WARN] PackLoader:242 - Cannot read IP mode file for STMicroelectronics.X-CUBE-ISPU.2.1.0
2024-10-06 23:14:06,799 [WARN] PackLoader:242 - Cannot read IP mode file for STMicroelectronics.X-CUBE-FREERTOS.1.2.0
2024-10-06 23:14:06,836 [WARN] PackLoader:242 - Cannot read IP mode file for STMicroelectronics.X-CUBE-AZRTOS-L5.2.0.0
2024-10-06 23:14:06,881 [WARN] PackLoader:242 - Cannot read IP mode file for STMicroelectronics.X-CUBE-NFC6.3.1.0
2024-10-06 23:14:06,894 [ERROR] Engine:467 - C:\Users\User\.stm32cubemx\thirdparties\pdsc\STMicroelectronics.X-CUBE-DPower.1.2.0.pdsc: PDSC version is not supported
2024-10-06 23:14:06,901 [WARN] PackLoader:242 - Cannot read IP mode file for STMicroelectronics.X-CUBE-AI.9.0.0
2024-10-06 23:14:06,911 [WARN] PackLoader:242 - Cannot read IP mode file for STMicroelectronics.X-CUBE-NFC7.1.0.1
2024-10-06 23:14:06,918 [WARN] PackLoader:242 - Cannot read IP mode file for wolfSSL.I-CUBE-wolfTPM.3.2.0
2024-10-06 23:14:06,974 [WARN] ConditionMgr:437 - getConditionDescription Invalid condition id : LAN8742 Phy interface Condition cause : null
2024-10-06 23:14:06,976 [WARN] PackLoader:242 - Cannot read IP mode file for STMicroelectronics.X-CUBE-AZRTOS-L4.2.0.0
2024-10-06 23:14:06,979 [WARN] ConditionMgr:1038 - genDependencies : Invalid condition id : LAN8742 Phy interface Condition cause : null
2024-10-06 23:14:06,979 [WARN] ConditionMgr:1038 - genDependencies : Invalid condition id : LAN8742 Phy interface Condition cause : null
2024-10-06 23:14:06,980 [WARN] ConditionMgr:1038 - genDependencies : Invalid condition id : LAN8742 Phy interface Condition cause : null
2024-10-06 23:14:07,013 [WARN] PackLoader:242 - Cannot read IP mode file for STMicroelectronics.X-CUBE-SFXS2LP1.4.0.0
2024-10-06 23:14:07,068 [WARN] PackLoader:242 - Cannot read IP mode file for STMicroelectronics.X-CUBE-AZRTOS-H7.3.3.0
2024-10-06 23:14:07,082 [ERROR] Engine:467 - C:\Users\User\.stm32cubemx\thirdparties\pdsc\STMicroelectronics.X-CUBE-IPS.3.0.0.pdsc: PDSC version is not supported
2024-10-06 23:14:07,124 [WARN] ConditionMgr:437 - getConditionDescription Invalid condition id : UX DEVICE CLASS RTOS Condition cause : null
2024-10-06 23:14:07,124 [WARN] ConditionMgr:437 - getConditionDescription Invalid condition id : UX DEVICE CLASS RTOS Condition cause : null
2024-10-06 23:14:07,152 [WARN] PackLoader:242 - Cannot read IP mode file for STMicroelectronics.X-CUBE-AZRTOS-WB.2.0.0
2024-10-06 23:14:07,153 [WARN] ConditionMgr:1038 - genDependencies : Invalid condition id : UX DEVICE CLASS RTOS Condition cause : null
2024-10-06 23:14:07,153 [WARN] ConditionMgr:1038 - genDependencies : Invalid condition id : UX DEVICE CLASS RTOS Condition cause : null
2024-10-06 23:14:07,154 [WARN] ConditionMgr:1038 - genDependencies : Invalid condition id : UX DEVICE CLASS RTOS Condition cause : null
2024-10-06 23:14:07,155 [WARN] ConditionMgr:1038 - genDependencies : Invalid condition id : UX DEVICE CLASS RTOS Condition cause : null
2024-10-06 23:14:07,155 [WARN] ConditionMgr:1038 - genDependencies : Invalid condition id : UX DEVICE CLASS RTOS Condition cause : null
2024-10-06 23:14:07,165 [WARN] PackLoader:242 - Cannot read IP mode file for STMicroelectronics.X-CUBE-GNSS1.7.0.0
2024-10-06 23:14:07,172 [ERROR] Engine:467 - C:\Users\User\.stm32cubemx\thirdparties\pdsc\STMicroelectronics.FP-SNS-STBOX1.2.0.0.pdsc: PDSC version is not supported
2024-10-06 23:14:07,197 [WARN] PackLoader:242 - Cannot read IP mode file for STMicroelectronics.X-CUBE-SUBG2.5.0.0
2024-10-06 23:14:07,241 [WARN] PackLoader:242 - Cannot read IP mode file for STMicroelectronics.X-CUBE-AZRTOS-G4.2.0.0
2024-10-06 23:14:07,250 [WARN] PackLoader:242 - Cannot read IP mode file for STMicroelectronics.X-CUBE-ISPU.2.0.0
2024-10-06 23:14:07,274 [WARN] PackLoader:242 - Cannot read IP mode file for STMicroelectronics.X-CUBE-ALS.1.0.2
2024-10-06 23:14:07,381 [WARN] PackLoader:242 - Cannot read IP mode file for STMicroelectronics.X-CUBE-MEMS1.10.0.0
2024-10-06 23:14:07,874 [WARN] PackLoader:242 - Cannot read IP mode file for STMicroelectronics.X-CUBE-TOUCHGFX.4.24.0
2024-10-06 23:14:07,878 [WARN] PackLoader:242 - Cannot read IP mode file for STMicroelectronics.X-CUBE-TOUCHGFX.4.24.1
2024-10-06 23:14:07,887 [WARN] PackLoader:242 - Cannot read IP mode file for portGmbH.I-Cube-SoM-uGOAL.1.1.0
2024-10-06 23:14:07,903 [WARN] PackLoader:242 - Cannot read IP mode file for STMicroelectronics.X-CUBE-ALS.1.0.1
2024-10-06 23:14:07,944 [WARN] PackLoader:242 - Cannot read IP mode file for STMicroelectronics.X-CUBE-AZRTOS-H7RS.1.0.0
2024-10-06 23:14:07,986 [WARN] PackLoader:242 - Cannot read IP mode file for STMicroelectronics.FP-ATR-ASTRA1.2.0.0
2024-10-06 23:14:07,997 [ERROR] Engine:467 - C:\Users\User\.stm32cubemx\thirdparties\pdsc\STMicroelectronics.X-CUBE-TOF1.3.4.2.pdsc: PDSC version is not supported
2024-10-06 23:14:08,039 [WARN] PackLoader:242 - Cannot read IP mode file for STMicroelectronics.X-CUBE-TOF1.3.4.1
2024-10-06 23:14:08,104 [WARN] PackLoader:242 - Cannot read IP mode file for STMicroelectronics.X-CUBE-AZRTOS-H7.3.2.0
2024-10-06 23:14:08,160 [WARN] PackLoader:242 - Cannot read IP mode file for Infineon.AIROC-Wi-Fi-Bluetooth-STM32.1.6.0
2024-10-06 23:14:08,193 [WARN] PackLoader:242 - Cannot read IP mode file for wolfSSL.I-CUBE-wolfSSH.1.4.17
2024-10-06 23:14:08,195 [INFO] ThirdParty:929 - Integrity check success = true
2024-10-06 23:14:08,195 [INFO] IntegrityCheckThread:98 - exiting critical section [integrity check]
2024-10-06 23:14:08,195 [INFO] IntegrityCheckThread:101 - End integrity checks thread
2024-10-06 23:14:08,195 [INFO] ThirdParty:829 - entering critical section [close project]
2024-10-06 23:14:08,198 [INFO] ThirdParty:839 - exiting critical section [close project]
2024-10-06 23:14:08,216 [INFO] PinOutPanel:1468 - setPackage(No Configuration,No Configuration)
2024-10-06 23:14:08,230 [INFO] UtilMem:74 - Begin LoadConfig() Used Memory: 591762192 Bytes (620756992)
2024-10-06 23:14:08,235 [INFO] MicroXplorer:451 - Change Database Path : 
2024-10-06 23:14:08,235 [INFO] MicroXplorer:481 - Change Database Version : DB.6.0.60
2024-10-06 23:14:08,235 [INFO] OpenFileManager:307 - Change cursor
2024-10-06 23:14:08,363 [INFO] Mcu:1922 - Initializing MCU STM32F103C(4-6)Tx STM32F103C6Tx STM32F103C6T6A
2024-10-06 23:14:10,281 [INFO] Context:654 - Trying to add GPIOservice into a context  which must be forbidden
2024-10-06 23:14:11,050 [WARN] ApiManager:308 - Cannot register API 'Board Extension:NFC09A1' from pack STMicroelectronics.X-CUBE-NFC9.1.0.0: no header file found
2024-10-06 23:14:11,060 [WARN] ApiManager:308 - Cannot register API 'Board Extension:GNSS1A1' from pack STMicroelectronics.X-CUBE-GNSS1.6.0.0: no header file found
2024-10-06 23:14:11,060 [WARN] ApiManager:308 - Cannot register API 'Board Support:Custom' from pack STMicroelectronics.X-CUBE-GNSS1.6.0.0: no header file found
2024-10-06 23:14:11,064 [WARN] ApiManager:308 - Cannot register API 'Data Exchange:lib_gnss' from pack STMicroelectronics.X-CUBE-GNSS1.6.0.0: no header file found
2024-10-06 23:14:11,109 [WARN] ApiManager:308 - Cannot register API 'Wireless:STM32WB05N' from pack STMicroelectronics.X-CUBE-WB05N.1.1.0: no header file found
2024-10-06 23:14:11,137 [WARN] ApiManager:308 - Cannot register API 'Board Extension:GNSS1A1' from pack STMicroelectronics.X-CUBE-GNSS1.7.0.0: no header file found
2024-10-06 23:14:11,138 [WARN] ApiManager:308 - Cannot register API 'Board Support:Custom' from pack STMicroelectronics.X-CUBE-GNSS1.7.0.0: no header file found
2024-10-06 23:14:11,138 [WARN] ApiManager:308 - Cannot register API 'Data Exchange:lib_gnss' from pack STMicroelectronics.X-CUBE-GNSS1.7.0.0: no header file found
2024-10-06 23:14:11,159 [WARN] ApiManager:308 - Cannot register API 'Board Extension:NFC06A1' from pack STMicroelectronics.X-CUBE-NFC6.3.1.0: no header file found
2024-10-06 23:14:11,160 [WARN] ApiManager:308 - Cannot register API 'Board Extension:NFC08A1' from pack STMicroelectronics.X-CUBE-NFC6.3.1.0: no header file found
2024-10-06 23:14:11,372 [WARN] ApiManager:308 - Cannot register API 'Board Extension:IKS01A3' from pack STMicroelectronics.X-CUBE-MEMS1.11.0.0: no header file found
2024-10-06 23:14:11,373 [WARN] ApiManager:308 - Cannot register API 'Board Extension:IKS02A1' from pack STMicroelectronics.X-CUBE-MEMS1.11.0.0: no header file found
2024-10-06 23:14:11,373 [WARN] ApiManager:308 - Cannot register API 'Board Extension:IKS4A1' from pack STMicroelectronics.X-CUBE-MEMS1.11.0.0: no header file found
2024-10-06 23:14:11,415 [INFO] RtosManager:488 - Registered RTOS mode: class=CMSIS, group=RTOS, mode=CMSIS_V1, owner=FREERTOS
2024-10-06 23:14:11,416 [INFO] RtosManager:488 - Registered RTOS mode: class=CMSIS, group=RTOS2, mode=CMSIS_V2, owner=FREERTOS
2024-10-06 23:14:11,416 [INFO] RtosManager:488 - Registered RTOS mode: class=RTOS, group=Core, mode=CMSIS_V1, owner=FREERTOS
2024-10-06 23:14:11,416 [INFO] RtosManager:488 - Registered RTOS mode: class=RTOS, group=Core, mode=CMSIS_V2, owner=FREERTOS
2024-10-06 23:14:11,417 [WARN] ModelIntegratedComponent:185 - Missing modes for component STMicroelectronics:FreeRTOS:0.0.1:STMicroelectronics:RTOS:FreeRTOS:Core:::10.2.0:
2024-10-06 23:14:11,426 [WARN] ApiManager:308 - Cannot register API 'Board Extension:STSAFEA1' from pack STMicroelectronics.X-CUBE-SAFEA1.1.2.2: no header file found
2024-10-06 23:14:11,427 [WARN] ApiManager:308 - Cannot register API 'Board Part:STSAFEA110' from pack STMicroelectronics.X-CUBE-SAFEA1.1.2.2: no header file found
2024-10-06 23:14:11,427 [WARN] ApiManager:308 - Cannot register API 'Security:ST_Cryptolib' from pack STMicroelectronics.X-CUBE-SAFEA1.1.2.2: no header file found
2024-10-06 23:14:11,427 [WARN] ApiManager:308 - Cannot register API 'Security:MbedTLS' from pack STMicroelectronics.X-CUBE-SAFEA1.1.2.2: no header file found
2024-10-06 23:14:11,429 [WARN] ApiManager:308 - Cannot register API 'Board Extension:NFC04A1' from pack STMicroelectronics.X-CUBE-NFC4.3.0.0: no header file found
2024-10-06 23:14:11,437 [WARN] ApiManager:308 - Cannot register API 'Board Extension:S2868A1' from pack STMicroelectronics.X-CUBE-SUBG2.5.0.0: no header file found
2024-10-06 23:14:11,437 [WARN] ApiManager:308 - Cannot register API 'Board Extension:S2868A2' from pack STMicroelectronics.X-CUBE-SUBG2.5.0.0: no header file found
2024-10-06 23:14:11,438 [WARN] ApiManager:308 - Cannot register API 'Board Extension:S2915A1' from pack STMicroelectronics.X-CUBE-SUBG2.5.0.0: no header file found
2024-10-06 23:14:11,447 [WARN] ApiManager:308 - Cannot register API 'Wireless:BlueNRG-MS' from pack STMicroelectronics.X-CUBE-BLE1.7.0.0: no header file found
2024-10-06 23:14:11,449 [WARN] ApiManager:308 - Cannot register API 'Board Extension:NFC10A1' from pack STMicroelectronics.X-CUBE-NFC10.1.0.0: no header file found
2024-10-06 23:14:11,452 [WARN] ApiManager:308 - Cannot register API 'Board Extension:EEPRMA2' from pack STMicroelectronics.X-CUBE-EEPRMA1.5.1.0: no header file found
2024-10-06 23:14:11,452 [WARN] ApiManager:308 - Cannot register API 'Board Extension:PGEEZ1' from pack STMicroelectronics.X-CUBE-EEPRMA1.5.1.0: no header file found
2024-10-06 23:14:11,452 [WARN] ApiManager:308 - Cannot register API 'Board Extension:EEICA1' from pack STMicroelectronics.X-CUBE-EEPRMA1.5.1.0: no header file found
2024-10-06 23:14:11,452 [WARN] ApiManager:308 - Cannot register API 'Board Part:M24' from pack STMicroelectronics.X-CUBE-EEPRMA1.5.1.0: no header file found
2024-10-06 23:14:11,453 [WARN] ApiManager:308 - Cannot register API 'Board Part:M95' from pack STMicroelectronics.X-CUBE-EEPRMA1.5.1.0: no header file found
2024-10-06 23:14:11,453 [WARN] ApiManager:308 - Cannot register API 'Board Part:M95P32' from pack STMicroelectronics.X-CUBE-EEPRMA1.5.1.0: no header file found
2024-10-06 23:14:11,453 [WARN] ApiManager:308 - Cannot register API 'Board Part:M24256E-F' from pack STMicroelectronics.X-CUBE-EEPRMA1.5.1.0: no header file found
2024-10-06 23:14:11,453 [WARN] ApiManager:308 - Cannot register API 'Board Part:M24M01E-F' from pack STMicroelectronics.X-CUBE-EEPRMA1.5.1.0: no header file found
2024-10-06 23:14:11,453 [WARN] ApiManager:308 - Cannot register API 'PGEEZ1:SPI' from pack STMicroelectronics.X-CUBE-EEPRMA1.5.1.0: no header file found
2024-10-06 23:14:11,454 [WARN] ApiManager:308 - Cannot register API 'PGEEZ1:QDSPI' from pack STMicroelectronics.X-CUBE-EEPRMA1.5.1.0: no header file found
2024-10-06 23:14:11,456 [WARN] ModelIntegratedComponent:64 - No mode defined for component null
2024-10-06 23:14:11,457 [WARN] ModelIntegratedComponent:64 - No mode defined for component null
2024-10-06 23:14:11,457 [WARN] ModelIntegratedComponent:64 - No mode defined for component null
2024-10-06 23:14:11,457 [WARN] ModelIntegratedComponent:64 - No mode defined for component null
2024-10-06 23:14:11,457 [WARN] ModelIntegratedComponent:64 - No mode defined for component null
2024-10-06 23:14:11,458 [WARN] ModelIntegratedComponent:64 - No mode defined for component null
2024-10-06 23:14:11,458 [WARN] ModelIntegratedComponent:64 - No mode defined for component null
2024-10-06 23:14:11,458 [WARN] ModelIntegratedComponent:64 - No mode defined for component null
2024-10-06 23:14:11,458 [WARN] ModelIntegratedComponent:64 - No mode defined for component null
2024-10-06 23:14:11,458 [WARN] ModelIntegratedComponent:64 - No mode defined for component null
2024-10-06 23:14:11,459 [WARN] ModelIntegratedComponent:64 - No mode defined for component null
2024-10-06 23:14:11,459 [WARN] ModelIntegratedComponent:64 - No mode defined for component null
2024-10-06 23:14:11,459 [WARN] ModelIntegratedComponent:64 - No mode defined for component null
2024-10-06 23:14:11,459 [WARN] ModelIntegratedComponent:64 - No mode defined for component null
2024-10-06 23:14:11,459 [WARN] ModelIntegratedComponent:64 - No mode defined for component null
2024-10-06 23:14:11,459 [WARN] ModelIntegratedComponent:64 - No mode defined for component null
2024-10-06 23:14:11,460 [WARN] ModelIntegratedComponent:64 - No mode defined for component null
2024-10-06 23:14:11,460 [WARN] ModelIntegratedComponent:64 - No mode defined for component null
2024-10-06 23:14:11,460 [WARN] ModelIntegratedComponent:64 - No mode defined for component null
2024-10-06 23:14:11,460 [WARN] ModelIntegratedComponent:64 - No mode defined for component null
2024-10-06 23:14:11,460 [WARN] ModelIntegratedComponent:64 - No mode defined for component null
2024-10-06 23:14:11,460 [WARN] ModelIntegratedComponent:64 - No mode defined for component null
2024-10-06 23:14:11,461 [WARN] ModelIntegratedComponent:64 - No mode defined for component null
2024-10-06 23:14:11,461 [WARN] ModelIntegratedComponent:64 - No mode defined for component null
2024-10-06 23:14:11,461 [WARN] ModelIntegratedComponent:64 - No mode defined for component null
2024-10-06 23:14:11,461 [WARN] ModelIntegratedComponent:64 - No mode defined for component null
2024-10-06 23:14:11,462 [WARN] ModelIntegratedComponent:64 - No mode defined for component null
2024-10-06 23:14:11,462 [WARN] ModelIntegratedComponent:64 - No mode defined for component null
2024-10-06 23:14:11,462 [WARN] ModelIntegratedComponent:64 - No mode defined for component null
2024-10-06 23:14:11,462 [WARN] ModelIntegratedComponent:64 - No mode defined for component null
2024-10-06 23:14:11,462 [WARN] ModelIntegratedComponent:64 - No mode defined for component null
2024-10-06 23:14:11,463 [WARN] ModelIntegratedComponent:64 - No mode defined for component null
2024-10-06 23:14:11,463 [WARN] ModelIntegratedComponent:64 - No mode defined for component null
2024-10-06 23:14:11,662 [WARN] ApiManager:308 - Cannot register API 'Board Extension:IKS01A3' from pack STMicroelectronics.X-CUBE-MEMS1.10.0.0: no header file found
2024-10-06 23:14:11,662 [WARN] ApiManager:308 - Cannot register API 'Board Extension:IKS02A1' from pack STMicroelectronics.X-CUBE-MEMS1.10.0.0: no header file found
2024-10-06 23:14:11,662 [WARN] ApiManager:308 - Cannot register API 'Board Extension:IKS4A1' from pack STMicroelectronics.X-CUBE-MEMS1.10.0.0: no header file found
2024-10-06 23:14:11,672 [WARN] ApiManager:308 - Cannot register API 'Board Extension:NFC07A1' from pack STMicroelectronics.X-CUBE-NFC7.1.0.1: no header file found
2024-10-06 23:14:11,713 [WARN] ApiManager:308 - Cannot register API 'Board Extension:S2868A1' from pack STMicroelectronics.X-CUBE-SFXS2LP1.4.0.0: no header file found
2024-10-06 23:14:11,714 [WARN] ApiManager:308 - Cannot register API 'Board Extension:S2868A2' from pack STMicroelectronics.X-CUBE-SFXS2LP1.4.0.0: no header file found
2024-10-06 23:14:11,714 [WARN] ApiManager:308 - Cannot register API 'Board Extension:S2915A1' from pack STMicroelectronics.X-CUBE-SFXS2LP1.4.0.0: no header file found
2024-10-06 23:14:11,715 [WARN] ApiManager:308 - Cannot register API 'Wireless:BlueNRG-2' from pack STMicroelectronics.X-CUBE-BLE2.3.3.0: no header file found
2024-10-06 23:14:11,769 [INFO] ThirdPartyModel:289 - Start build external matchings
2024-10-06 23:14:13,116 [INFO] ThirdPartyModel:302 - End build external matchings
2024-10-06 23:14:13,695 [INFO] UtilMem:74 - End LoadConfig() Used Memory: 586105000 Bytes (678428672)
2024-10-06 23:14:14,007 [INFO] ApiDb:576 - Connected to CubeFinder SQLite database (C:\Users\User\.stmcufinder\plugins\mcufinder\mcu\cube-finder-db.db)
2024-10-06 23:14:14,269 [INFO] ApiDb:663 - CubeFinder database Data Model version=2.1
2024-10-06 23:14:14,270 [INFO] ApiDb:664 - CubeFinder database Configuration version=3.0.39
2024-10-06 23:14:14,270 [INFO] ApiDb:665 - CubeFinder database generation date=2024-09-16 (1726485674)
2024-10-06 23:14:14,271 [INFO] ApiDb:666 - CubeFinder database FW Pack versions=[FP-ATR-ASTRA1_V2.0.0, FP-SNS-FLIGHT1_V5.0.2, FP-SNS-MOTENV1_V5.0.0, FP-SNS-MOTENVWB1_V1.4.0, FP-SNS-SMARTAG2_V1.2.0, FP-SNS-STBOX1_V2.0.0, STM32Cube_FW_C0_V1.2.0, STM32Cube_FW_F4_V1.28.1, STM32Cube_FW_F7_V1.17.2, STM32Cube_FW_G0_V1.6.2, STM32Cube_FW_G4_V1.6.0, STM32Cube_FW_H5_V1.3.0, STM32Cube_FW_H7RS_V1.1.0, STM32Cube_FW_H7_V1.11.2, STM32Cube_FW_L0_V1.12.2, STM32Cube_FW_L5_V1.5.1, STM32Cube_FW_U0_V1.1.0, STM32Cube_FW_U5_V1.6.0, STM32Cube_FW_WB0_V1.0.0, STM32Cube_FW_WBA_V1.4.1, STM32Cube_FW_WB_V1.20.0, STM32Cube_FW_WL_V1.3.0, X-CUBE-ALGOBUILD_V1.4.0, X-CUBE-ALS_V1.0.2, X-CUBE-AZRTOS-F4_V1.1.0, X-CUBE-AZRTOS-F7_V1.1.0, X-CUBE-AZRTOS-G0_V1.1.0, X-CUBE-AZRTOS-G4_V2.0.0, X-CUBE-AZRTOS-H7RS_V1.0.0, X-CUBE-AZRTOS-H7_V3.2.0, X-CUBE-AZRTOS-L4_V2.0.0, X-CUBE-AZRTOS-L5_V2.0.0, X-CUBE-AZRTOS-WB_V2.0.0, X-CUBE-AZRTOS-WL_V2.0.0, X-CUBE-BLE1_V7.0.0, X-CUBE-BLE2_V3.3.0, X-CUBE-BLEMGR_V3.1.0, X-CUBE-EEPRMA1_V5.1.0, X-CUBE-FREERTOS_V1.2.0, X-CUBE-GNSS1_V6.0.0, X-CUBE-MEMS1_V11.0.0, X-CUBE-NFC4_V3.0.0, X-CUBE-NFC7_V1.0.1, X-CUBE-SFXS2LP1_V4.0.0, X-CUBE-SUBG2_V5.0.0, X-CUBE-TOF1_V3.4.2]
2024-10-06 23:14:19,466 [INFO] ApiDb:239 - Found 138 in-development CPN: [B-WB1M-WPAN1, NUCLEO-C031C6, STEVAL-STWINBX1, STM320518-EVAL, STM32C0116-DK, STM32C011D6Y3TR, STM32C011D6Y6TR, STM32C011F4P3, STM32C011F4P6, STM32C011F4U3, STM32C011F4U6TR, STM32C011F6P3, STM32C011F6P6, STM32C011F6U3, STM32C011F6U6TR, STM32C011J4M3, STM32C011J4M6, STM32C011J6M3, STM32C011J6M6, STM32C0316-DK, STM32C031C4T3, STM32C031C4T6, STM32C031C4U3, STM32C031C4U6, STM32C031C6T3, STM32C031C6T6, STM32C031C6U3, STM32C031C6U6, STM32C031F4P3, STM32C031F4P6, STM32C031F6P3, STM32C031F6P6, STM32C031G4U3, STM32C031G4U6, STM32C031G6U3, STM32C031G6U6, STM32C031K4T3, STM32C031K4T6, STM32C031K4U3, STM32C031K4U6, STM32C031K6T3, STM32C031K6T6, STM32C031K6U3, STM32C031K6U6, STM32G071K8TXN, STM32G071K8UXN, STM32G081GBU6N, STM32G081KBT6N, STM32G081KBUXN, STM32G0B1CCT6N, STM32G0B1KCT6, STM32G0B1NEY6TR, STM32G0B1RCT6N, STM32G0C1CCT6, STM32G0C1CCT6N, STM32G0C1CCU6N, STM32G0C1CET6N, STM32G0C1CEU6N, STM32G0C1KCT6, STM32G0C1NEY6TR, STM32G0C1RCI6N, STM32G0C1RCT6N, STM32G0C1REI6N, STM32G0C1RET6N, STM32G0C1VCI6, STM32G0C1VEI6, STM32G471CCT6, STM32G471CCU6, STM32G471CET3, STM32G471CET6, STM32G471CEU3, STM32G471CEU6, STM32G471MCT6, STM32G471MET3, STM32G471MET6, STM32G471MEY6TR, STM32G471QCT6, STM32G471QET3, STM32G471RCT6, STM32G471RET3, STM32G471RET6, STM32G471VCH6, STM32G471VCI6, STM32G471VCT6, STM32G471VEH3, STM32G471VEH6, STM32G471VEI3, STM32G471VEI6, STM32G471VET3, STM32G471VET6, STM32G474CCT6, STM32L476VGY6PTR, STM32L4R5QGI6STR, STM32MP131AAE3, STM32MP131AAF3, STM32MP131AAG3, STM32MP131CAE3, STM32MP131CAF3, STM32MP131CAG3, STM32MP131DAE7, STM32MP131DAF7, STM32MP131DAG7, STM32MP131FAE7, STM32MP131FAF7, STM32MP131FAG7, STM32MP133AAE3, STM32MP133AAF3, STM32MP133AAG3, STM32MP133CAE3, STM32MP133CAF3, STM32MP133CAG3, STM32MP133DAE7, STM32MP133DAF7, STM32MP133DAG7, STM32MP133FAE7, STM32MP133FAF7, STM32MP133FAG7, STM32MP135AAE3, STM32MP135AAF3, STM32MP135AAG3, STM32MP135CAE3, STM32MP135CAF3, STM32MP135CAG3, STM32MP135DAE7, STM32MP135DAF7, STM32MP135DAG7, STM32MP135F-DK, STM32MP135FAE7, STM32MP135FAF7, STM32MP135FAG7, STM32U595ZJT6Q, STM32U599BJY6QTR, STM32U599NIH6Q, STM32U599NJH6Q, STM32U5A5ZJT6Q, STM32U5A9BJY6QTR, STM32U5A9NJH6Q, STM32WB1MMCH6]
2024-10-06 23:14:19,472 [INFO] DbMcus:215 - Found 4178 MCUs, 4178 are supported
2024-10-06 23:14:19,479 [INFO] ApiDb:418 - Load user favorites file C:\Users\User/.stm32cubeide/favorites.mcus.txt: 0 item(s)
2024-10-06 23:14:19,480 [INFO] ApiDb:422 - User favorites MCUs=[]
2024-10-06 23:14:19,480 [INFO] DbMcus:221 - Set 0 / 0 favorites MCUs
2024-10-06 23:14:20,371 [WARN] ThirdParty:789 - waiting for thirdparty lock release [change project]
2024-10-06 23:14:20,371 [INFO] ThirdParty:791 - entering critical section [change project]
2024-10-06 23:14:20,372 [INFO] ThirdParty:981 - CMSIS Pack Vendor :STMicroelectronics X-CUBE-AZRTOS-H7 3.3.0
2024-10-06 23:14:20,373 [INFO] ThirdParty:981 - CMSIS Pack Vendor :STMicroelectronics X-CUBE-NFC9 1.0.0
2024-10-06 23:14:20,373 [INFO] ThirdParty:981 - CMSIS Pack Vendor :STMicroelectronics X-CUBE-GNSS1 6.0.0
2024-10-06 23:14:20,373 [INFO] ThirdParty:981 - CMSIS Pack Vendor :STMicroelectronics USB_HOST 2.0.0
2024-10-06 23:14:20,373 [INFO] ThirdParty:981 - CMSIS Pack Vendor :STMicroelectronics FP-SNS-MOTENVWB1 1.4.0
2024-10-06 23:14:20,373 [INFO] ThirdParty:981 - CMSIS Pack Vendor :STMicroelectronics X-CUBE-AZRTOS-F4 1.1.0
2024-10-06 23:14:20,374 [INFO] ThirdParty:981 - CMSIS Pack Vendor :STMicroelectronics LIBJPEG 8.0.0
2024-10-06 23:14:20,374 [INFO] ThirdParty:981 - CMSIS Pack Vendor :STMicroelectronics X-CUBE-SMBUS 2.1.0
2024-10-06 23:14:20,374 [INFO] ThirdParty:981 - CMSIS Pack Vendor :STMicroelectronics X-CUBE-WB05N 1.1.0
2024-10-06 23:14:20,374 [INFO] ThirdParty:981 - CMSIS Pack Vendor :STMicroelectronics USB_DEVICE 3.0.0
2024-10-06 23:14:20,374 [INFO] ThirdParty:981 - CMSIS Pack Vendor :STMicroelectronics X-CUBE-TCPP 4.1.0
2024-10-06 23:14:20,374 [INFO] ThirdParty:981 - CMSIS Pack Vendor :STMicroelectronics X-CUBE-ISPU 2.1.0
2024-10-06 23:14:20,374 [INFO] ThirdParty:981 - CMSIS Pack Vendor :STMicroelectronics X-CUBE-FREERTOS 1.2.0
2024-10-06 23:14:20,375 [INFO] ThirdParty:981 - CMSIS Pack Vendor :STMicroelectronics X-CUBE-AZRTOS-WB 2.0.0
2024-10-06 23:14:20,375 [INFO] ThirdParty:981 - CMSIS Pack Vendor :STMicroelectronics X-CUBE-GNSS1 7.0.0
2024-10-06 23:14:20,375 [INFO] ThirdParty:981 - CMSIS Pack Vendor :STMicroelectronics X-CUBE-TOUCHGFX 4.23.2
2024-10-06 23:14:20,375 [INFO] ThirdParty:981 - CMSIS Pack Vendor :STMicroelectronics X-CUBE-AZRTOS-F7 1.1.0
2024-10-06 23:14:20,375 [INFO] ThirdParty:981 - CMSIS Pack Vendor :STMicroelectronics X-CUBE-AZRTOS-L5 2.0.0
2024-10-06 23:14:20,375 [INFO] ThirdParty:981 - CMSIS Pack Vendor :STMicroelectronics USB_DEVICE 2.0.0
2024-10-06 23:14:20,375 [INFO] ThirdParty:981 - CMSIS Pack Vendor :STMicroelectronics X-CUBE-NFC6 3.1.0
2024-10-06 23:14:20,380 [INFO] ThirdParty:981 - CMSIS Pack Vendor :STMicroelectronics X-CUBE-ALGOBUILD 1.3.0
2024-10-06 23:14:20,383 [INFO] ThirdParty:981 - CMSIS Pack Vendor :STMicroelectronics X-CUBE-MEMS1 11.0.0
2024-10-06 23:14:20,384 [INFO] ThirdParty:981 - CMSIS Pack Vendor :STMicroelectronics FreeRTOS 0.0.1
2024-10-06 23:14:20,384 [INFO] ThirdParty:981 - CMSIS Pack Vendor :STMicroelectronics X-CUBE-AZRTOS-G0 1.1.0
2024-10-06 23:14:20,384 [INFO] ThirdParty:981 - CMSIS Pack Vendor :STMicroelectronics X-CUBE-SAFEA1 1.2.2
2024-10-06 23:14:20,384 [INFO] ThirdParty:981 - CMSIS Pack Vendor :STMicroelectronics X-CUBE-NFC4 3.0.0
2024-10-06 23:14:20,384 [INFO] ThirdParty:981 - CMSIS Pack Vendor :STMicroelectronics X-CUBE-SUBG2 5.0.0
2024-10-06 23:14:20,384 [INFO] ThirdParty:981 - CMSIS Pack Vendor :STMicroelectronics STM32_WPAN 1.0.0
2024-10-06 23:14:20,384 [INFO] ThirdParty:981 - CMSIS Pack Vendor :wolfSSL I-CUBE-wolfMQTT 1.18.0
2024-10-06 23:14:20,385 [INFO] ThirdParty:981 - CMSIS Pack Vendor :STMicroelectronics lwIP 2.0.3
2024-10-06 23:14:20,385 [INFO] ThirdParty:981 - CMSIS Pack Vendor :STMicroelectronics FP-SNS-FLIGHT1 5.0.2
2024-10-06 23:14:20,385 [INFO] ThirdParty:981 - CMSIS Pack Vendor :STMicroelectronics USB_HOST 1.0.0
2024-10-06 23:14:20,386 [INFO] ThirdParty:981 - CMSIS Pack Vendor :STMicroelectronics X-CUBE-AI 9.0.0
2024-10-06 23:14:20,386 [INFO] ThirdParty:981 - CMSIS Pack Vendor :STMicroelectronics X-CUBE-AZRTOS-G4 2.0.0
2024-10-06 23:14:20,386 [INFO] ThirdParty:981 - CMSIS Pack Vendor :STMicroelectronics PDM2PCM 3.1.0
2024-10-06 23:14:20,386 [INFO] ThirdParty:981 - CMSIS Pack Vendor :STMicroelectronics PDM2PCM 3.3.0
2024-10-06 23:14:20,386 [INFO] ThirdParty:981 - CMSIS Pack Vendor :STMicroelectronics X-CUBE-DISPLAY 3.0.0
2024-10-06 23:14:20,386 [INFO] ThirdParty:981 - CMSIS Pack Vendor :wolfSSL I-CUBE-wolfSSL 5.7.0
2024-10-06 23:14:20,386 [INFO] ThirdParty:981 - CMSIS Pack Vendor :STMicroelectronics X-CUBE-BLE1 7.0.0
2024-10-06 23:14:20,387 [INFO] ThirdParty:981 - CMSIS Pack Vendor :STMicroelectronics FP-ATR-SIGFOX1 3.2.0
2024-10-06 23:14:20,387 [INFO] ThirdParty:981 - CMSIS Pack Vendor :STMicroelectronics X-CUBE-NFC10 1.0.0
2024-10-06 23:14:20,387 [INFO] ThirdParty:981 - CMSIS Pack Vendor :STMicroelectronics X-CUBE-ISPU 2.0.0
2024-10-06 23:14:20,388 [INFO] ThirdParty:981 - CMSIS Pack Vendor :STMicroelectronics X-CUBE-EEPRMA1 5.1.0
2024-10-06 23:14:20,388 [INFO] ThirdParty:981 - CMSIS Pack Vendor :STMicroelectronics HAL Drivers 0.0.0
2024-10-06 23:14:20,388 [INFO] ThirdParty:981 - CMSIS Pack Vendor :STMicroelectronics MBEDTLS 2.16.2
2024-10-06 23:14:20,388 [INFO] ThirdParty:981 - CMSIS Pack Vendor :STMicroelectronics X-CUBE-ALS 1.0.2
2024-10-06 23:14:20,388 [INFO] ThirdParty:981 - CMSIS Pack Vendor :emotas I-CUBE-CANOPEN 1.3.0
2024-10-06 23:14:20,388 [INFO] ThirdParty:981 - CMSIS Pack Vendor :STMicroelectronics X-CUBE-MEMS1 10.0.0
2024-10-06 23:14:20,388 [INFO] ThirdParty:981 - CMSIS Pack Vendor :STMicroelectronics X-CUBE-NFC7 1.0.1
2024-10-06 23:14:20,389 [INFO] ThirdParty:981 - CMSIS Pack Vendor :STMicroelectronics MBEDTLS 2.14.1
2024-10-06 23:14:20,389 [INFO] ThirdParty:981 - CMSIS Pack Vendor :STMicroelectronics X-CUBE-TOUCHGFX 4.24.0
2024-10-06 23:14:20,389 [INFO] ThirdParty:981 - CMSIS Pack Vendor :ITTIA_DB I-CUBE-ITTIADB 8.9.0
2024-10-06 23:14:20,389 [INFO] ThirdParty:981 - CMSIS Pack Vendor :wolfSSL I-CUBE-wolfTPM 3.2.0
2024-10-06 23:14:20,389 [INFO] ThirdParty:981 - CMSIS Pack Vendor :STMicroelectronics X-CUBE-TOUCHGFX 4.24.1
2024-10-06 23:14:20,389 [INFO] ThirdParty:981 - CMSIS Pack Vendor :portGmbH I-Cube-SoM-uGOAL 1.1.0
2024-10-06 23:14:20,389 [INFO] ThirdParty:981 - CMSIS Pack Vendor :STMicroelectronics X-CUBE-ALS 1.0.1
2024-10-06 23:14:20,390 [INFO] ThirdParty:981 - CMSIS Pack Vendor :STMicroelectronics X-CUBE-BLEMGR 3.1.0
2024-10-06 23:14:20,390 [INFO] ThirdParty:981 - CMSIS Pack Vendor :STMicroelectronics ThreadX 1.0.0
2024-10-06 23:14:20,390 [INFO] ThirdParty:981 - CMSIS Pack Vendor :STMicroelectronics FP-SNS-SMARTAG2 1.2.0
2024-10-06 23:14:20,390 [INFO] ThirdParty:981 - CMSIS Pack Vendor :STMicroelectronics X-CUBE-AZRTOS-WL 2.0.0
2024-10-06 23:14:20,390 [INFO] ThirdParty:981 - CMSIS Pack Vendor :SEGGER I-CUBE-embOS 1.3.1
2024-10-06 23:14:20,390 [INFO] ThirdParty:981 - CMSIS Pack Vendor :STMicroelectronics X-CUBE-ALGOBUILD 1.4.0
2024-10-06 23:14:20,391 [INFO] ThirdParty:981 - CMSIS Pack Vendor :STMicroelectronics FP-SNS-MOTENV1 5.0.0
2024-10-06 23:14:20,391 [INFO] ThirdParty:981 - CMSIS Pack Vendor :STMicroelectronics USB_DEVICE 1.0.0
2024-10-06 23:14:20,391 [INFO] ThirdParty:981 - CMSIS Pack Vendor :STMicroelectronics X-CUBE-AZRTOS-H7RS 1.0.0
2024-10-06 23:14:20,391 [INFO] ThirdParty:981 - CMSIS Pack Vendor :wolfSSL I-CUBE-wolfMQTT 1.19.0
2024-10-06 23:14:20,391 [INFO] ThirdParty:981 - CMSIS Pack Vendor :STMicroelectronics X-CUBE-AZRTOS-L4 2.0.0
2024-10-06 23:14:20,391 [INFO] ThirdParty:981 - CMSIS Pack Vendor :STMicroelectronics ThreadX 0.0.2
2024-10-06 23:14:20,392 [INFO] ThirdParty:981 - CMSIS Pack Vendor :WES I-CUBE-Cesium 1.3.0
2024-10-06 23:14:20,392 [INFO] ThirdParty:981 - CMSIS Pack Vendor :STMicroelectronics FP-ATR-ASTRA1 2.0.0
2024-10-06 23:14:20,392 [INFO] ThirdParty:981 - CMSIS Pack Vendor :STMicroelectronics lwIP 2.1.2
2024-10-06 23:14:20,392 [INFO] ThirdParty:981 - CMSIS Pack Vendor :STMicroelectronics X-CUBE-SFXS2LP1 4.0.0
2024-10-06 23:14:20,392 [INFO] ThirdParty:981 - CMSIS Pack Vendor :STMicroelectronics X-CUBE-BLE2 3.3.0
2024-10-06 23:14:20,392 [INFO] ThirdParty:981 - CMSIS Pack Vendor :STMicroelectronics X-CUBE-AI 9.1.0
2024-10-06 23:14:20,392 [INFO] ThirdParty:981 - CMSIS Pack Vendor :STMicroelectronics X-CUBE-TOF1 3.4.1
2024-10-06 23:14:20,393 [INFO] ThirdParty:981 - CMSIS Pack Vendor :STMicroelectronics X-CUBE-AZRTOS-H7 3.2.0
2024-10-06 23:14:20,393 [INFO] ThirdParty:981 - CMSIS Pack Vendor :Infineon AIROC-Wi-Fi-Bluetooth-STM32 1.6.0
2024-10-06 23:14:20,393 [INFO] ThirdParty:981 - CMSIS Pack Vendor :STMicroelectronics PDM2PCM 3.2.0
2024-10-06 23:14:20,393 [INFO] ThirdParty:981 - CMSIS Pack Vendor :wolfSSL I-CUBE-wolfSSH 1.4.17
2024-10-06 23:14:20,393 [INFO] ThirdParty:797 - exiting critical section [change project]
2024-10-06 23:14:21,991 [INFO] PinOutPanel:1468 - setPackage(No Configuration,No Configuration)
2024-10-06 23:14:21,995 [INFO] PinOutPanel:1468 - setPackage(STM32F103C6Tx,LQFP48)
2024-10-06 23:14:23,935 [INFO] UtilMem:74 - Before build in PCC Used Memory: 619094184 Bytes (678428672)
2024-10-06 23:14:26,839 [INFO] UtilMem:74 - After build in PCC Used Memory: 610465232 Bytes (678428672)
2024-10-06 23:14:26,900 [INFO] IPUIPlugin:79 - create IPUIPlugin
2024-10-06 23:14:26,901 [INFO] IPUIPlugin:79 - create IPUIPlugin
2024-10-06 23:14:26,901 [INFO] IPUIPlugin:79 - create IPUIPlugin
2024-10-06 23:14:26,903 [INFO] IPUIPlugin:79 - create IPUIPlugin
2024-10-06 23:14:26,904 [INFO] IPUIPlugin:79 - create IPUIPlugin
2024-10-06 23:14:26,904 [INFO] IPUIPlugin:79 - create IPUIPlugin
2024-10-06 23:14:26,904 [INFO] IPUIPlugin:79 - create IPUIPlugin
2024-10-06 23:14:26,905 [INFO] IPUIPlugin:79 - create IPUIPlugin
2024-10-06 23:14:26,905 [INFO] IPUIPlugin:79 - create IPUIPlugin
2024-10-06 23:14:26,906 [INFO] IPUIPlugin:79 - create IPUIPlugin
2024-10-06 23:14:26,906 [INFO] IPUIPlugin:79 - create IPUIPlugin
2024-10-06 23:14:26,907 [INFO] IPUIPlugin:79 - create IPUIPlugin
2024-10-06 23:14:26,908 [INFO] IPUIPlugin:79 - create IPUIPlugin
2024-10-06 23:14:26,908 [INFO] IPUIPlugin:79 - create IPUIPlugin
2024-10-06 23:14:26,909 [INFO] IPUIPlugin:79 - create IPUIPlugin
2024-10-06 23:14:26,910 [INFO] IPUIPlugin:79 - create IPUIPlugin
2024-10-06 23:14:26,910 [INFO] IPUIPlugin:79 - create IPUIPlugin
2024-10-06 23:14:26,911 [INFO] IPUIPlugin:79 - create IPUIPlugin
2024-10-06 23:14:26,912 [INFO] IPUIPlugin:79 - create IPUIPlugin
2024-10-06 23:14:26,913 [INFO] IPUIPlugin:79 - create IPUIPlugin
2024-10-06 23:14:26,914 [INFO] IPUIPlugin:79 - create IPUIPlugin
2024-10-06 23:14:26,915 [INFO] IPUIPlugin:79 - create IPUIPlugin
2024-10-06 23:14:26,915 [INFO] IPUIPlugin:79 - create IPUIPlugin
2024-10-06 23:14:28,133 [INFO] OpenFileManager:327 - Restore cursor
2024-10-06 23:19:20,951 [INFO] Activator:177 - 


2024-10-06 23:19:20,956 [INFO] Activator:178 - !SESSION log4j initialized
2024-10-06 23:20:12,652 [ERROR] LogOutputStream:74 - [STDERR_REDIRECT] SLF4J: Failed to load class "org.slf4j.impl.StaticLoggerBinder".
2024-10-06 23:20:12,654 [ERROR] LogOutputStream:74 - [STDERR_REDIRECT] SLF4J: Defaulting to no-operation (NOP) logger implementation
2024-10-06 23:20:12,659 [ERROR] LogOutputStream:74 - [STDERR_REDIRECT] SLF4J: See http://www.slf4j.org/codes.html#StaticLoggerBinder for further details.
2024-10-06 23:23:21,312 [INFO] McuFinderGlobals:44 - Set McuFinder mode to 2 (CubeIDE integrated)
2024-10-06 23:23:21,549 [INFO] ApplicationProperties:181 - Using Application install path: D:\BKRA\KEIL C test\STM32CubeIDE_1.10.1\STM32CubeIDE\plugins\com.st.stm32cube.common.mx_6.6.1.202207061420
2024-10-06 23:23:21,585 [INFO] DbMcusXml:77 - Set database path to: D:\BKRA\KEIL C test\STM32CubeIDE_1.10.1\STM32CubeIDE\plugins\com.st.stm32cube.common.mx_6.6.1.202207061420\\db\/mcu/
2024-10-06 23:23:21,587 [INFO] ApiDb:269 - Set plugin database path to: D:\BKRA\KEIL C test\STM32CubeIDE_1.10.1\STM32CubeIDE\plugins\com.st.stm32cube.common.mx_6.6.1.202207061420\\db\/plugins/boardmanager/
2024-10-06 23:23:21,592 [WARN] ApiDb:254 - Overriding images path with different value:  => D:\BKRA\KEIL C test\STM32CubeIDE_1.10.1\STM32CubeIDE\plugins\com.st.stm32cube.common.mx_6.6.1.202207061420\\db\/plugins/mcufinder/images/
2024-10-06 23:23:21,624 [INFO] ApiDb:249 - Set database path to: C:\Users\User\.stmcufinder\plugins\mcufinder//mcu/
2024-10-06 23:23:21,628 [INFO] DbMcusAds:124 - Set database path to: C:\Users\User\.stmcufinder\plugins\mcufinder//mcu/
2024-10-06 23:23:22,542 [INFO] CrossReferenceDbSqlite:201 - Set database path to: C:\Users\User\.stmcufinder\plugins\mcufinder//mcu/cs/
2024-10-06 23:23:22,706 [INFO] RulesReader:61 - Compatibility file has been processed (282 Rules)
2024-10-06 23:23:22,870 [INFO] DbMcusXml:77 - Set database path to: D:\BKRA\KEIL C test\STM32CubeIDE_1.10.1\STM32CubeIDE\plugins\com.st.stm32cube.common.mx_6.6.1.202207061420\\db\/mcu/
2024-10-06 23:23:22,871 [INFO] ApiDb:269 - Set plugin database path to: D:\BKRA\KEIL C test\STM32CubeIDE_1.10.1\STM32CubeIDE\plugins\com.st.stm32cube.common.mx_6.6.1.202207061420\\db\/plugins/boardmanager/
2024-10-06 23:23:22,871 [INFO] ApiDb:256 - Set plugin images path to: D:\BKRA\KEIL C test\STM32CubeIDE_1.10.1\STM32CubeIDE\plugins\com.st.stm32cube.common.mx_6.6.1.202207061420\\db\/plugins/mcufinder/images/
2024-10-06 23:23:22,872 [WARN] DbFile:40 - Overriding database path with different value: C:\Users\User\.stmcufinder\plugins\mcufinder/ => C:\Users\User\.stmcufinder\plugins\mcufinder
2024-10-06 23:23:22,872 [INFO] ApiDb:249 - Set database path to: C:\Users\User\.stmcufinder\plugins\mcufinder//mcu/
2024-10-06 23:23:22,872 [WARN] DbFile:40 - Overriding database path with different value: C:\Users\User\.stmcufinder\plugins\mcufinder/ => C:\Users\User\.stmcufinder\plugins\mcufinder
2024-10-06 23:23:22,873 [INFO] DbMcusAds:124 - Set database path to: C:\Users\User\.stmcufinder\plugins\mcufinder//mcu/
2024-10-06 23:23:22,874 [WARN] DbFile:40 - Overriding database path with different value: C:\Users\User\.stmcufinder\plugins\mcufinder/ => C:\Users\User\.stmcufinder\plugins\mcufinder
2024-10-06 23:23:22,875 [WARN] DbFile:40 - Overriding database path with different value: C:\Users\User\.stmcufinder\plugins\mcufinder/ => C:\Users\User\.stmcufinder\plugins\mcufinder
2024-10-06 23:23:23,540 [INFO] CrossReferenceDbSqlite:201 - Set database path to: C:\Users\User\.stmcufinder\plugins\mcufinder//mcu/cs/
2024-10-06 23:23:23,731 [INFO] MainPanel:242 - HeapMemory: 619708416
2024-10-06 23:23:23,950 [INFO] DbMcusXml:77 - Set database path to: D:\BKRA\KEIL C test\STM32CubeIDE_1.10.1\STM32CubeIDE\plugins\com.st.stm32cube.common.mx_6.6.1.202207061420\\db\/mcu/
2024-10-06 23:23:23,950 [INFO] ApiDb:269 - Set plugin database path to: D:\BKRA\KEIL C test\STM32CubeIDE_1.10.1\STM32CubeIDE\plugins\com.st.stm32cube.common.mx_6.6.1.202207061420\\db\/plugins/boardmanager/
2024-10-06 23:23:23,951 [INFO] ApiDb:256 - Set plugin images path to: D:\BKRA\KEIL C test\STM32CubeIDE_1.10.1\STM32CubeIDE\plugins\com.st.stm32cube.common.mx_6.6.1.202207061420\\db\/plugins/mcufinder/images/
2024-10-06 23:23:23,952 [WARN] DbFile:40 - Overriding database path with different value: C:\Users\User\.stmcufinder\plugins\mcufinder/ => C:\Users\User\.stmcufinder\plugins\mcufinder
2024-10-06 23:23:23,953 [INFO] ApiDb:249 - Set database path to: C:\Users\User\.stmcufinder\plugins\mcufinder//mcu/
2024-10-06 23:23:23,953 [WARN] DbFile:40 - Overriding database path with different value: C:\Users\User\.stmcufinder\plugins\mcufinder/ => C:\Users\User\.stmcufinder\plugins\mcufinder
2024-10-06 23:23:23,954 [INFO] DbMcusAds:124 - Set database path to: C:\Users\User\.stmcufinder\plugins\mcufinder//mcu/
2024-10-06 23:23:23,954 [WARN] DbFile:40 - Overriding database path with different value: C:\Users\User\.stmcufinder\plugins\mcufinder/ => C:\Users\User\.stmcufinder\plugins\mcufinder
2024-10-06 23:23:23,955 [WARN] DbFile:40 - Overriding database path with different value: C:\Users\User\.stmcufinder\plugins\mcufinder/ => C:\Users\User\.stmcufinder\plugins\mcufinder
2024-10-06 23:23:24,537 [INFO] CrossReferenceDbSqlite:201 - Set database path to: C:\Users\User\.stmcufinder\plugins\mcufinder//mcu/cs/
2024-10-06 23:23:24,569 [INFO] ApplicationProperties:181 - Using Application install path: D:\BKRA\KEIL C test\STM32CubeIDE_1.10.1\STM32CubeIDE\plugins\com.st.stm32cube.common.mx_6.6.1.202207061420
2024-10-06 23:23:24,571 [INFO] PluginManage:193 - Search for loadable plugins [exclusion list=, ]
2024-10-06 23:23:24,573 [INFO] PluginManage:307 - Check plugin analytics
2024-10-06 23:23:25,676 [INFO] AnalyticsPlugin:262 - Accepted Software Licenses: STM32CubeMX.6.12.0
2024-10-06 23:23:25,677 [INFO] AnalyticsPlugin:264 - Accepted CMSIS Pack Licenses: 
2024-10-06 23:23:25,678 [INFO] AnalyticsPlugin:266 - Accepted Firmware Licenses: FW.F4.1.28.0
2024-10-06 23:23:25,710 [INFO] PluginManage:356 - Loaded plugin analytics (category:tool,tabindex:-1)
2024-10-06 23:23:25,711 [INFO] PluginManage:307 - Check plugin cadmodel
2024-10-06 23:23:25,717 [INFO] CADModel:65 - Init CAD model plugin
2024-10-06 23:23:25,718 [INFO] PluginManage:356 - Loaded plugin cadmodel (category:power,tabindex:5)
2024-10-06 23:23:25,718 [INFO] PluginManage:307 - Check plugin clock
2024-10-06 23:23:25,736 [INFO] PluginManage:356 - Loaded plugin clock (category:base,tabindex:2)
2024-10-06 23:23:25,737 [INFO] PluginManage:307 - Check plugin ddr
2024-10-06 23:23:25,742 [INFO] PluginManage:356 - Loaded plugin ddr (category:tool,tabindex:6)
2024-10-06 23:23:25,742 [INFO] PluginManage:307 - Check plugin filemanager
2024-10-06 23:23:26,000 [INFO] PluginManage:356 - Loaded plugin filemanager (category:base,tabindex:10)
2024-10-06 23:23:26,000 [INFO] PluginManage:307 - Check plugin ipmanager
2024-10-06 23:23:26,014 [INFO] PluginManage:356 - Loaded plugin ipmanager (category:base,tabindex:5)
2024-10-06 23:23:26,015 [INFO] PluginManage:307 - Check plugin lpbam
2024-10-06 23:23:26,031 [INFO] PluginManage:356 - Loaded plugin lpbam (category:base,tabindex:0)
2024-10-06 23:23:26,031 [INFO] PluginManage:307 - Check plugin pinoutandconfiguration
2024-10-06 23:23:26,052 [INFO] PluginManage:356 - Loaded plugin pinoutandconfiguration (category:base,tabindex:1)
2024-10-06 23:23:26,052 [INFO] PluginManage:307 - Check plugin pinoutconfig
2024-10-06 23:23:26,115 [INFO] PluginManage:356 - Loaded plugin pinoutconfig (category:base,tabindex:0)
2024-10-06 23:23:26,116 [INFO] PluginManage:307 - Check plugin power
2024-10-06 23:23:26,135 [INFO] PluginManage:356 - Loaded plugin power (category:power,tabindex:4)
2024-10-06 23:23:26,135 [INFO] PluginManage:307 - Check plugin projectmanager
2024-10-06 23:23:26,163 [INFO] PluginManage:356 - Loaded plugin projectmanager (category:projectmanager,tabindex:3)
2024-10-06 23:23:26,164 [INFO] PluginManage:307 - Check plugin thirdparty
2024-10-06 23:23:26,454 [INFO] PluginManage:356 - Loaded plugin thirdparty (category:base,tabindex:-1)
2024-10-06 23:23:26,455 [INFO] PluginManage:307 - Check plugin tools
2024-10-06 23:23:26,456 [WARN] IntegrityCheckThread:82 - waiting for thirdparty lock release [integrity check]
2024-10-06 23:23:26,459 [INFO] IntegrityCheckThread:84 - entering critical section [integrity check]
2024-10-06 23:23:26,464 [INFO] ThirdPartyUpdaterWithRetryManager:70 - Updater plugin not ready yet. [1/15]
2024-10-06 23:23:26,464 [INFO] PluginManage:356 - Loaded plugin tools (category:base,tabindex:7)
2024-10-06 23:23:26,464 [INFO] PluginManage:307 - Check plugin tutovideos
2024-10-06 23:23:26,863 [INFO] PluginManage:356 - Loaded plugin tutovideos (category:base,tabindex:-1)
2024-10-06 23:23:26,864 [INFO] PluginManage:307 - Check plugin updater
2024-10-06 23:23:26,900 [INFO] PluginManage:356 - Loaded plugin updater (category:base,tabindex:12)
2024-10-06 23:23:26,901 [INFO] PluginManage:280 - PluginManage : Loaded plugins [15]
2024-10-06 23:23:27,638 [INFO] PinOutPanel:1468 - setPackage(No Configuration,No Configuration)
2024-10-06 23:23:27,838 [INFO] CADModel:98 - CPN selected for project level
2024-10-06 23:23:27,889 [INFO] IPUIPlugin:79 - create IPUIPlugin
2024-10-06 23:23:27,890 [INFO] PluginManager:217 - loadIPPluginJar : add adc
2024-10-06 23:23:27,902 [INFO] IPUIPlugin:79 - create IPUIPlugin
2024-10-06 23:23:27,903 [INFO] PluginManager:217 - loadIPPluginJar : add aes
2024-10-06 23:23:27,912 [INFO] IPUIPlugin:79 - create IPUIPlugin
2024-10-06 23:23:27,914 [INFO] PluginManager:217 - loadIPPluginJar : add can
2024-10-06 23:23:27,922 [INFO] IPUIPlugin:79 - create IPUIPlugin
2024-10-06 23:23:27,923 [INFO] PluginManager:217 - loadIPPluginJar : add comp
2024-10-06 23:23:27,929 [INFO] IPUIPlugin:79 - create IPUIPlugin
2024-10-06 23:23:27,930 [INFO] PluginManager:217 - loadIPPluginJar : add cryp
2024-10-06 23:23:27,936 [INFO] IPUIPlugin:79 - create IPUIPlugin
2024-10-06 23:23:27,937 [INFO] PluginManager:217 - loadIPPluginJar : add dfsdm
2024-10-06 23:23:27,952 [INFO] IPUIPlugin:79 - create IPUIPlugin
2024-10-06 23:23:27,953 [INFO] PluginManager:217 - loadIPPluginJar : add dma
2024-10-06 23:23:27,960 [INFO] IPUIPlugin:79 - create IPUIPlugin
2024-10-06 23:23:27,960 [INFO] PluginManager:217 - loadIPPluginJar : add dma3
2024-10-06 23:23:27,965 [INFO] IPUIPlugin:79 - create IPUIPlugin
2024-10-06 23:23:27,965 [INFO] PluginManager:217 - loadIPPluginJar : add fatfs
2024-10-06 23:23:27,975 [INFO] IPUIPlugin:79 - create IPUIPlugin
2024-10-06 23:23:27,976 [INFO] PluginManager:217 - loadIPPluginJar : add fmc
2024-10-06 23:23:27,991 [INFO] IPUIPlugin:79 - create IPUIPlugin
2024-10-06 23:23:27,993 [INFO] PluginManager:217 - loadIPPluginJar : add freertos
2024-10-06 23:23:27,998 [INFO] IPUIPlugin:79 - create IPUIPlugin
2024-10-06 23:23:27,999 [INFO] PluginManager:217 - loadIPPluginJar : add genericplugin
2024-10-06 23:23:28,004 [INFO] IPUIPlugin:79 - create IPUIPlugin
2024-10-06 23:23:28,005 [INFO] PluginManager:217 - loadIPPluginJar : add gfxmmu
2024-10-06 23:23:28,019 [INFO] IPUIPlugin:79 - create IPUIPlugin
2024-10-06 23:23:28,021 [INFO] PluginManager:217 - loadIPPluginJar : add gic
2024-10-06 23:23:28,066 [INFO] IPUIPlugin:79 - create IPUIPlugin
2024-10-06 23:23:28,067 [INFO] PluginManager:217 - loadIPPluginJar : add gpio
2024-10-06 23:23:28,109 [INFO] IPUIPlugin:79 - create IPUIPlugin
2024-10-06 23:23:28,110 [INFO] PluginManager:217 - loadIPPluginJar : add gtzc
2024-10-06 23:23:28,118 [INFO] IPUIPlugin:79 - create IPUIPlugin
2024-10-06 23:23:28,118 [INFO] PluginManager:217 - loadIPPluginJar : add hash
2024-10-06 23:23:28,128 [INFO] IPUIPlugin:79 - create IPUIPlugin
2024-10-06 23:23:28,131 [INFO] PluginManager:217 - loadIPPluginJar : add i2c
2024-10-06 23:23:28,140 [INFO] IPUIPlugin:79 - create IPUIPlugin
2024-10-06 23:23:28,141 [INFO] PluginManager:217 - loadIPPluginJar : add i2s
2024-10-06 23:23:28,203 [INFO] IPUIPlugin:79 - create IPUIPlugin
2024-10-06 23:23:28,204 [INFO] PluginManager:217 - loadIPPluginJar : add ipddr
2024-10-06 23:23:28,221 [INFO] IPUIPlugin:79 - create IPUIPlugin
2024-10-06 23:23:28,222 [INFO] PluginManager:217 - loadIPPluginJar : add linkedlist
2024-10-06 23:23:28,244 [INFO] IPUIPlugin:79 - create IPUIPlugin
2024-10-06 23:23:28,245 [INFO] PluginManager:217 - loadIPPluginJar : add lorawan
2024-10-06 23:23:28,253 [INFO] IPUIPlugin:79 - create IPUIPlugin
2024-10-06 23:23:28,254 [INFO] PluginManager:217 - loadIPPluginJar : add ltdc
2024-10-06 23:23:28,294 [INFO] IPUIPlugin:79 - create IPUIPlugin
2024-10-06 23:23:28,297 [INFO] PluginManager:217 - loadIPPluginJar : add mdma
2024-10-06 23:23:28,312 [INFO] IPUIPlugin:79 - create IPUIPlugin
2024-10-06 23:23:28,315 [INFO] PluginManager:217 - loadIPPluginJar : add nvic
2024-10-06 23:23:28,335 [INFO] IPUIPlugin:79 - create IPUIPlugin
2024-10-06 23:23:28,336 [INFO] PluginManager:217 - loadIPPluginJar : add opamp
2024-10-06 23:23:28,344 [INFO] IPUIPlugin:79 - create IPUIPlugin
2024-10-06 23:23:28,344 [INFO] PluginManager:217 - loadIPPluginJar : add openamp
2024-10-06 23:23:28,353 [INFO] IPUIPlugin:79 - create IPUIPlugin
2024-10-06 23:23:28,354 [INFO] PluginManager:217 - loadIPPluginJar : add pdm2pcm
2024-10-06 23:23:28,369 [INFO] IPUIPlugin:79 - create IPUIPlugin
2024-10-06 23:23:28,377 [INFO] PluginManager:217 - loadIPPluginJar : add plateformsettings
2024-10-06 23:23:28,382 [INFO] IPUIPlugin:79 - create IPUIPlugin
2024-10-06 23:23:28,382 [INFO] PluginManager:217 - loadIPPluginJar : add quadspi
2024-10-06 23:23:28,392 [INFO] IPUIPlugin:79 - create IPUIPlugin
2024-10-06 23:23:28,393 [INFO] PluginManager:217 - loadIPPluginJar : add resmgrutility
2024-10-06 23:23:28,400 [INFO] IPUIPlugin:79 - create IPUIPlugin
2024-10-06 23:23:28,401 [INFO] PluginManager:217 - loadIPPluginJar : add sai
2024-10-06 23:23:28,406 [INFO] IPUIPlugin:79 - create IPUIPlugin
2024-10-06 23:23:28,407 [INFO] PluginManager:217 - loadIPPluginJar : add spi
2024-10-06 23:23:28,418 [INFO] IPUIPlugin:79 - create IPUIPlugin
2024-10-06 23:23:28,419 [INFO] PluginManager:217 - loadIPPluginJar : add stm32_wpan
2024-10-06 23:23:28,423 [INFO] IPUIPlugin:79 - create IPUIPlugin
2024-10-06 23:23:28,424 [INFO] PluginManager:217 - loadIPPluginJar : add tim
2024-10-06 23:23:28,431 [INFO] IPUIPlugin:79 - create IPUIPlugin
2024-10-06 23:23:28,432 [INFO] PluginManager:217 - loadIPPluginJar : add touchsensing
2024-10-06 23:23:28,436 [INFO] IPUIPlugin:79 - create IPUIPlugin
2024-10-06 23:23:28,437 [INFO] PluginManager:217 - loadIPPluginJar : add tracer_emb
2024-10-06 23:23:28,442 [INFO] IPUIPlugin:79 - create IPUIPlugin
2024-10-06 23:23:28,443 [INFO] PluginManager:217 - loadIPPluginJar : add ts
2024-10-06 23:23:28,447 [INFO] IPUIPlugin:79 - create IPUIPlugin
2024-10-06 23:23:28,448 [INFO] PluginManager:217 - loadIPPluginJar : add tsc
2024-10-06 23:23:28,453 [INFO] IPUIPlugin:79 - create IPUIPlugin
2024-10-06 23:23:28,454 [INFO] PluginManager:217 - loadIPPluginJar : add ucpd
2024-10-06 23:23:28,460 [INFO] IPUIPlugin:79 - create IPUIPlugin
2024-10-06 23:23:28,461 [INFO] PluginManager:217 - loadIPPluginJar : add usart
2024-10-06 23:23:28,468 [INFO] IPUIPlugin:79 - create IPUIPlugin
2024-10-06 23:23:28,469 [INFO] PluginManager:217 - loadIPPluginJar : add usbx
2024-10-06 23:23:29,138 [FATAL] Updater:301 - Updater called before beeing initialized
2024-10-06 23:23:29,479 [INFO] ThirdPartyUpdaterWithRetryManager:70 - Updater plugin not ready yet. [2/15]
2024-10-06 23:23:29,633 [FATAL] Updater:301 - Updater called before beeing initialized
2024-10-06 23:23:29,655 [INFO] DbMcusAds:52 - JSON generation date=Fri Sep 20 20:04:23 ICT 2024 (1726837463113)
2024-10-06 23:23:29,656 [FATAL] Updater:301 - Updater called before beeing initialized
2024-10-06 23:23:29,897 [WARN] DetailPanel:344 - Failed to get advertising image, set to default
2024-10-06 23:23:30,546 [FATAL] Updater:301 - Updater called before beeing initialized
2024-10-06 23:23:30,552 [FATAL] Updater:301 - Updater called before beeing initialized
2024-10-06 23:23:30,553 [FATAL] Updater:301 - Updater called before beeing initialized
2024-10-06 23:23:30,553 [WARN] DetailPanel:344 - Failed to get advertising image, set to default
2024-10-06 23:23:30,556 [FATAL] Updater:301 - Updater called before beeing initialized
2024-10-06 23:23:30,766 [ERROR] Updater:1105 - MainUpdater not yet initialized. External WinMGr cannot be set.
2024-10-06 23:23:30,776 [INFO] Updater:1041 - Updater Version found : 6.6.1
2024-10-06 23:23:30,839 [INFO] ApplicationProperties:181 - Using Application install path: D:\BKRA\KEIL C test\STM32CubeIDE_1.10.1\STM32CubeIDE\plugins\com.st.stm32cube.common.mx_6.6.1.202207061420
2024-10-06 23:23:31,844 [INFO] MainUpdater:2768 - connection check result : 10
2024-10-06 23:23:31,846 [INFO] MainUpdater:280 - Updater Check For Update Now.
2024-10-06 23:23:31,847 [INFO] MicroXplorer:481 - Change Database Version : DB.6.0.60
2024-10-06 23:23:32,292 [INFO] CheckServerUpdateThread:119 - End of CheckServer Thread
2024-10-06 23:23:32,468 [INFO] MainUpdater:2768 - connection check result : 10
2024-10-06 23:23:32,470 [INFO] MainUpdater:2768 - connection check result : 10
2024-10-06 23:23:32,604 [INFO] MicroXplorer:451 - Change Database Path : 
2024-10-06 23:23:32,606 [INFO] MicroXplorer:481 - Change Database Version : DB.6.0.60
2024-10-06 23:23:32,608 [WARN] ThirdParty:827 - waiting for thirdparty lock release [close project]
2024-10-06 23:23:33,972 [WARN] PackLoader:242 - Cannot read IP mode file for STMicroelectronics.FP-SNS-MOTENVWB1.1.4.0
2024-10-06 23:23:34,085 [WARN] PackLoader:242 - Cannot read IP mode file for STMicroelectronics.X-CUBE-SMBUS.2.1.0
2024-10-06 23:23:34,111 [WARN] PackLoader:242 - Cannot read IP mode file for STMicroelectronics.X-CUBE-WB05N.1.1.0
2024-10-06 23:23:34,138 [WARN] PackLoader:242 - Cannot read IP mode file for STMicroelectronics.X-CUBE-TOUCHGFX.4.23.2
2024-10-06 23:23:34,283 [WARN] PackLoader:242 - Cannot read IP mode file for STMicroelectronics.X-CUBE-AZRTOS-F7.1.1.0
2024-10-06 23:23:34,671 [WARN] PackLoader:242 - Cannot read IP mode file for STMicroelectronics.X-CUBE-MEMS1.11.0.0
2024-10-06 23:23:36,031 [WARN] PackLoader:242 - Cannot read IP mode file for STMicroelectronics.FP-SNS-FLIGHT1.5.0.2
2024-10-06 23:23:36,092 [WARN] PackLoader:242 - Cannot read IP mode file for STMicroelectronics.X-CUBE-DISPLAY.3.0.0
2024-10-06 23:23:36,142 [WARN] PackLoader:242 - Cannot read IP mode file for STMicroelectronics.X-CUBE-BLE1.7.0.0
2024-10-06 23:23:36,247 [WARN] PackLoader:242 - Cannot read IP mode file for STMicroelectronics.X-CUBE-NFC10.1.0.0
2024-10-06 23:23:36,264 [WARN] PackLoader:242 - Cannot read IP mode file for emotas.I-CUBE-CANOPEN.1.3.0
2024-10-06 23:23:36,452 [WARN] PackLoader:242 - Cannot read IP mode file for STMicroelectronics.X-CUBE-BLEMGR.3.1.0
2024-10-06 23:23:36,508 [WARN] PackLoader:242 - Cannot read IP mode file for STMicroelectronics.FP-SNS-SMARTAG2.1.2.0
2024-10-06 23:23:36,591 [INFO] LogOutputStream:76 - [STDOUT_REDIRECT] 1 : Invalid condition id : UX_CORESTACK_Condition cause : null
2024-10-06 23:23:36,592 [INFO] LogOutputStream:76 - [STDOUT_REDIRECT] 1 : Invalid condition id : UX_CORESTACK_Condition cause : null
2024-10-06 23:23:36,595 [INFO] LogOutputStream:76 - [STDOUT_REDIRECT] 1 : Invalid condition id : UX_CORESTACK_Condition cause : null
2024-10-06 23:23:36,602 [INFO] LogOutputStream:76 - [STDOUT_REDIRECT] 1 : Invalid condition id : UX_CORESTACK_Condition cause : null
2024-10-06 23:23:36,605 [INFO] LogOutputStream:76 - [STDOUT_REDIRECT] 1 : Invalid condition id : UX_CORESTACK_Condition cause : null
2024-10-06 23:23:36,631 [WARN] PackLoader:242 - Cannot read IP mode file for STMicroelectronics.X-CUBE-AZRTOS-WL.2.0.0
2024-10-06 23:23:36,644 [WARN] PackLoader:242 - Cannot read IP mode file for STMicroelectronics.FP-SNS-MOTENV1.5.0.0
2024-10-06 23:23:36,742 [WARN] PackLoader:242 - Cannot read IP mode file for wolfSSL.I-CUBE-wolfMQTT.1.19.0
2024-10-06 23:23:36,761 [WARN] PackLoader:242 - Cannot read IP mode file for WES.I-CUBE-Cesium.1.3.0
2024-10-06 23:23:36,774 [WARN] PackLoader:242 - Cannot read IP mode file for STMicroelectronics.X-CUBE-BLE2.3.3.0
2024-10-06 23:23:36,953 [WARN] PackLoader:242 - Cannot read IP mode file for STMicroelectronics.X-CUBE-NFC9.1.0.0
2024-10-06 23:23:36,989 [WARN] PackLoader:242 - Cannot read IP mode file for STMicroelectronics.X-CUBE-TCPP.4.1.0
2024-10-06 23:23:37,129 [WARN] PackLoader:242 - Cannot read IP mode file for STMicroelectronics.X-CUBE-ALGOBUILD.1.3.0
2024-10-06 23:23:37,390 [WARN] PackLoader:242 - Cannot read IP mode file for STMicroelectronics.X-CUBE-AZRTOS-G0.1.1.0
2024-10-06 23:23:37,421 [WARN] PackLoader:242 - Cannot read IP mode file for STMicroelectronics.X-CUBE-SAFEA1.1.2.2
2024-10-06 23:23:37,569 [WARN] PackLoader:242 - Cannot read IP mode file for STMicroelectronics.X-CUBE-NFC4.3.0.0
2024-10-06 23:23:37,576 [WARN] PackLoader:242 - Cannot read IP mode file for wolfSSL.I-CUBE-wolfMQTT.1.18.0
2024-10-06 23:23:37,593 [ERROR] Engine:467 - C:\Users\User\.stm32cubemx\thirdparties\pdsc\EmbeddedOffice.I-CUBE-FS-RTOS.1.0.1.pdsc: PDSC version is not supported
2024-10-06 23:23:37,639 [ERROR] Engine:467 - C:\Users\User\.stm32cubemx\thirdparties\pdsc\RealThread.X-CUBE-RT-Thread_Nano.4.1.1.pdsc: PDSC version is not supported
2024-10-06 23:23:37,757 [WARN] PackLoader:242 - Cannot read IP mode file for wolfSSL.I-CUBE-wolfSSL.5.7.0
2024-10-06 23:23:37,766 [WARN] PackLoader:242 - Cannot read IP mode file for STMicroelectronics.FP-ATR-SIGFOX1.3.2.0
2024-10-06 23:23:37,781 [WARN] PackLoader:242 - Cannot read IP mode file for STMicroelectronics.X-CUBE-EEPRMA1.5.1.0
2024-10-06 23:23:38,023 [WARN] PackLoader:242 - Cannot read IP mode file for ITTIA_DB.I-CUBE-ITTIADB.8.9.0
2024-10-06 23:23:38,227 [WARN] PackLoader:242 - Cannot read IP mode file for SEGGER.I-CUBE-embOS.1.3.1
2024-10-06 23:23:38,757 [WARN] PackLoader:242 - Cannot read IP mode file for STMicroelectronics.X-CUBE-ALGOBUILD.1.4.0
2024-10-06 23:23:38,801 [WARN] PackLoader:242 - Cannot read IP mode file for STMicroelectronics.X-CUBE-AI.9.1.0
2024-10-06 23:23:38,814 [WARN] PackLoader:242 - Cannot read IP mode file for STMicroelectronics.X-CUBE-GNSS1.6.0.0
2024-10-06 23:23:38,898 [WARN] PackLoader:242 - Cannot read IP mode file for STMicroelectronics.X-CUBE-AZRTOS-F4.1.1.0
2024-10-06 23:23:39,014 [WARN] PackLoader:242 - Cannot read IP mode file for STMicroelectronics.X-CUBE-ISPU.2.1.0
2024-10-06 23:23:39,026 [WARN] PackLoader:242 - Cannot read IP mode file for STMicroelectronics.X-CUBE-FREERTOS.1.2.0
2024-10-06 23:23:39,245 [WARN] PackLoader:242 - Cannot read IP mode file for STMicroelectronics.X-CUBE-AZRTOS-L5.2.0.0
2024-10-06 23:23:39,467 [WARN] PackLoader:242 - Cannot read IP mode file for STMicroelectronics.X-CUBE-NFC6.3.1.0
2024-10-06 23:23:39,483 [ERROR] Engine:467 - C:\Users\User\.stm32cubemx\thirdparties\pdsc\STMicroelectronics.X-CUBE-DPower.1.2.0.pdsc: PDSC version is not supported
2024-10-06 23:23:39,491 [WARN] PackLoader:242 - Cannot read IP mode file for STMicroelectronics.X-CUBE-AI.9.0.0
2024-10-06 23:23:39,599 [WARN] PackLoader:242 - Cannot read IP mode file for STMicroelectronics.X-CUBE-NFC7.1.0.1
2024-10-06 23:23:39,608 [WARN] PackLoader:242 - Cannot read IP mode file for wolfSSL.I-CUBE-wolfTPM.3.2.0
2024-10-06 23:23:39,801 [WARN] ConditionMgr:437 - getConditionDescription Invalid condition id : LAN8742 Phy interface Condition cause : null
2024-10-06 23:23:39,804 [WARN] PackLoader:242 - Cannot read IP mode file for STMicroelectronics.X-CUBE-AZRTOS-L4.2.0.0
2024-10-06 23:23:39,808 [WARN] ConditionMgr:1038 - genDependencies : Invalid condition id : LAN8742 Phy interface Condition cause : null
2024-10-06 23:23:39,809 [WARN] ConditionMgr:1038 - genDependencies : Invalid condition id : LAN8742 Phy interface Condition cause : null
2024-10-06 23:23:39,810 [WARN] ConditionMgr:1038 - genDependencies : Invalid condition id : LAN8742 Phy interface Condition cause : null
2024-10-06 23:23:39,867 [WARN] PackLoader:242 - Cannot read IP mode file for STMicroelectronics.X-CUBE-SFXS2LP1.4.0.0
2024-10-06 23:23:39,950 [WARN] PackLoader:242 - Cannot read IP mode file for STMicroelectronics.X-CUBE-AZRTOS-H7.3.3.0
2024-10-06 23:23:39,976 [ERROR] Engine:467 - C:\Users\User\.stm32cubemx\thirdparties\pdsc\STMicroelectronics.X-CUBE-IPS.3.0.0.pdsc: PDSC version is not supported
2024-10-06 23:23:40,098 [WARN] ConditionMgr:437 - getConditionDescription Invalid condition id : UX DEVICE CLASS RTOS Condition cause : null
2024-10-06 23:23:40,098 [WARN] ConditionMgr:437 - getConditionDescription Invalid condition id : UX DEVICE CLASS RTOS Condition cause : null
2024-10-06 23:23:40,106 [WARN] PackLoader:242 - Cannot read IP mode file for STMicroelectronics.X-CUBE-AZRTOS-WB.2.0.0
2024-10-06 23:23:40,111 [WARN] ConditionMgr:1038 - genDependencies : Invalid condition id : UX DEVICE CLASS RTOS Condition cause : null
2024-10-06 23:23:40,111 [WARN] ConditionMgr:1038 - genDependencies : Invalid condition id : UX DEVICE CLASS RTOS Condition cause : null
2024-10-06 23:23:40,116 [WARN] ConditionMgr:1038 - genDependencies : Invalid condition id : UX DEVICE CLASS RTOS Condition cause : null
2024-10-06 23:23:40,117 [WARN] ConditionMgr:1038 - genDependencies : Invalid condition id : UX DEVICE CLASS RTOS Condition cause : null
2024-10-06 23:23:40,118 [WARN] ConditionMgr:1038 - genDependencies : Invalid condition id : UX DEVICE CLASS RTOS Condition cause : null
2024-10-06 23:23:40,136 [WARN] PackLoader:242 - Cannot read IP mode file for STMicroelectronics.X-CUBE-GNSS1.7.0.0
2024-10-06 23:23:40,238 [ERROR] Engine:467 - C:\Users\User\.stm32cubemx\thirdparties\pdsc\STMicroelectronics.FP-SNS-STBOX1.2.0.0.pdsc: PDSC version is not supported
2024-10-06 23:23:40,269 [WARN] PackLoader:242 - Cannot read IP mode file for STMicroelectronics.X-CUBE-SUBG2.5.0.0
2024-10-06 23:23:40,419 [WARN] PackLoader:242 - Cannot read IP mode file for STMicroelectronics.X-CUBE-AZRTOS-G4.2.0.0
2024-10-06 23:23:40,434 [WARN] PackLoader:242 - Cannot read IP mode file for STMicroelectronics.X-CUBE-ISPU.2.0.0
2024-10-06 23:23:40,445 [WARN] PackLoader:242 - Cannot read IP mode file for STMicroelectronics.X-CUBE-ALS.1.0.2
2024-10-06 23:23:40,786 [WARN] PackLoader:242 - Cannot read IP mode file for STMicroelectronics.X-CUBE-MEMS1.10.0.0
2024-10-06 23:23:41,843 [WARN] PackLoader:242 - Cannot read IP mode file for STMicroelectronics.X-CUBE-TOUCHGFX.4.24.0
2024-10-06 23:23:41,848 [WARN] PackLoader:242 - Cannot read IP mode file for STMicroelectronics.X-CUBE-TOUCHGFX.4.24.1
2024-10-06 23:23:41,898 [WARN] PackLoader:242 - Cannot read IP mode file for portGmbH.I-Cube-SoM-uGOAL.1.1.0
2024-10-06 23:23:41,917 [WARN] PackLoader:242 - Cannot read IP mode file for STMicroelectronics.X-CUBE-ALS.1.0.1
2024-10-06 23:23:42,093 [WARN] PackLoader:242 - Cannot read IP mode file for STMicroelectronics.X-CUBE-AZRTOS-H7RS.1.0.0
2024-10-06 23:23:42,190 [WARN] PackLoader:242 - Cannot read IP mode file for STMicroelectronics.FP-ATR-ASTRA1.2.0.0
2024-10-06 23:23:42,203 [ERROR] Engine:467 - C:\Users\User\.stm32cubemx\thirdparties\pdsc\STMicroelectronics.X-CUBE-TOF1.3.4.2.pdsc: PDSC version is not supported
2024-10-06 23:23:42,228 [WARN] PackLoader:242 - Cannot read IP mode file for STMicroelectronics.X-CUBE-TOF1.3.4.1
2024-10-06 23:23:42,550 [WARN] PackLoader:242 - Cannot read IP mode file for STMicroelectronics.X-CUBE-AZRTOS-H7.3.2.0
2024-10-06 23:23:42,921 [WARN] PackLoader:242 - Cannot read IP mode file for Infineon.AIROC-Wi-Fi-Bluetooth-STM32.1.6.0
2024-10-06 23:23:42,950 [WARN] PackLoader:242 - Cannot read IP mode file for wolfSSL.I-CUBE-wolfSSH.1.4.17
2024-10-06 23:23:42,951 [INFO] ThirdParty:929 - Integrity check success = true
2024-10-06 23:23:42,952 [INFO] IntegrityCheckThread:98 - exiting critical section [integrity check]
2024-10-06 23:23:42,952 [INFO] IntegrityCheckThread:101 - End integrity checks thread
2024-10-06 23:23:42,953 [INFO] ThirdParty:829 - entering critical section [close project]
2024-10-06 23:23:42,954 [INFO] ThirdParty:839 - exiting critical section [close project]
2024-10-06 23:23:42,975 [INFO] PinOutPanel:1468 - setPackage(No Configuration,No Configuration)
2024-10-06 23:23:42,990 [INFO] UtilMem:74 - Begin LoadConfig() Used Memory: 600021840 Bytes (619708416)
2024-10-06 23:23:42,992 [INFO] MicroXplorer:451 - Change Database Path : 
2024-10-06 23:23:42,993 [INFO] MicroXplorer:481 - Change Database Version : DB.6.0.60
2024-10-06 23:23:42,993 [INFO] OpenFileManager:307 - Change cursor
2024-10-06 23:23:43,234 [INFO] Mcu:1922 - Initializing MCU STM32F103C(4-6)Tx STM32F103C6Tx STM32F103C6T6A
2024-10-06 23:23:47,536 [INFO] Context:654 - Trying to add GPIOservice into a context  which must be forbidden
2024-10-06 23:23:48,510 [WARN] ApiManager:308 - Cannot register API 'Board Extension:NFC09A1' from pack STMicroelectronics.X-CUBE-NFC9.1.0.0: no header file found
2024-10-06 23:23:48,520 [WARN] ApiManager:308 - Cannot register API 'Board Extension:GNSS1A1' from pack STMicroelectronics.X-CUBE-GNSS1.6.0.0: no header file found
2024-10-06 23:23:48,520 [WARN] ApiManager:308 - Cannot register API 'Board Support:Custom' from pack STMicroelectronics.X-CUBE-GNSS1.6.0.0: no header file found
2024-10-06 23:23:48,523 [WARN] ApiManager:308 - Cannot register API 'Data Exchange:lib_gnss' from pack STMicroelectronics.X-CUBE-GNSS1.6.0.0: no header file found
2024-10-06 23:23:48,542 [WARN] ApiManager:308 - Cannot register API 'Wireless:STM32WB05N' from pack STMicroelectronics.X-CUBE-WB05N.1.1.0: no header file found
2024-10-06 23:23:48,621 [WARN] ApiManager:308 - Cannot register API 'Board Extension:GNSS1A1' from pack STMicroelectronics.X-CUBE-GNSS1.7.0.0: no header file found
2024-10-06 23:23:48,622 [WARN] ApiManager:308 - Cannot register API 'Board Support:Custom' from pack STMicroelectronics.X-CUBE-GNSS1.7.0.0: no header file found
2024-10-06 23:23:48,622 [WARN] ApiManager:308 - Cannot register API 'Data Exchange:lib_gnss' from pack STMicroelectronics.X-CUBE-GNSS1.7.0.0: no header file found
2024-10-06 23:23:48,657 [WARN] ApiManager:308 - Cannot register API 'Board Extension:NFC06A1' from pack STMicroelectronics.X-CUBE-NFC6.3.1.0: no header file found
2024-10-06 23:23:48,657 [WARN] ApiManager:308 - Cannot register API 'Board Extension:NFC08A1' from pack STMicroelectronics.X-CUBE-NFC6.3.1.0: no header file found
2024-10-06 23:23:49,038 [WARN] ApiManager:308 - Cannot register API 'Board Extension:IKS01A3' from pack STMicroelectronics.X-CUBE-MEMS1.11.0.0: no header file found
2024-10-06 23:23:49,039 [WARN] ApiManager:308 - Cannot register API 'Board Extension:IKS02A1' from pack STMicroelectronics.X-CUBE-MEMS1.11.0.0: no header file found
2024-10-06 23:23:49,039 [WARN] ApiManager:308 - Cannot register API 'Board Extension:IKS4A1' from pack STMicroelectronics.X-CUBE-MEMS1.11.0.0: no header file found
2024-10-06 23:23:49,160 [INFO] RtosManager:488 - Registered RTOS mode: class=CMSIS, group=RTOS, mode=CMSIS_V1, owner=FREERTOS
2024-10-06 23:23:49,161 [INFO] RtosManager:488 - Registered RTOS mode: class=CMSIS, group=RTOS2, mode=CMSIS_V2, owner=FREERTOS
2024-10-06 23:23:49,162 [INFO] RtosManager:488 - Registered RTOS mode: class=RTOS, group=Core, mode=CMSIS_V1, owner=FREERTOS
2024-10-06 23:23:49,163 [INFO] RtosManager:488 - Registered RTOS mode: class=RTOS, group=Core, mode=CMSIS_V2, owner=FREERTOS
2024-10-06 23:23:49,164 [WARN] ModelIntegratedComponent:185 - Missing modes for component STMicroelectronics:FreeRTOS:0.0.1:STMicroelectronics:RTOS:FreeRTOS:Core:::10.2.0:
2024-10-06 23:23:49,172 [WARN] ApiManager:308 - Cannot register API 'Board Extension:STSAFEA1' from pack STMicroelectronics.X-CUBE-SAFEA1.1.2.2: no header file found
2024-10-06 23:23:49,173 [WARN] ApiManager:308 - Cannot register API 'Board Part:STSAFEA110' from pack STMicroelectronics.X-CUBE-SAFEA1.1.2.2: no header file found
2024-10-06 23:23:49,173 [WARN] ApiManager:308 - Cannot register API 'Security:ST_Cryptolib' from pack STMicroelectronics.X-CUBE-SAFEA1.1.2.2: no header file found
2024-10-06 23:23:49,173 [WARN] ApiManager:308 - Cannot register API 'Security:MbedTLS' from pack STMicroelectronics.X-CUBE-SAFEA1.1.2.2: no header file found
2024-10-06 23:23:49,174 [WARN] ApiManager:308 - Cannot register API 'Board Extension:NFC04A1' from pack STMicroelectronics.X-CUBE-NFC4.3.0.0: no header file found
2024-10-06 23:23:49,182 [WARN] ApiManager:308 - Cannot register API 'Board Extension:S2868A1' from pack STMicroelectronics.X-CUBE-SUBG2.5.0.0: no header file found
2024-10-06 23:23:49,183 [WARN] ApiManager:308 - Cannot register API 'Board Extension:S2868A2' from pack STMicroelectronics.X-CUBE-SUBG2.5.0.0: no header file found
2024-10-06 23:23:49,183 [WARN] ApiManager:308 - Cannot register API 'Board Extension:S2915A1' from pack STMicroelectronics.X-CUBE-SUBG2.5.0.0: no header file found
2024-10-06 23:23:49,244 [WARN] ApiManager:308 - Cannot register API 'Wireless:BlueNRG-MS' from pack STMicroelectronics.X-CUBE-BLE1.7.0.0: no header file found
2024-10-06 23:23:49,245 [WARN] ApiManager:308 - Cannot register API 'Board Extension:NFC10A1' from pack STMicroelectronics.X-CUBE-NFC10.1.0.0: no header file found
2024-10-06 23:23:49,249 [WARN] ApiManager:308 - Cannot register API 'Board Extension:EEPRMA2' from pack STMicroelectronics.X-CUBE-EEPRMA1.5.1.0: no header file found
2024-10-06 23:23:49,249 [WARN] ApiManager:308 - Cannot register API 'Board Extension:PGEEZ1' from pack STMicroelectronics.X-CUBE-EEPRMA1.5.1.0: no header file found
2024-10-06 23:23:49,249 [WARN] ApiManager:308 - Cannot register API 'Board Extension:EEICA1' from pack STMicroelectronics.X-CUBE-EEPRMA1.5.1.0: no header file found
2024-10-06 23:23:49,250 [WARN] ApiManager:308 - Cannot register API 'Board Part:M24' from pack STMicroelectronics.X-CUBE-EEPRMA1.5.1.0: no header file found
2024-10-06 23:23:49,250 [WARN] ApiManager:308 - Cannot register API 'Board Part:M95' from pack STMicroelectronics.X-CUBE-EEPRMA1.5.1.0: no header file found
2024-10-06 23:23:49,250 [WARN] ApiManager:308 - Cannot register API 'Board Part:M95P32' from pack STMicroelectronics.X-CUBE-EEPRMA1.5.1.0: no header file found
2024-10-06 23:23:49,250 [WARN] ApiManager:308 - Cannot register API 'Board Part:M24256E-F' from pack STMicroelectronics.X-CUBE-EEPRMA1.5.1.0: no header file found
2024-10-06 23:23:49,250 [WARN] ApiManager:308 - Cannot register API 'Board Part:M24M01E-F' from pack STMicroelectronics.X-CUBE-EEPRMA1.5.1.0: no header file found
2024-10-06 23:23:49,251 [WARN] ApiManager:308 - Cannot register API 'PGEEZ1:SPI' from pack STMicroelectronics.X-CUBE-EEPRMA1.5.1.0: no header file found
2024-10-06 23:23:49,251 [WARN] ApiManager:308 - Cannot register API 'PGEEZ1:QDSPI' from pack STMicroelectronics.X-CUBE-EEPRMA1.5.1.0: no header file found
2024-10-06 23:23:49,255 [WARN] ModelIntegratedComponent:64 - No mode defined for component null
2024-10-06 23:23:49,255 [WARN] ModelIntegratedComponent:64 - No mode defined for component null
2024-10-06 23:23:49,255 [WARN] ModelIntegratedComponent:64 - No mode defined for component null
2024-10-06 23:23:49,255 [WARN] ModelIntegratedComponent:64 - No mode defined for component null
2024-10-06 23:23:49,256 [WARN] ModelIntegratedComponent:64 - No mode defined for component null
2024-10-06 23:23:49,256 [WARN] ModelIntegratedComponent:64 - No mode defined for component null
2024-10-06 23:23:49,256 [WARN] ModelIntegratedComponent:64 - No mode defined for component null
2024-10-06 23:23:49,256 [WARN] ModelIntegratedComponent:64 - No mode defined for component null
2024-10-06 23:23:49,256 [WARN] ModelIntegratedComponent:64 - No mode defined for component null
2024-10-06 23:23:49,256 [WARN] ModelIntegratedComponent:64 - No mode defined for component null
2024-10-06 23:23:49,257 [WARN] ModelIntegratedComponent:64 - No mode defined for component null
2024-10-06 23:23:49,257 [WARN] ModelIntegratedComponent:64 - No mode defined for component null
2024-10-06 23:23:49,257 [WARN] ModelIntegratedComponent:64 - No mode defined for component null
2024-10-06 23:23:49,258 [WARN] ModelIntegratedComponent:64 - No mode defined for component null
2024-10-06 23:23:49,258 [WARN] ModelIntegratedComponent:64 - No mode defined for component null
2024-10-06 23:23:49,259 [WARN] ModelIntegratedComponent:64 - No mode defined for component null
2024-10-06 23:23:49,259 [WARN] ModelIntegratedComponent:64 - No mode defined for component null
2024-10-06 23:23:49,259 [WARN] ModelIntegratedComponent:64 - No mode defined for component null
2024-10-06 23:23:49,259 [WARN] ModelIntegratedComponent:64 - No mode defined for component null
2024-10-06 23:23:49,259 [WARN] ModelIntegratedComponent:64 - No mode defined for component null
2024-10-06 23:23:49,259 [WARN] ModelIntegratedComponent:64 - No mode defined for component null
2024-10-06 23:23:49,260 [WARN] ModelIntegratedComponent:64 - No mode defined for component null
2024-10-06 23:23:49,260 [WARN] ModelIntegratedComponent:64 - No mode defined for component null
2024-10-06 23:23:49,260 [WARN] ModelIntegratedComponent:64 - No mode defined for component null
2024-10-06 23:23:49,260 [WARN] ModelIntegratedComponent:64 - No mode defined for component null
2024-10-06 23:23:49,260 [WARN] ModelIntegratedComponent:64 - No mode defined for component null
2024-10-06 23:23:49,260 [WARN] ModelIntegratedComponent:64 - No mode defined for component null
2024-10-06 23:23:49,261 [WARN] ModelIntegratedComponent:64 - No mode defined for component null
2024-10-06 23:23:49,261 [WARN] ModelIntegratedComponent:64 - No mode defined for component null
2024-10-06 23:23:49,261 [WARN] ModelIntegratedComponent:64 - No mode defined for component null
2024-10-06 23:23:49,262 [WARN] ModelIntegratedComponent:64 - No mode defined for component null
2024-10-06 23:23:49,262 [WARN] ModelIntegratedComponent:64 - No mode defined for component null
2024-10-06 23:23:49,262 [WARN] ModelIntegratedComponent:64 - No mode defined for component null
2024-10-06 23:23:49,570 [WARN] ApiManager:308 - Cannot register API 'Board Extension:IKS01A3' from pack STMicroelectronics.X-CUBE-MEMS1.10.0.0: no header file found
2024-10-06 23:23:49,570 [WARN] ApiManager:308 - Cannot register API 'Board Extension:IKS02A1' from pack STMicroelectronics.X-CUBE-MEMS1.10.0.0: no header file found
2024-10-06 23:23:49,570 [WARN] ApiManager:308 - Cannot register API 'Board Extension:IKS4A1' from pack STMicroelectronics.X-CUBE-MEMS1.10.0.0: no header file found
2024-10-06 23:23:49,630 [WARN] ApiManager:308 - Cannot register API 'Board Extension:NFC07A1' from pack STMicroelectronics.X-CUBE-NFC7.1.0.1: no header file found
2024-10-06 23:23:49,683 [WARN] ApiManager:308 - Cannot register API 'Board Extension:S2868A1' from pack STMicroelectronics.X-CUBE-SFXS2LP1.4.0.0: no header file found
2024-10-06 23:23:49,689 [WARN] ApiManager:308 - Cannot register API 'Board Extension:S2868A2' from pack STMicroelectronics.X-CUBE-SFXS2LP1.4.0.0: no header file found
2024-10-06 23:23:49,689 [WARN] ApiManager:308 - Cannot register API 'Board Extension:S2915A1' from pack STMicroelectronics.X-CUBE-SFXS2LP1.4.0.0: no header file found
2024-10-06 23:23:49,691 [WARN] ApiManager:308 - Cannot register API 'Wireless:BlueNRG-2' from pack STMicroelectronics.X-CUBE-BLE2.3.3.0: no header file found
2024-10-06 23:23:49,755 [INFO] ThirdPartyModel:289 - Start build external matchings
2024-10-06 23:23:51,633 [INFO] ThirdPartyModel:302 - End build external matchings
2024-10-06 23:23:51,956 [INFO] UtilMem:74 - End LoadConfig() Used Memory: 563248888 Bytes (619708416)
2024-10-06 23:23:52,141 [INFO] ApiDb:576 - Connected to CubeFinder SQLite database (C:\Users\User\.stmcufinder\plugins\mcufinder\mcu\cube-finder-db.db)
2024-10-06 23:23:52,353 [INFO] ApiDb:663 - CubeFinder database Data Model version=2.1
2024-10-06 23:23:52,354 [INFO] ApiDb:664 - CubeFinder database Configuration version=3.0.39
2024-10-06 23:23:52,354 [INFO] ApiDb:665 - CubeFinder database generation date=2024-09-16 (1726485674)
2024-10-06 23:23:52,354 [INFO] ApiDb:666 - CubeFinder database FW Pack versions=[FP-ATR-ASTRA1_V2.0.0, FP-SNS-FLIGHT1_V5.0.2, FP-SNS-MOTENV1_V5.0.0, FP-SNS-MOTENVWB1_V1.4.0, FP-SNS-SMARTAG2_V1.2.0, FP-SNS-STBOX1_V2.0.0, STM32Cube_FW_C0_V1.2.0, STM32Cube_FW_F4_V1.28.1, STM32Cube_FW_F7_V1.17.2, STM32Cube_FW_G0_V1.6.2, STM32Cube_FW_G4_V1.6.0, STM32Cube_FW_H5_V1.3.0, STM32Cube_FW_H7RS_V1.1.0, STM32Cube_FW_H7_V1.11.2, STM32Cube_FW_L0_V1.12.2, STM32Cube_FW_L5_V1.5.1, STM32Cube_FW_U0_V1.1.0, STM32Cube_FW_U5_V1.6.0, STM32Cube_FW_WB0_V1.0.0, STM32Cube_FW_WBA_V1.4.1, STM32Cube_FW_WB_V1.20.0, STM32Cube_FW_WL_V1.3.0, X-CUBE-ALGOBUILD_V1.4.0, X-CUBE-ALS_V1.0.2, X-CUBE-AZRTOS-F4_V1.1.0, X-CUBE-AZRTOS-F7_V1.1.0, X-CUBE-AZRTOS-G0_V1.1.0, X-CUBE-AZRTOS-G4_V2.0.0, X-CUBE-AZRTOS-H7RS_V1.0.0, X-CUBE-AZRTOS-H7_V3.2.0, X-CUBE-AZRTOS-L4_V2.0.0, X-CUBE-AZRTOS-L5_V2.0.0, X-CUBE-AZRTOS-WB_V2.0.0, X-CUBE-AZRTOS-WL_V2.0.0, X-CUBE-BLE1_V7.0.0, X-CUBE-BLE2_V3.3.0, X-CUBE-BLEMGR_V3.1.0, X-CUBE-EEPRMA1_V5.1.0, X-CUBE-FREERTOS_V1.2.0, X-CUBE-GNSS1_V6.0.0, X-CUBE-MEMS1_V11.0.0, X-CUBE-NFC4_V3.0.0, X-CUBE-NFC7_V1.0.1, X-CUBE-SFXS2LP1_V4.0.0, X-CUBE-SUBG2_V5.0.0, X-CUBE-TOF1_V3.4.2]
2024-10-06 23:23:57,960 [INFO] ApiDb:239 - Found 138 in-development CPN: [B-WB1M-WPAN1, NUCLEO-C031C6, STEVAL-STWINBX1, STM320518-EVAL, STM32C0116-DK, STM32C011D6Y3TR, STM32C011D6Y6TR, STM32C011F4P3, STM32C011F4P6, STM32C011F4U3, STM32C011F4U6TR, STM32C011F6P3, STM32C011F6P6, STM32C011F6U3, STM32C011F6U6TR, STM32C011J4M3, STM32C011J4M6, STM32C011J6M3, STM32C011J6M6, STM32C0316-DK, STM32C031C4T3, STM32C031C4T6, STM32C031C4U3, STM32C031C4U6, STM32C031C6T3, STM32C031C6T6, STM32C031C6U3, STM32C031C6U6, STM32C031F4P3, STM32C031F4P6, STM32C031F6P3, STM32C031F6P6, STM32C031G4U3, STM32C031G4U6, STM32C031G6U3, STM32C031G6U6, STM32C031K4T3, STM32C031K4T6, STM32C031K4U3, STM32C031K4U6, STM32C031K6T3, STM32C031K6T6, STM32C031K6U3, STM32C031K6U6, STM32G071K8TXN, STM32G071K8UXN, STM32G081GBU6N, STM32G081KBT6N, STM32G081KBUXN, STM32G0B1CCT6N, STM32G0B1KCT6, STM32G0B1NEY6TR, STM32G0B1RCT6N, STM32G0C1CCT6, STM32G0C1CCT6N, STM32G0C1CCU6N, STM32G0C1CET6N, STM32G0C1CEU6N, STM32G0C1KCT6, STM32G0C1NEY6TR, STM32G0C1RCI6N, STM32G0C1RCT6N, STM32G0C1REI6N, STM32G0C1RET6N, STM32G0C1VCI6, STM32G0C1VEI6, STM32G471CCT6, STM32G471CCU6, STM32G471CET3, STM32G471CET6, STM32G471CEU3, STM32G471CEU6, STM32G471MCT6, STM32G471MET3, STM32G471MET6, STM32G471MEY6TR, STM32G471QCT6, STM32G471QET3, STM32G471RCT6, STM32G471RET3, STM32G471RET6, STM32G471VCH6, STM32G471VCI6, STM32G471VCT6, STM32G471VEH3, STM32G471VEH6, STM32G471VEI3, STM32G471VEI6, STM32G471VET3, STM32G471VET6, STM32G474CCT6, STM32L476VGY6PTR, STM32L4R5QGI6STR, STM32MP131AAE3, STM32MP131AAF3, STM32MP131AAG3, STM32MP131CAE3, STM32MP131CAF3, STM32MP131CAG3, STM32MP131DAE7, STM32MP131DAF7, STM32MP131DAG7, STM32MP131FAE7, STM32MP131FAF7, STM32MP131FAG7, STM32MP133AAE3, STM32MP133AAF3, STM32MP133AAG3, STM32MP133CAE3, STM32MP133CAF3, STM32MP133CAG3, STM32MP133DAE7, STM32MP133DAF7, STM32MP133DAG7, STM32MP133FAE7, STM32MP133FAF7, STM32MP133FAG7, STM32MP135AAE3, STM32MP135AAF3, STM32MP135AAG3, STM32MP135CAE3, STM32MP135CAF3, STM32MP135CAG3, STM32MP135DAE7, STM32MP135DAF7, STM32MP135DAG7, STM32MP135F-DK, STM32MP135FAE7, STM32MP135FAF7, STM32MP135FAG7, STM32U595ZJT6Q, STM32U599BJY6QTR, STM32U599NIH6Q, STM32U599NJH6Q, STM32U5A5ZJT6Q, STM32U5A9BJY6QTR, STM32U5A9NJH6Q, STM32WB1MMCH6]
2024-10-06 23:23:58,011 [INFO] DbMcus:215 - Found 4178 MCUs, 4178 are supported
2024-10-06 23:23:58,016 [INFO] ApiDb:418 - Load user favorites file C:\Users\User/.stm32cubeide/favorites.mcus.txt: 0 item(s)
2024-10-06 23:23:58,017 [INFO] ApiDb:422 - User favorites MCUs=[]
2024-10-06 23:23:58,018 [INFO] DbMcus:221 - Set 0 / 0 favorites MCUs
2024-10-06 23:23:58,262 [WARN] ThirdParty:789 - waiting for thirdparty lock release [change project]
2024-10-06 23:23:58,263 [INFO] ThirdParty:791 - entering critical section [change project]
2024-10-06 23:23:58,263 [INFO] ThirdParty:981 - CMSIS Pack Vendor :STMicroelectronics X-CUBE-AZRTOS-H7 3.3.0
2024-10-06 23:23:58,263 [INFO] ThirdParty:981 - CMSIS Pack Vendor :STMicroelectronics X-CUBE-NFC9 1.0.0
2024-10-06 23:23:58,263 [INFO] ThirdParty:981 - CMSIS Pack Vendor :STMicroelectronics X-CUBE-GNSS1 6.0.0
2024-10-06 23:23:58,263 [INFO] ThirdParty:981 - CMSIS Pack Vendor :STMicroelectronics USB_HOST 2.0.0
2024-10-06 23:23:58,264 [INFO] ThirdParty:981 - CMSIS Pack Vendor :STMicroelectronics FP-SNS-MOTENVWB1 1.4.0
2024-10-06 23:23:58,264 [INFO] ThirdParty:981 - CMSIS Pack Vendor :STMicroelectronics X-CUBE-AZRTOS-F4 1.1.0
2024-10-06 23:23:58,264 [INFO] ThirdParty:981 - CMSIS Pack Vendor :STMicroelectronics LIBJPEG 8.0.0
2024-10-06 23:23:58,264 [INFO] ThirdParty:981 - CMSIS Pack Vendor :STMicroelectronics X-CUBE-SMBUS 2.1.0
2024-10-06 23:23:58,264 [INFO] ThirdParty:981 - CMSIS Pack Vendor :STMicroelectronics X-CUBE-WB05N 1.1.0
2024-10-06 23:23:58,264 [INFO] ThirdParty:981 - CMSIS Pack Vendor :STMicroelectronics USB_DEVICE 3.0.0
2024-10-06 23:23:58,264 [INFO] ThirdParty:981 - CMSIS Pack Vendor :STMicroelectronics X-CUBE-TCPP 4.1.0
2024-10-06 23:23:58,264 [INFO] ThirdParty:981 - CMSIS Pack Vendor :STMicroelectronics X-CUBE-ISPU 2.1.0
2024-10-06 23:23:58,265 [INFO] ThirdParty:981 - CMSIS Pack Vendor :STMicroelectronics X-CUBE-FREERTOS 1.2.0
2024-10-06 23:23:58,265 [INFO] ThirdParty:981 - CMSIS Pack Vendor :STMicroelectronics X-CUBE-AZRTOS-WB 2.0.0
2024-10-06 23:23:58,265 [INFO] ThirdParty:981 - CMSIS Pack Vendor :STMicroelectronics X-CUBE-GNSS1 7.0.0
2024-10-06 23:23:58,265 [INFO] ThirdParty:981 - CMSIS Pack Vendor :STMicroelectronics X-CUBE-TOUCHGFX 4.23.2
2024-10-06 23:23:58,265 [INFO] ThirdParty:981 - CMSIS Pack Vendor :STMicroelectronics X-CUBE-AZRTOS-F7 1.1.0
2024-10-06 23:23:58,265 [INFO] ThirdParty:981 - CMSIS Pack Vendor :STMicroelectronics X-CUBE-AZRTOS-L5 2.0.0
2024-10-06 23:23:58,266 [INFO] ThirdParty:981 - CMSIS Pack Vendor :STMicroelectronics USB_DEVICE 2.0.0
2024-10-06 23:23:58,266 [INFO] ThirdParty:981 - CMSIS Pack Vendor :STMicroelectronics X-CUBE-NFC6 3.1.0
2024-10-06 23:23:58,266 [INFO] ThirdParty:981 - CMSIS Pack Vendor :STMicroelectronics X-CUBE-ALGOBUILD 1.3.0
2024-10-06 23:23:58,266 [INFO] ThirdParty:981 - CMSIS Pack Vendor :STMicroelectronics X-CUBE-MEMS1 11.0.0
2024-10-06 23:23:58,266 [INFO] ThirdParty:981 - CMSIS Pack Vendor :STMicroelectronics FreeRTOS 0.0.1
2024-10-06 23:23:58,267 [INFO] ThirdParty:981 - CMSIS Pack Vendor :STMicroelectronics X-CUBE-AZRTOS-G0 1.1.0
2024-10-06 23:23:58,267 [INFO] ThirdParty:981 - CMSIS Pack Vendor :STMicroelectronics X-CUBE-SAFEA1 1.2.2
2024-10-06 23:23:58,267 [INFO] ThirdParty:981 - CMSIS Pack Vendor :STMicroelectronics X-CUBE-NFC4 3.0.0
2024-10-06 23:23:58,267 [INFO] ThirdParty:981 - CMSIS Pack Vendor :STMicroelectronics X-CUBE-SUBG2 5.0.0
2024-10-06 23:23:58,268 [INFO] ThirdParty:981 - CMSIS Pack Vendor :STMicroelectronics STM32_WPAN 1.0.0
2024-10-06 23:23:58,268 [INFO] ThirdParty:981 - CMSIS Pack Vendor :wolfSSL I-CUBE-wolfMQTT 1.18.0
2024-10-06 23:23:58,268 [INFO] ThirdParty:981 - CMSIS Pack Vendor :STMicroelectronics lwIP 2.0.3
2024-10-06 23:23:58,268 [INFO] ThirdParty:981 - CMSIS Pack Vendor :STMicroelectronics FP-SNS-FLIGHT1 5.0.2
2024-10-06 23:23:58,268 [INFO] ThirdParty:981 - CMSIS Pack Vendor :STMicroelectronics USB_HOST 1.0.0
2024-10-06 23:23:58,268 [INFO] ThirdParty:981 - CMSIS Pack Vendor :STMicroelectronics X-CUBE-AI 9.0.0
2024-10-06 23:23:58,269 [INFO] ThirdParty:981 - CMSIS Pack Vendor :STMicroelectronics X-CUBE-AZRTOS-G4 2.0.0
2024-10-06 23:23:58,269 [INFO] ThirdParty:981 - CMSIS Pack Vendor :STMicroelectronics PDM2PCM 3.1.0
2024-10-06 23:23:58,269 [INFO] ThirdParty:981 - CMSIS Pack Vendor :STMicroelectronics PDM2PCM 3.3.0
2024-10-06 23:23:58,269 [INFO] ThirdParty:981 - CMSIS Pack Vendor :STMicroelectronics X-CUBE-DISPLAY 3.0.0
2024-10-06 23:23:58,269 [INFO] ThirdParty:981 - CMSIS Pack Vendor :wolfSSL I-CUBE-wolfSSL 5.7.0
2024-10-06 23:23:58,269 [INFO] ThirdParty:981 - CMSIS Pack Vendor :STMicroelectronics X-CUBE-BLE1 7.0.0
2024-10-06 23:23:58,270 [INFO] ThirdParty:981 - CMSIS Pack Vendor :STMicroelectronics FP-ATR-SIGFOX1 3.2.0
2024-10-06 23:23:58,270 [INFO] ThirdParty:981 - CMSIS Pack Vendor :STMicroelectronics X-CUBE-NFC10 1.0.0
2024-10-06 23:23:58,270 [INFO] ThirdParty:981 - CMSIS Pack Vendor :STMicroelectronics X-CUBE-ISPU 2.0.0
2024-10-06 23:23:58,270 [INFO] ThirdParty:981 - CMSIS Pack Vendor :STMicroelectronics X-CUBE-EEPRMA1 5.1.0
2024-10-06 23:23:58,270 [INFO] ThirdParty:981 - CMSIS Pack Vendor :STMicroelectronics HAL Drivers 0.0.0
2024-10-06 23:23:58,271 [INFO] ThirdParty:981 - CMSIS Pack Vendor :STMicroelectronics MBEDTLS 2.16.2
2024-10-06 23:23:58,271 [INFO] ThirdParty:981 - CMSIS Pack Vendor :STMicroelectronics X-CUBE-ALS 1.0.2
2024-10-06 23:23:58,271 [INFO] ThirdParty:981 - CMSIS Pack Vendor :emotas I-CUBE-CANOPEN 1.3.0
2024-10-06 23:23:58,271 [INFO] ThirdParty:981 - CMSIS Pack Vendor :STMicroelectronics X-CUBE-MEMS1 10.0.0
2024-10-06 23:23:58,272 [INFO] ThirdParty:981 - CMSIS Pack Vendor :STMicroelectronics X-CUBE-NFC7 1.0.1
2024-10-06 23:23:58,272 [INFO] ThirdParty:981 - CMSIS Pack Vendor :STMicroelectronics MBEDTLS 2.14.1
2024-10-06 23:23:58,272 [INFO] ThirdParty:981 - CMSIS Pack Vendor :STMicroelectronics X-CUBE-TOUCHGFX 4.24.0
2024-10-06 23:23:58,272 [INFO] ThirdParty:981 - CMSIS Pack Vendor :ITTIA_DB I-CUBE-ITTIADB 8.9.0
2024-10-06 23:23:58,273 [INFO] ThirdParty:981 - CMSIS Pack Vendor :wolfSSL I-CUBE-wolfTPM 3.2.0
2024-10-06 23:23:58,273 [INFO] ThirdParty:981 - CMSIS Pack Vendor :STMicroelectronics X-CUBE-TOUCHGFX 4.24.1
2024-10-06 23:23:58,273 [INFO] ThirdParty:981 - CMSIS Pack Vendor :portGmbH I-Cube-SoM-uGOAL 1.1.0
2024-10-06 23:23:58,273 [INFO] ThirdParty:981 - CMSIS Pack Vendor :STMicroelectronics X-CUBE-ALS 1.0.1
2024-10-06 23:23:58,273 [INFO] ThirdParty:981 - CMSIS Pack Vendor :STMicroelectronics X-CUBE-BLEMGR 3.1.0
2024-10-06 23:23:58,273 [INFO] ThirdParty:981 - CMSIS Pack Vendor :STMicroelectronics ThreadX 1.0.0
2024-10-06 23:23:58,273 [INFO] ThirdParty:981 - CMSIS Pack Vendor :STMicroelectronics FP-SNS-SMARTAG2 1.2.0
2024-10-06 23:23:58,273 [INFO] ThirdParty:981 - CMSIS Pack Vendor :STMicroelectronics X-CUBE-AZRTOS-WL 2.0.0
2024-10-06 23:23:58,274 [INFO] ThirdParty:981 - CMSIS Pack Vendor :SEGGER I-CUBE-embOS 1.3.1
2024-10-06 23:23:58,274 [INFO] ThirdParty:981 - CMSIS Pack Vendor :STMicroelectronics X-CUBE-ALGOBUILD 1.4.0
2024-10-06 23:23:58,274 [INFO] ThirdParty:981 - CMSIS Pack Vendor :STMicroelectronics FP-SNS-MOTENV1 5.0.0
2024-10-06 23:23:58,274 [INFO] ThirdParty:981 - CMSIS Pack Vendor :STMicroelectronics USB_DEVICE 1.0.0
2024-10-06 23:23:58,274 [INFO] ThirdParty:981 - CMSIS Pack Vendor :STMicroelectronics X-CUBE-AZRTOS-H7RS 1.0.0
2024-10-06 23:23:58,275 [INFO] ThirdParty:981 - CMSIS Pack Vendor :wolfSSL I-CUBE-wolfMQTT 1.19.0
2024-10-06 23:23:58,275 [INFO] ThirdParty:981 - CMSIS Pack Vendor :STMicroelectronics X-CUBE-AZRTOS-L4 2.0.0
2024-10-06 23:23:58,275 [INFO] ThirdParty:981 - CMSIS Pack Vendor :STMicroelectronics ThreadX 0.0.2
2024-10-06 23:23:58,275 [INFO] ThirdParty:981 - CMSIS Pack Vendor :WES I-CUBE-Cesium 1.3.0
2024-10-06 23:23:58,275 [INFO] ThirdParty:981 - CMSIS Pack Vendor :STMicroelectronics FP-ATR-ASTRA1 2.0.0
2024-10-06 23:23:58,275 [INFO] ThirdParty:981 - CMSIS Pack Vendor :STMicroelectronics lwIP 2.1.2
2024-10-06 23:23:58,275 [INFO] ThirdParty:981 - CMSIS Pack Vendor :STMicroelectronics X-CUBE-SFXS2LP1 4.0.0
2024-10-06 23:23:58,275 [INFO] ThirdParty:981 - CMSIS Pack Vendor :STMicroelectronics X-CUBE-BLE2 3.3.0
2024-10-06 23:23:58,276 [INFO] ThirdParty:981 - CMSIS Pack Vendor :STMicroelectronics X-CUBE-AI 9.1.0
2024-10-06 23:23:58,276 [INFO] ThirdParty:981 - CMSIS Pack Vendor :STMicroelectronics X-CUBE-TOF1 3.4.1
2024-10-06 23:23:58,276 [INFO] ThirdParty:981 - CMSIS Pack Vendor :STMicroelectronics X-CUBE-AZRTOS-H7 3.2.0
2024-10-06 23:23:58,276 [INFO] ThirdParty:981 - CMSIS Pack Vendor :Infineon AIROC-Wi-Fi-Bluetooth-STM32 1.6.0
2024-10-06 23:23:58,276 [INFO] ThirdParty:981 - CMSIS Pack Vendor :STMicroelectronics PDM2PCM 3.2.0
2024-10-06 23:23:58,276 [INFO] ThirdParty:981 - CMSIS Pack Vendor :wolfSSL I-CUBE-wolfSSH 1.4.17
2024-10-06 23:23:58,277 [INFO] ThirdParty:797 - exiting critical section [change project]
2024-10-06 23:23:59,289 [INFO] PinOutPanel:1468 - setPackage(No Configuration,No Configuration)
2024-10-06 23:23:59,302 [INFO] PinOutPanel:1468 - setPackage(STM32F103C6Tx,LQFP48)
2024-10-06 23:24:02,018 [INFO] UtilMem:74 - Before build in PCC Used Memory: 587824272 Bytes (619708416)
2024-10-06 23:24:06,184 [INFO] UtilMem:74 - After build in PCC Used Memory: 588625480 Bytes (629145600)
2024-10-06 23:24:06,254 [INFO] IPUIPlugin:79 - create IPUIPlugin
2024-10-06 23:24:06,255 [INFO] IPUIPlugin:79 - create IPUIPlugin
2024-10-06 23:24:06,255 [INFO] IPUIPlugin:79 - create IPUIPlugin
2024-10-06 23:24:06,255 [INFO] IPUIPlugin:79 - create IPUIPlugin
2024-10-06 23:24:06,255 [INFO] IPUIPlugin:79 - create IPUIPlugin
2024-10-06 23:24:06,256 [INFO] IPUIPlugin:79 - create IPUIPlugin
2024-10-06 23:24:06,256 [INFO] IPUIPlugin:79 - create IPUIPlugin
2024-10-06 23:24:06,256 [INFO] IPUIPlugin:79 - create IPUIPlugin
2024-10-06 23:24:06,256 [INFO] IPUIPlugin:79 - create IPUIPlugin
2024-10-06 23:24:06,257 [INFO] IPUIPlugin:79 - create IPUIPlugin
2024-10-06 23:24:06,257 [INFO] IPUIPlugin:79 - create IPUIPlugin
2024-10-06 23:24:06,258 [INFO] IPUIPlugin:79 - create IPUIPlugin
2024-10-06 23:24:06,258 [INFO] IPUIPlugin:79 - create IPUIPlugin
2024-10-06 23:24:06,258 [INFO] IPUIPlugin:79 - create IPUIPlugin
2024-10-06 23:24:06,259 [INFO] IPUIPlugin:79 - create IPUIPlugin
2024-10-06 23:24:06,259 [INFO] IPUIPlugin:79 - create IPUIPlugin
2024-10-06 23:24:06,260 [INFO] IPUIPlugin:79 - create IPUIPlugin
2024-10-06 23:24:06,260 [INFO] IPUIPlugin:79 - create IPUIPlugin
2024-10-06 23:24:06,261 [INFO] IPUIPlugin:79 - create IPUIPlugin
2024-10-06 23:24:06,261 [INFO] IPUIPlugin:79 - create IPUIPlugin
2024-10-06 23:24:06,263 [INFO] IPUIPlugin:79 - create IPUIPlugin
2024-10-06 23:24:06,264 [INFO] IPUIPlugin:79 - create IPUIPlugin
2024-10-06 23:24:06,264 [INFO] IPUIPlugin:79 - create IPUIPlugin
2024-10-06 23:24:07,021 [INFO] OpenFileManager:327 - Restore cursor
2024-10-06 23:28:56,612 [INFO] Gpio:272 - dependency for GPIO []
2024-10-06 23:34:27,255 [INFO] Gpio:272 - dependency for GPIO []
2024-10-06 23:34:29,380 [INFO] Gpio:272 - dependency for GPIO []
2024-10-06 23:34:37,285 [INFO] UtilMem:74 - End SaveConfig() Used Memory: 631924624 Bytes (912261120)
2024-10-06 23:34:38,482 [INFO] UtilMem:74 - End SaveConfig() Used Memory: 642092584 Bytes (912261120)
2024-10-06 23:34:41,462 [INFO] UtilMem:74 - End SaveConfig() Used Memory: 686585328 Bytes (912261120)
2024-10-06 23:34:42,760 [INFO] BlockDiagram:2753 - set Specific Code input for plugin: NVIC
2024-10-06 23:34:42,761 [INFO] BlockDiagram:2753 - set Specific Code input for plugin: SYS
2024-10-06 23:34:42,762 [INFO] BlockDiagram:2753 - set Specific Code input for plugin: GPIO
2024-10-06 23:34:42,762 [INFO] BlockDiagram:2753 - set Specific Code input for plugin: RCC
2024-10-06 23:34:42,762 [INFO] BlockDiagram:2753 - set Specific Code input for plugin: TIM1_8F1
2024-10-06 23:34:42,764 [INFO] CodeGenerator:690 - code generatio: config db path: D:\BKRA\KEIL C test\STM32CubeIDE_1.10.1\STM32CubeIDE\plugins\com.st.stm32cube.common.mx_6.6.1.202207061420\\db\
2024-10-06 23:34:43,573 [INFO] CodeEngine:245 - oldGeneratedFile, D:\BKU\Year 3\VXL-VDK\git3\lab3\MXTmpFiles\license.tmp_save
2024-10-06 23:34:44,386 [INFO] CodeEngine:269 - Generated code: D:\BKU\Year 3\VXL-VDK\git3\lab3\MXTmpFiles\license.tmp
2024-10-06 23:34:44,681 [INFO] CodeEngine:245 - oldGeneratedFile, D:\BKU\Year 3\VXL-VDK\git3\lab3\MXTmpFiles\gpio.tmp_save
2024-10-06 23:34:45,025 [INFO] CodeEngine:269 - Generated code: D:\BKU\Year 3\VXL-VDK\git3\lab3\MXTmpFiles\gpio.tmp
2024-10-06 23:34:45,645 [INFO] CodeEngine:245 - oldGeneratedFile, D:\BKU\Year 3\VXL-VDK\git3\lab3\Core\Src\stm32f1xx_it.c_save
2024-10-06 23:34:45,985 [INFO] CodeEngine:269 - Generated code: D:\BKU\Year 3\VXL-VDK\git3\lab3\Core\Src\stm32f1xx_it.c
2024-10-06 23:34:45,994 [INFO] CodeEngine:245 - oldGeneratedFile, D:\BKU\Year 3\VXL-VDK\git3\lab3\Core\Inc\stm32f1xx_it.h_save
2024-10-06 23:34:46,352 [INFO] CodeEngine:269 - Generated code: D:\BKU\Year 3\VXL-VDK\git3\lab3\Core\Inc\stm32f1xx_it.h
2024-10-06 23:34:46,373 [INFO] CodeEngine:245 - oldGeneratedFile, D:\BKU\Year 3\VXL-VDK\git3\lab3\Core\Src\stm32f1xx_hal_msp.c_save
2024-10-06 23:34:46,767 [INFO] CodeEngine:269 - Generated code: D:\BKU\Year 3\VXL-VDK\git3\lab3\Core\Src\stm32f1xx_hal_msp.c
2024-10-06 23:34:46,774 [INFO] CodeEngine:245 - oldGeneratedFile, D:\BKU\Year 3\VXL-VDK\git3\lab3\MXTmpFiles\system.tmp_save
2024-10-06 23:34:46,942 [INFO] CodeEngine:269 - Generated code: D:\BKU\Year 3\VXL-VDK\git3\lab3\MXTmpFiles\system.tmp
2024-10-06 23:34:46,954 [INFO] CodeEngine:245 - oldGeneratedFile, D:\BKU\Year 3\VXL-VDK\git3\lab3\Core\Inc\stm32f1xx_hal_conf.h_save
2024-10-06 23:34:47,140 [INFO] CodeEngine:269 - Generated code: D:\BKU\Year 3\VXL-VDK\git3\lab3\Core\Inc\stm32f1xx_hal_conf.h
2024-10-06 23:34:47,185 [WARN] IPConfigManager:3348 - IP not found : TIM
2024-10-06 23:34:47,187 [WARN] CodeGenerator:3567 - IP not found : null
2024-10-06 23:34:47,197 [INFO] CodeEngine:245 - oldGeneratedFile, D:\BKU\Year 3\VXL-VDK\git3\lab3\Core\Inc\main.h_save
2024-10-06 23:34:47,405 [INFO] CodeEngine:269 - Generated code: D:\BKU\Year 3\VXL-VDK\git3\lab3\Core\Inc\main.h
2024-10-06 23:34:47,415 [INFO] CodeEngine:245 - oldGeneratedFile, D:\BKU\Year 3\VXL-VDK\git3\lab3\Core\Src\main.c_save
2024-10-06 23:34:48,086 [INFO] CodeEngine:269 - Generated code: D:\BKU\Year 3\VXL-VDK\git3\lab3\Core\Src\main.c
2024-10-06 23:34:50,359 [INFO] ProjectBuilder:2919 - Time for Copy HAL[1] : 346mS.
2024-10-06 23:34:50,393 [INFO] ProjectBuilder:4117 - Project Generator version: 3.17.1
2024-10-06 23:34:51,619 [INFO] ConfigFileManager:1394 - The Die is : DIE412
2024-10-06 23:34:51,637 [INFO] ApiDbMcu:505 - Load IP Config File for FATFS
2024-10-06 23:34:51,650 [INFO] ApiDbMcu:505 - Load IP Config File for FREERTOS
2024-10-06 23:34:51,663 [INFO] ApiDbMcu:505 - Load IP Config File for USB_DEVICE
2024-10-06 23:34:55,869 [INFO] ProjectBuilder:4285 - Time for Generating toolchain IDE Files: 5473mS.
2024-10-06 23:34:55,871 [INFO] ProjectBuilder:2790 - Time for Copy CMSIS : 1mS.
2024-10-06 23:34:55,875 [INFO] ProjectBuilder:2790 - Time for Copy CMSIS : 0mS.
2024-10-10 10:39:59,805 [INFO] Activator:177 - 


2024-10-10 10:39:59,810 [INFO] Activator:178 - !SESSION log4j initialized
2024-10-10 10:40:38,794 [ERROR] LogOutputStream:74 - [STDERR_REDIRECT] SLF4J: Failed to load class "org.slf4j.impl.StaticLoggerBinder".
2024-10-10 10:40:38,797 [ERROR] LogOutputStream:74 - [STDERR_REDIRECT] SLF4J: Defaulting to no-operation (NOP) logger implementation
2024-10-10 10:40:38,803 [ERROR] LogOutputStream:74 - [STDERR_REDIRECT] SLF4J: See http://www.slf4j.org/codes.html#StaticLoggerBinder for further details.
2024-10-10 10:56:38,128 [INFO] McuFinderGlobals:44 - Set McuFinder mode to 2 (CubeIDE integrated)
2024-10-10 10:56:38,418 [INFO] ApplicationProperties:181 - Using Application install path: D:\BKRA\KEIL C test\STM32CubeIDE_1.10.1\STM32CubeIDE\plugins\com.st.stm32cube.common.mx_6.6.1.202207061420
2024-10-10 10:56:38,447 [INFO] DbMcusXml:77 - Set database path to: D:\BKRA\KEIL C test\STM32CubeIDE_1.10.1\STM32CubeIDE\plugins\com.st.stm32cube.common.mx_6.6.1.202207061420\\db\/mcu/
2024-10-10 10:56:38,448 [INFO] ApiDb:269 - Set plugin database path to: D:\BKRA\KEIL C test\STM32CubeIDE_1.10.1\STM32CubeIDE\plugins\com.st.stm32cube.common.mx_6.6.1.202207061420\\db\/plugins/boardmanager/
2024-10-10 10:56:38,452 [WARN] ApiDb:254 - Overriding images path with different value:  => D:\BKRA\KEIL C test\STM32CubeIDE_1.10.1\STM32CubeIDE\plugins\com.st.stm32cube.common.mx_6.6.1.202207061420\\db\/plugins/mcufinder/images/
2024-10-10 10:56:38,475 [INFO] ApiDb:249 - Set database path to: C:\Users\User\.stmcufinder\plugins\mcufinder//mcu/
2024-10-10 10:56:38,478 [INFO] DbMcusAds:124 - Set database path to: C:\Users\User\.stmcufinder\plugins\mcufinder//mcu/
2024-10-10 10:56:38,493 [INFO] CrossReferenceDbSqlite:201 - Set database path to: C:\Users\User\.stmcufinder\plugins\mcufinder//mcu/cs/
2024-10-10 10:56:38,659 [INFO] RulesReader:61 - Compatibility file has been processed (282 Rules)
2024-10-10 10:56:38,826 [INFO] DbMcusXml:77 - Set database path to: D:\BKRA\KEIL C test\STM32CubeIDE_1.10.1\STM32CubeIDE\plugins\com.st.stm32cube.common.mx_6.6.1.202207061420\\db\/mcu/
2024-10-10 10:56:38,827 [INFO] ApiDb:269 - Set plugin database path to: D:\BKRA\KEIL C test\STM32CubeIDE_1.10.1\STM32CubeIDE\plugins\com.st.stm32cube.common.mx_6.6.1.202207061420\\db\/plugins/boardmanager/
2024-10-10 10:56:38,827 [INFO] ApiDb:256 - Set plugin images path to: D:\BKRA\KEIL C test\STM32CubeIDE_1.10.1\STM32CubeIDE\plugins\com.st.stm32cube.common.mx_6.6.1.202207061420\\db\/plugins/mcufinder/images/
2024-10-10 10:56:38,828 [WARN] DbFile:40 - Overriding database path with different value: C:\Users\User\.stmcufinder\plugins\mcufinder/ => C:\Users\User\.stmcufinder\plugins\mcufinder
2024-10-10 10:56:38,829 [INFO] ApiDb:249 - Set database path to: C:\Users\User\.stmcufinder\plugins\mcufinder//mcu/
2024-10-10 10:56:38,829 [WARN] DbFile:40 - Overriding database path with different value: C:\Users\User\.stmcufinder\plugins\mcufinder/ => C:\Users\User\.stmcufinder\plugins\mcufinder
2024-10-10 10:56:38,830 [INFO] DbMcusAds:124 - Set database path to: C:\Users\User\.stmcufinder\plugins\mcufinder//mcu/
2024-10-10 10:56:38,831 [WARN] DbFile:40 - Overriding database path with different value: C:\Users\User\.stmcufinder\plugins\mcufinder/ => C:\Users\User\.stmcufinder\plugins\mcufinder
2024-10-10 10:56:38,832 [WARN] DbFile:40 - Overriding database path with different value: C:\Users\User\.stmcufinder\plugins\mcufinder/ => C:\Users\User\.stmcufinder\plugins\mcufinder
2024-10-10 10:56:38,833 [INFO] CrossReferenceDbSqlite:201 - Set database path to: C:\Users\User\.stmcufinder\plugins\mcufinder//mcu/cs/
2024-10-10 10:56:38,984 [INFO] MainPanel:242 - HeapMemory: 627048448
2024-10-10 10:56:39,167 [INFO] DbMcusXml:77 - Set database path to: D:\BKRA\KEIL C test\STM32CubeIDE_1.10.1\STM32CubeIDE\plugins\com.st.stm32cube.common.mx_6.6.1.202207061420\\db\/mcu/
2024-10-10 10:56:39,168 [INFO] ApiDb:269 - Set plugin database path to: D:\BKRA\KEIL C test\STM32CubeIDE_1.10.1\STM32CubeIDE\plugins\com.st.stm32cube.common.mx_6.6.1.202207061420\\db\/plugins/boardmanager/
2024-10-10 10:56:39,168 [INFO] ApiDb:256 - Set plugin images path to: D:\BKRA\KEIL C test\STM32CubeIDE_1.10.1\STM32CubeIDE\plugins\com.st.stm32cube.common.mx_6.6.1.202207061420\\db\/plugins/mcufinder/images/
2024-10-10 10:56:39,169 [WARN] DbFile:40 - Overriding database path with different value: C:\Users\User\.stmcufinder\plugins\mcufinder/ => C:\Users\User\.stmcufinder\plugins\mcufinder
2024-10-10 10:56:39,169 [INFO] ApiDb:249 - Set database path to: C:\Users\User\.stmcufinder\plugins\mcufinder//mcu/
2024-10-10 10:56:39,170 [WARN] DbFile:40 - Overriding database path with different value: C:\Users\User\.stmcufinder\plugins\mcufinder/ => C:\Users\User\.stmcufinder\plugins\mcufinder
2024-10-10 10:56:39,170 [INFO] DbMcusAds:124 - Set database path to: C:\Users\User\.stmcufinder\plugins\mcufinder//mcu/
2024-10-10 10:56:39,170 [WARN] DbFile:40 - Overriding database path with different value: C:\Users\User\.stmcufinder\plugins\mcufinder/ => C:\Users\User\.stmcufinder\plugins\mcufinder
2024-10-10 10:56:39,171 [WARN] DbFile:40 - Overriding database path with different value: C:\Users\User\.stmcufinder\plugins\mcufinder/ => C:\Users\User\.stmcufinder\plugins\mcufinder
2024-10-10 10:56:39,172 [INFO] CrossReferenceDbSqlite:201 - Set database path to: C:\Users\User\.stmcufinder\plugins\mcufinder//mcu/cs/
2024-10-10 10:56:39,207 [INFO] ApplicationProperties:181 - Using Application install path: D:\BKRA\KEIL C test\STM32CubeIDE_1.10.1\STM32CubeIDE\plugins\com.st.stm32cube.common.mx_6.6.1.202207061420
2024-10-10 10:56:39,209 [INFO] PluginManage:193 - Search for loadable plugins [exclusion list=, ]
2024-10-10 10:56:39,212 [INFO] PluginManage:307 - Check plugin analytics
2024-10-10 10:56:39,549 [INFO] AnalyticsPlugin:262 - Accepted Software Licenses: STM32CubeMX.6.12.0
2024-10-10 10:56:39,550 [INFO] AnalyticsPlugin:264 - Accepted CMSIS Pack Licenses: 
2024-10-10 10:56:39,551 [INFO] AnalyticsPlugin:266 - Accepted Firmware Licenses: FW.F4.1.28.0
2024-10-10 10:56:39,564 [INFO] PluginManage:356 - Loaded plugin analytics (category:tool,tabindex:-1)
2024-10-10 10:56:39,565 [INFO] PluginManage:307 - Check plugin cadmodel
2024-10-10 10:56:39,570 [INFO] CADModel:65 - Init CAD model plugin
2024-10-10 10:56:39,571 [INFO] PluginManage:356 - Loaded plugin cadmodel (category:power,tabindex:5)
2024-10-10 10:56:39,571 [INFO] PluginManage:307 - Check plugin clock
2024-10-10 10:56:39,592 [INFO] PluginManage:356 - Loaded plugin clock (category:base,tabindex:2)
2024-10-10 10:56:39,592 [INFO] PluginManage:307 - Check plugin ddr
2024-10-10 10:56:39,597 [INFO] PluginManage:356 - Loaded plugin ddr (category:tool,tabindex:6)
2024-10-10 10:56:39,597 [INFO] PluginManage:307 - Check plugin filemanager
2024-10-10 10:56:39,950 [INFO] PluginManage:356 - Loaded plugin filemanager (category:base,tabindex:10)
2024-10-10 10:56:39,950 [INFO] PluginManage:307 - Check plugin ipmanager
2024-10-10 10:56:39,966 [INFO] PluginManage:356 - Loaded plugin ipmanager (category:base,tabindex:5)
2024-10-10 10:56:39,967 [INFO] PluginManage:307 - Check plugin lpbam
2024-10-10 10:56:39,984 [INFO] PluginManage:356 - Loaded plugin lpbam (category:base,tabindex:0)
2024-10-10 10:56:39,985 [INFO] PluginManage:307 - Check plugin pinoutandconfiguration
2024-10-10 10:56:39,997 [INFO] PluginManage:356 - Loaded plugin pinoutandconfiguration (category:base,tabindex:1)
2024-10-10 10:56:39,998 [INFO] PluginManage:307 - Check plugin pinoutconfig
2024-10-10 10:56:40,053 [INFO] PluginManage:356 - Loaded plugin pinoutconfig (category:base,tabindex:0)
2024-10-10 10:56:40,055 [INFO] PluginManage:307 - Check plugin power
2024-10-10 10:56:40,078 [INFO] PluginManage:356 - Loaded plugin power (category:power,tabindex:4)
2024-10-10 10:56:40,078 [INFO] PluginManage:307 - Check plugin projectmanager
2024-10-10 10:56:40,111 [INFO] PluginManage:356 - Loaded plugin projectmanager (category:projectmanager,tabindex:3)
2024-10-10 10:56:40,111 [INFO] PluginManage:307 - Check plugin thirdparty
2024-10-10 10:56:40,337 [WARN] IntegrityCheckThread:82 - waiting for thirdparty lock release [integrity check]
2024-10-10 10:56:40,338 [INFO] PluginManage:356 - Loaded plugin thirdparty (category:base,tabindex:-1)
2024-10-10 10:56:40,339 [INFO] IntegrityCheckThread:84 - entering critical section [integrity check]
2024-10-10 10:56:40,340 [INFO] PluginManage:307 - Check plugin tools
2024-10-10 10:56:40,344 [INFO] ThirdPartyUpdaterWithRetryManager:70 - Updater plugin not ready yet. [1/15]
2024-10-10 10:56:40,345 [INFO] PluginManage:356 - Loaded plugin tools (category:base,tabindex:7)
2024-10-10 10:56:40,346 [INFO] PluginManage:307 - Check plugin tutovideos
2024-10-10 10:56:40,744 [INFO] PluginManage:356 - Loaded plugin tutovideos (category:base,tabindex:-1)
2024-10-10 10:56:40,745 [INFO] PluginManage:307 - Check plugin updater
2024-10-10 10:56:40,768 [INFO] PluginManage:356 - Loaded plugin updater (category:base,tabindex:12)
2024-10-10 10:56:40,769 [INFO] PluginManage:280 - PluginManage : Loaded plugins [15]
2024-10-10 10:56:41,248 [INFO] PinOutPanel:1468 - setPackage(No Configuration,No Configuration)
2024-10-10 10:56:41,364 [INFO] CADModel:98 - CPN selected for project level
2024-10-10 10:56:41,390 [INFO] IPUIPlugin:79 - create IPUIPlugin
2024-10-10 10:56:41,390 [INFO] PluginManager:217 - loadIPPluginJar : add adc
2024-10-10 10:56:41,395 [INFO] IPUIPlugin:79 - create IPUIPlugin
2024-10-10 10:56:41,395 [INFO] PluginManager:217 - loadIPPluginJar : add aes
2024-10-10 10:56:41,401 [INFO] IPUIPlugin:79 - create IPUIPlugin
2024-10-10 10:56:41,401 [INFO] PluginManager:217 - loadIPPluginJar : add can
2024-10-10 10:56:41,408 [INFO] IPUIPlugin:79 - create IPUIPlugin
2024-10-10 10:56:41,409 [INFO] PluginManager:217 - loadIPPluginJar : add comp
2024-10-10 10:56:41,414 [INFO] IPUIPlugin:79 - create IPUIPlugin
2024-10-10 10:56:41,414 [INFO] PluginManager:217 - loadIPPluginJar : add cryp
2024-10-10 10:56:41,418 [INFO] IPUIPlugin:79 - create IPUIPlugin
2024-10-10 10:56:41,419 [INFO] PluginManager:217 - loadIPPluginJar : add dfsdm
2024-10-10 10:56:41,429 [INFO] IPUIPlugin:79 - create IPUIPlugin
2024-10-10 10:56:41,430 [INFO] PluginManager:217 - loadIPPluginJar : add dma
2024-10-10 10:56:41,434 [INFO] IPUIPlugin:79 - create IPUIPlugin
2024-10-10 10:56:41,435 [INFO] PluginManager:217 - loadIPPluginJar : add dma3
2024-10-10 10:56:41,437 [INFO] IPUIPlugin:79 - create IPUIPlugin
2024-10-10 10:56:41,438 [INFO] PluginManager:217 - loadIPPluginJar : add fatfs
2024-10-10 10:56:41,446 [INFO] IPUIPlugin:79 - create IPUIPlugin
2024-10-10 10:56:41,447 [INFO] PluginManager:217 - loadIPPluginJar : add fmc
2024-10-10 10:56:41,457 [INFO] IPUIPlugin:79 - create IPUIPlugin
2024-10-10 10:56:41,458 [INFO] PluginManager:217 - loadIPPluginJar : add freertos
2024-10-10 10:56:41,461 [INFO] IPUIPlugin:79 - create IPUIPlugin
2024-10-10 10:56:41,461 [INFO] PluginManager:217 - loadIPPluginJar : add genericplugin
2024-10-10 10:56:41,465 [INFO] IPUIPlugin:79 - create IPUIPlugin
2024-10-10 10:56:41,465 [INFO] PluginManager:217 - loadIPPluginJar : add gfxmmu
2024-10-10 10:56:41,474 [INFO] IPUIPlugin:79 - create IPUIPlugin
2024-10-10 10:56:41,475 [INFO] PluginManager:217 - loadIPPluginJar : add gic
2024-10-10 10:56:41,482 [INFO] IPUIPlugin:79 - create IPUIPlugin
2024-10-10 10:56:41,482 [INFO] PluginManager:217 - loadIPPluginJar : add gpio
2024-10-10 10:56:41,487 [INFO] IPUIPlugin:79 - create IPUIPlugin
2024-10-10 10:56:41,487 [INFO] PluginManager:217 - loadIPPluginJar : add gtzc
2024-10-10 10:56:41,492 [INFO] IPUIPlugin:79 - create IPUIPlugin
2024-10-10 10:56:41,493 [INFO] PluginManager:217 - loadIPPluginJar : add hash
2024-10-10 10:56:41,497 [INFO] IPUIPlugin:79 - create IPUIPlugin
2024-10-10 10:56:41,498 [INFO] PluginManager:217 - loadIPPluginJar : add i2c
2024-10-10 10:56:41,504 [INFO] IPUIPlugin:79 - create IPUIPlugin
2024-10-10 10:56:41,505 [INFO] PluginManager:217 - loadIPPluginJar : add i2s
2024-10-10 10:56:41,511 [INFO] IPUIPlugin:79 - create IPUIPlugin
2024-10-10 10:56:41,512 [INFO] PluginManager:217 - loadIPPluginJar : add ipddr
2024-10-10 10:56:41,522 [INFO] IPUIPlugin:79 - create IPUIPlugin
2024-10-10 10:56:41,522 [INFO] PluginManager:217 - loadIPPluginJar : add linkedlist
2024-10-10 10:56:41,527 [INFO] IPUIPlugin:79 - create IPUIPlugin
2024-10-10 10:56:41,527 [INFO] PluginManager:217 - loadIPPluginJar : add lorawan
2024-10-10 10:56:41,530 [INFO] IPUIPlugin:79 - create IPUIPlugin
2024-10-10 10:56:41,530 [INFO] PluginManager:217 - loadIPPluginJar : add ltdc
2024-10-10 10:56:41,539 [INFO] IPUIPlugin:79 - create IPUIPlugin
2024-10-10 10:56:41,540 [INFO] PluginManager:217 - loadIPPluginJar : add mdma
2024-10-10 10:56:41,546 [INFO] IPUIPlugin:79 - create IPUIPlugin
2024-10-10 10:56:41,547 [INFO] PluginManager:217 - loadIPPluginJar : add nvic
2024-10-10 10:56:41,551 [INFO] IPUIPlugin:79 - create IPUIPlugin
2024-10-10 10:56:41,552 [INFO] PluginManager:217 - loadIPPluginJar : add opamp
2024-10-10 10:56:41,557 [INFO] IPUIPlugin:79 - create IPUIPlugin
2024-10-10 10:56:41,558 [INFO] PluginManager:217 - loadIPPluginJar : add openamp
2024-10-10 10:56:41,563 [INFO] IPUIPlugin:79 - create IPUIPlugin
2024-10-10 10:56:41,563 [INFO] PluginManager:217 - loadIPPluginJar : add pdm2pcm
2024-10-10 10:56:41,573 [INFO] IPUIPlugin:79 - create IPUIPlugin
2024-10-10 10:56:41,579 [INFO] PluginManager:217 - loadIPPluginJar : add plateformsettings
2024-10-10 10:56:41,582 [INFO] IPUIPlugin:79 - create IPUIPlugin
2024-10-10 10:56:41,582 [INFO] PluginManager:217 - loadIPPluginJar : add quadspi
2024-10-10 10:56:41,587 [INFO] IPUIPlugin:79 - create IPUIPlugin
2024-10-10 10:56:41,588 [INFO] PluginManager:217 - loadIPPluginJar : add resmgrutility
2024-10-10 10:56:41,593 [INFO] IPUIPlugin:79 - create IPUIPlugin
2024-10-10 10:56:41,594 [INFO] PluginManager:217 - loadIPPluginJar : add sai
2024-10-10 10:56:41,599 [INFO] IPUIPlugin:79 - create IPUIPlugin
2024-10-10 10:56:41,599 [INFO] PluginManager:217 - loadIPPluginJar : add spi
2024-10-10 10:56:41,609 [INFO] IPUIPlugin:79 - create IPUIPlugin
2024-10-10 10:56:41,609 [INFO] PluginManager:217 - loadIPPluginJar : add stm32_wpan
2024-10-10 10:56:41,612 [INFO] IPUIPlugin:79 - create IPUIPlugin
2024-10-10 10:56:41,612 [INFO] PluginManager:217 - loadIPPluginJar : add tim
2024-10-10 10:56:41,618 [INFO] IPUIPlugin:79 - create IPUIPlugin
2024-10-10 10:56:41,618 [INFO] PluginManager:217 - loadIPPluginJar : add touchsensing
2024-10-10 10:56:41,621 [INFO] IPUIPlugin:79 - create IPUIPlugin
2024-10-10 10:56:41,622 [INFO] PluginManager:217 - loadIPPluginJar : add tracer_emb
2024-10-10 10:56:41,625 [INFO] IPUIPlugin:79 - create IPUIPlugin
2024-10-10 10:56:41,625 [INFO] PluginManager:217 - loadIPPluginJar : add ts
2024-10-10 10:56:41,628 [INFO] IPUIPlugin:79 - create IPUIPlugin
2024-10-10 10:56:41,628 [INFO] PluginManager:217 - loadIPPluginJar : add tsc
2024-10-10 10:56:41,631 [INFO] IPUIPlugin:79 - create IPUIPlugin
2024-10-10 10:56:41,632 [INFO] PluginManager:217 - loadIPPluginJar : add ucpd
2024-10-10 10:56:41,636 [INFO] IPUIPlugin:79 - create IPUIPlugin
2024-10-10 10:56:41,637 [INFO] PluginManager:217 - loadIPPluginJar : add usart
2024-10-10 10:56:41,642 [INFO] IPUIPlugin:79 - create IPUIPlugin
2024-10-10 10:56:41,643 [INFO] PluginManager:217 - loadIPPluginJar : add usbx
2024-10-10 10:56:42,168 [FATAL] Updater:301 - Updater called before beeing initialized
2024-10-10 10:56:42,412 [FATAL] Updater:301 - Updater called before beeing initialized
2024-10-10 10:56:42,427 [INFO] DbMcusAds:52 - JSON generation date=Fri Sep 20 20:04:23 ICT 2024 (1726837463113)
2024-10-10 10:56:42,428 [FATAL] Updater:301 - Updater called before beeing initialized
2024-10-10 10:56:42,505 [WARN] DetailPanel:344 - Failed to get advertising image, set to default
2024-10-10 10:56:42,780 [FATAL] Updater:301 - Updater called before beeing initialized
2024-10-10 10:56:42,783 [FATAL] Updater:301 - Updater called before beeing initialized
2024-10-10 10:56:42,784 [FATAL] Updater:301 - Updater called before beeing initialized
2024-10-10 10:56:42,784 [WARN] DetailPanel:344 - Failed to get advertising image, set to default
2024-10-10 10:56:42,786 [FATAL] Updater:301 - Updater called before beeing initialized
2024-10-10 10:56:42,886 [ERROR] Updater:1105 - MainUpdater not yet initialized. External WinMGr cannot be set.
2024-10-10 10:56:42,890 [INFO] Updater:1041 - Updater Version found : 6.6.1
2024-10-10 10:56:42,915 [INFO] ApplicationProperties:181 - Using Application install path: D:\BKRA\KEIL C test\STM32CubeIDE_1.10.1\STM32CubeIDE\plugins\com.st.stm32cube.common.mx_6.6.1.202207061420
2024-10-10 10:56:43,127 [INFO] MainUpdater:2768 - connection check result : 10
2024-10-10 10:56:43,128 [INFO] MainUpdater:280 - Updater Check For Update Now.
2024-10-10 10:56:43,129 [INFO] MicroXplorer:481 - Change Database Version : DB.6.0.60
2024-10-10 10:56:43,356 [WARN] MainUpdater:1184 - Updater busy. Cannot search thirdparties
2024-10-10 10:56:43,357 [INFO] ThirdPartyUpdaterWithRetryManager:96 - Updater plugin is busy. [1/15]
2024-10-10 10:56:43,362 [INFO] CheckServerUpdateThread:119 - End of CheckServer Thread
2024-10-10 10:56:43,541 [INFO] MainUpdater:2768 - connection check result : 10
2024-10-10 10:56:43,543 [INFO] MainUpdater:2768 - connection check result : 10
2024-10-10 10:56:43,591 [INFO] MicroXplorer:451 - Change Database Path : 
2024-10-10 10:56:43,596 [INFO] MicroXplorer:481 - Change Database Version : DB.6.0.60
2024-10-10 10:56:43,597 [WARN] ThirdParty:827 - waiting for thirdparty lock release [close project]
2024-10-10 10:56:46,700 [WARN] PackLoader:242 - Cannot read IP mode file for STMicroelectronics.FP-SNS-MOTENVWB1.1.4.0
2024-10-10 10:56:46,718 [WARN] PackLoader:242 - Cannot read IP mode file for STMicroelectronics.X-CUBE-SMBUS.2.1.0
2024-10-10 10:56:46,733 [WARN] PackLoader:242 - Cannot read IP mode file for STMicroelectronics.X-CUBE-WB05N.1.1.0
2024-10-10 10:56:46,744 [WARN] PackLoader:242 - Cannot read IP mode file for STMicroelectronics.X-CUBE-TOUCHGFX.4.23.2
2024-10-10 10:56:46,838 [WARN] PackLoader:242 - Cannot read IP mode file for STMicroelectronics.X-CUBE-AZRTOS-F7.1.1.0
2024-10-10 10:56:47,032 [WARN] PackLoader:242 - Cannot read IP mode file for STMicroelectronics.X-CUBE-MEMS1.11.0.0
2024-10-10 10:56:47,543 [WARN] PackLoader:242 - Cannot read IP mode file for STMicroelectronics.FP-SNS-FLIGHT1.5.0.2
2024-10-10 10:56:47,557 [WARN] PackLoader:242 - Cannot read IP mode file for STMicroelectronics.X-CUBE-DISPLAY.3.0.0
2024-10-10 10:56:47,578 [WARN] PackLoader:242 - Cannot read IP mode file for STMicroelectronics.X-CUBE-BLE1.7.0.0
2024-10-10 10:56:47,590 [WARN] PackLoader:242 - Cannot read IP mode file for STMicroelectronics.X-CUBE-NFC10.1.0.0
2024-10-10 10:56:47,602 [WARN] PackLoader:242 - Cannot read IP mode file for emotas.I-CUBE-CANOPEN.1.3.0
2024-10-10 10:56:47,633 [WARN] PackLoader:242 - Cannot read IP mode file for STMicroelectronics.X-CUBE-BLEMGR.3.1.0
2024-10-10 10:56:47,673 [WARN] PackLoader:242 - Cannot read IP mode file for STMicroelectronics.FP-SNS-SMARTAG2.1.2.0
2024-10-10 10:56:47,699 [INFO] LogOutputStream:76 - [STDOUT_REDIRECT] 1 : Invalid condition id : UX_CORESTACK_Condition cause : null
2024-10-10 10:56:47,727 [INFO] LogOutputStream:76 - [STDOUT_REDIRECT] 1 : Invalid condition id : UX_CORESTACK_Condition cause : null
2024-10-10 10:56:47,729 [INFO] LogOutputStream:76 - [STDOUT_REDIRECT] 1 : Invalid condition id : UX_CORESTACK_Condition cause : null
2024-10-10 10:56:47,731 [INFO] LogOutputStream:76 - [STDOUT_REDIRECT] 1 : Invalid condition id : UX_CORESTACK_Condition cause : null
2024-10-10 10:56:47,734 [INFO] LogOutputStream:76 - [STDOUT_REDIRECT] 1 : Invalid condition id : UX_CORESTACK_Condition cause : null
2024-10-10 10:56:47,740 [WARN] PackLoader:242 - Cannot read IP mode file for STMicroelectronics.X-CUBE-AZRTOS-WL.2.0.0
2024-10-10 10:56:47,763 [WARN] PackLoader:242 - Cannot read IP mode file for STMicroelectronics.FP-SNS-MOTENV1.5.0.0
2024-10-10 10:56:47,771 [WARN] PackLoader:242 - Cannot read IP mode file for wolfSSL.I-CUBE-wolfMQTT.1.19.0
2024-10-10 10:56:47,798 [WARN] PackLoader:242 - Cannot read IP mode file for WES.I-CUBE-Cesium.1.3.0
2024-10-10 10:56:47,806 [WARN] PackLoader:242 - Cannot read IP mode file for STMicroelectronics.X-CUBE-BLE2.3.3.0
2024-10-10 10:56:47,818 [WARN] PackLoader:242 - Cannot read IP mode file for STMicroelectronics.X-CUBE-NFC9.1.0.0
2024-10-10 10:56:47,835 [WARN] PackLoader:242 - Cannot read IP mode file for STMicroelectronics.X-CUBE-TCPP.4.1.0
2024-10-10 10:56:47,901 [WARN] PackLoader:242 - Cannot read IP mode file for STMicroelectronics.X-CUBE-ALGOBUILD.1.3.0
2024-10-10 10:56:47,930 [WARN] PackLoader:242 - Cannot read IP mode file for STMicroelectronics.X-CUBE-AZRTOS-G0.1.1.0
2024-10-10 10:56:47,943 [WARN] PackLoader:242 - Cannot read IP mode file for STMicroelectronics.X-CUBE-SAFEA1.1.2.2
2024-10-10 10:56:47,956 [WARN] PackLoader:242 - Cannot read IP mode file for STMicroelectronics.X-CUBE-NFC4.3.0.0
2024-10-10 10:56:47,962 [WARN] PackLoader:242 - Cannot read IP mode file for wolfSSL.I-CUBE-wolfMQTT.1.18.0
2024-10-10 10:56:47,967 [ERROR] Engine:467 - C:\Users\User\.stm32cubemx\thirdparties\pdsc\EmbeddedOffice.I-CUBE-FS-RTOS.1.0.1.pdsc: PDSC version is not supported
2024-10-10 10:56:47,971 [ERROR] Engine:467 - C:\Users\User\.stm32cubemx\thirdparties\pdsc\RealThread.X-CUBE-RT-Thread_Nano.4.1.1.pdsc: PDSC version is not supported
2024-10-10 10:56:47,977 [WARN] PackLoader:242 - Cannot read IP mode file for wolfSSL.I-CUBE-wolfSSL.5.7.0
2024-10-10 10:56:47,984 [WARN] PackLoader:242 - Cannot read IP mode file for STMicroelectronics.FP-ATR-SIGFOX1.3.2.0
2024-10-10 10:56:47,994 [WARN] PackLoader:242 - Cannot read IP mode file for STMicroelectronics.X-CUBE-EEPRMA1.5.1.0
2024-10-10 10:56:48,032 [WARN] PackLoader:242 - Cannot read IP mode file for ITTIA_DB.I-CUBE-ITTIADB.8.9.0
2024-10-10 10:56:48,097 [WARN] PackLoader:242 - Cannot read IP mode file for SEGGER.I-CUBE-embOS.1.3.1
2024-10-10 10:56:48,211 [WARN] PackLoader:242 - Cannot read IP mode file for STMicroelectronics.X-CUBE-ALGOBUILD.1.4.0
2024-10-10 10:56:48,234 [WARN] PackLoader:242 - Cannot read IP mode file for STMicroelectronics.X-CUBE-AI.9.1.0
2024-10-10 10:56:48,242 [WARN] PackLoader:242 - Cannot read IP mode file for STMicroelectronics.X-CUBE-GNSS1.6.0.0
2024-10-10 10:56:48,271 [WARN] PackLoader:242 - Cannot read IP mode file for STMicroelectronics.X-CUBE-AZRTOS-F4.1.1.0
2024-10-10 10:56:48,283 [WARN] PackLoader:242 - Cannot read IP mode file for STMicroelectronics.X-CUBE-ISPU.2.1.0
2024-10-10 10:56:48,293 [WARN] PackLoader:242 - Cannot read IP mode file for STMicroelectronics.X-CUBE-FREERTOS.1.2.0
2024-10-10 10:56:48,344 [WARN] PackLoader:242 - Cannot read IP mode file for STMicroelectronics.X-CUBE-AZRTOS-L5.2.0.0
2024-10-10 10:56:48,360 [WARN] PackLoader:242 - Cannot read IP mode file for STMicroelectronics.X-CUBE-NFC6.3.1.0
2024-10-10 10:56:48,370 [ERROR] Engine:467 - C:\Users\User\.stm32cubemx\thirdparties\pdsc\STMicroelectronics.X-CUBE-DPower.1.2.0.pdsc: PDSC version is not supported
2024-10-10 10:56:48,376 [WARN] PackLoader:242 - Cannot read IP mode file for STMicroelectronics.X-CUBE-AI.9.0.0
2024-10-10 10:56:48,383 [WARN] PackLoader:242 - Cannot read IP mode file for STMicroelectronics.X-CUBE-NFC7.1.0.1
2024-10-10 10:56:48,390 [WARN] PackLoader:242 - Cannot read IP mode file for wolfSSL.I-CUBE-wolfTPM.3.2.0
2024-10-10 10:56:48,439 [WARN] ConditionMgr:437 - getConditionDescription Invalid condition id : LAN8742 Phy interface Condition cause : null
2024-10-10 10:56:48,440 [WARN] PackLoader:242 - Cannot read IP mode file for STMicroelectronics.X-CUBE-AZRTOS-L4.2.0.0
2024-10-10 10:56:48,443 [WARN] ConditionMgr:1038 - genDependencies : Invalid condition id : LAN8742 Phy interface Condition cause : null
2024-10-10 10:56:48,443 [WARN] ConditionMgr:1038 - genDependencies : Invalid condition id : LAN8742 Phy interface Condition cause : null
2024-10-10 10:56:48,444 [WARN] ConditionMgr:1038 - genDependencies : Invalid condition id : LAN8742 Phy interface Condition cause : null
2024-10-10 10:56:48,487 [WARN] PackLoader:242 - Cannot read IP mode file for STMicroelectronics.X-CUBE-SFXS2LP1.4.0.0
2024-10-10 10:56:48,526 [WARN] PackLoader:242 - Cannot read IP mode file for STMicroelectronics.X-CUBE-AZRTOS-H7.3.3.0
2024-10-10 10:56:48,539 [ERROR] Engine:467 - C:\Users\User\.stm32cubemx\thirdparties\pdsc\STMicroelectronics.X-CUBE-IPS.3.0.0.pdsc: PDSC version is not supported
2024-10-10 10:56:48,584 [WARN] ConditionMgr:437 - getConditionDescription Invalid condition id : UX DEVICE CLASS RTOS Condition cause : null
2024-10-10 10:56:48,584 [WARN] ConditionMgr:437 - getConditionDescription Invalid condition id : UX DEVICE CLASS RTOS Condition cause : null
2024-10-10 10:56:48,588 [WARN] PackLoader:242 - Cannot read IP mode file for STMicroelectronics.X-CUBE-AZRTOS-WB.2.0.0
2024-10-10 10:56:48,590 [WARN] ConditionMgr:1038 - genDependencies : Invalid condition id : UX DEVICE CLASS RTOS Condition cause : null
2024-10-10 10:56:48,590 [WARN] ConditionMgr:1038 - genDependencies : Invalid condition id : UX DEVICE CLASS RTOS Condition cause : null
2024-10-10 10:56:48,591 [WARN] ConditionMgr:1038 - genDependencies : Invalid condition id : UX DEVICE CLASS RTOS Condition cause : null
2024-10-10 10:56:48,592 [WARN] ConditionMgr:1038 - genDependencies : Invalid condition id : UX DEVICE CLASS RTOS Condition cause : null
2024-10-10 10:56:48,592 [WARN] ConditionMgr:1038 - genDependencies : Invalid condition id : UX DEVICE CLASS RTOS Condition cause : null
2024-10-10 10:56:48,600 [WARN] PackLoader:242 - Cannot read IP mode file for STMicroelectronics.X-CUBE-GNSS1.7.0.0
2024-10-10 10:56:48,615 [ERROR] Engine:467 - C:\Users\User\.stm32cubemx\thirdparties\pdsc\STMicroelectronics.FP-SNS-STBOX1.2.0.0.pdsc: PDSC version is not supported
2024-10-10 10:56:48,653 [WARN] PackLoader:242 - Cannot read IP mode file for STMicroelectronics.X-CUBE-SUBG2.5.0.0
2024-10-10 10:56:48,687 [WARN] PackLoader:242 - Cannot read IP mode file for STMicroelectronics.X-CUBE-AZRTOS-G4.2.0.0
2024-10-10 10:56:48,696 [WARN] PackLoader:242 - Cannot read IP mode file for STMicroelectronics.X-CUBE-ISPU.2.0.0
2024-10-10 10:56:48,702 [WARN] PackLoader:242 - Cannot read IP mode file for STMicroelectronics.X-CUBE-ALS.1.0.2
2024-10-10 10:56:48,812 [WARN] PackLoader:242 - Cannot read IP mode file for STMicroelectronics.X-CUBE-MEMS1.10.0.0
2024-10-10 10:56:49,181 [WARN] PackLoader:242 - Cannot read IP mode file for STMicroelectronics.X-CUBE-TOUCHGFX.4.24.0
2024-10-10 10:56:49,184 [WARN] PackLoader:242 - Cannot read IP mode file for STMicroelectronics.X-CUBE-TOUCHGFX.4.24.1
2024-10-10 10:56:49,191 [WARN] PackLoader:242 - Cannot read IP mode file for portGmbH.I-Cube-SoM-uGOAL.1.1.0
2024-10-10 10:56:49,196 [WARN] PackLoader:242 - Cannot read IP mode file for STMicroelectronics.X-CUBE-ALS.1.0.1
2024-10-10 10:56:49,228 [WARN] PackLoader:242 - Cannot read IP mode file for STMicroelectronics.X-CUBE-AZRTOS-H7RS.1.0.0
2024-10-10 10:56:49,256 [WARN] PackLoader:242 - Cannot read IP mode file for STMicroelectronics.FP-ATR-ASTRA1.2.0.0
2024-10-10 10:56:49,264 [ERROR] Engine:467 - C:\Users\User\.stm32cubemx\thirdparties\pdsc\STMicroelectronics.X-CUBE-TOF1.3.4.2.pdsc: PDSC version is not supported
2024-10-10 10:56:49,303 [WARN] PackLoader:242 - Cannot read IP mode file for STMicroelectronics.X-CUBE-TOF1.3.4.1
2024-10-10 10:56:49,351 [WARN] PackLoader:242 - Cannot read IP mode file for STMicroelectronics.X-CUBE-AZRTOS-H7.3.2.0
2024-10-10 10:56:49,380 [WARN] PackLoader:242 - Cannot read IP mode file for Infineon.AIROC-Wi-Fi-Bluetooth-STM32.1.6.0
2024-10-10 10:56:49,417 [WARN] PackLoader:242 - Cannot read IP mode file for wolfSSL.I-CUBE-wolfSSH.1.4.17
2024-10-10 10:56:49,418 [INFO] ThirdParty:929 - Integrity check success = true
2024-10-10 10:56:49,418 [INFO] IntegrityCheckThread:98 - exiting critical section [integrity check]
2024-10-10 10:56:49,418 [INFO] IntegrityCheckThread:101 - End integrity checks thread
2024-10-10 10:56:49,418 [INFO] ThirdParty:829 - entering critical section [close project]
2024-10-10 10:56:49,420 [INFO] ThirdParty:839 - exiting critical section [close project]
2024-10-10 10:56:49,434 [INFO] PinOutPanel:1468 - setPackage(No Configuration,No Configuration)
2024-10-10 10:56:49,444 [INFO] UtilMem:74 - Begin LoadConfig() Used Memory: 606167120 Bytes (627048448)
2024-10-10 10:56:49,446 [INFO] MicroXplorer:451 - Change Database Path : 
2024-10-10 10:56:49,447 [INFO] MicroXplorer:481 - Change Database Version : DB.6.0.60
2024-10-10 10:56:49,447 [INFO] OpenFileManager:307 - Change cursor
2024-10-10 10:56:49,555 [INFO] Mcu:1922 - Initializing MCU STM32F103C(4-6)Tx STM32F103C6Tx STM32F103C6T6A
2024-10-10 10:56:51,729 [INFO] Context:654 - Trying to add GPIOservice into a context  which must be forbidden
2024-10-10 10:56:52,383 [WARN] ApiManager:308 - Cannot register API 'Board Extension:NFC09A1' from pack STMicroelectronics.X-CUBE-NFC9.1.0.0: no header file found
2024-10-10 10:56:52,390 [WARN] ApiManager:308 - Cannot register API 'Board Extension:GNSS1A1' from pack STMicroelectronics.X-CUBE-GNSS1.6.0.0: no header file found
2024-10-10 10:56:52,390 [WARN] ApiManager:308 - Cannot register API 'Board Support:Custom' from pack STMicroelectronics.X-CUBE-GNSS1.6.0.0: no header file found
2024-10-10 10:56:52,390 [WARN] ApiManager:308 - Cannot register API 'Data Exchange:lib_gnss' from pack STMicroelectronics.X-CUBE-GNSS1.6.0.0: no header file found
2024-10-10 10:56:52,397 [WARN] ApiManager:308 - Cannot register API 'Wireless:STM32WB05N' from pack STMicroelectronics.X-CUBE-WB05N.1.1.0: no header file found
2024-10-10 10:56:52,407 [WARN] ApiManager:308 - Cannot register API 'Board Extension:GNSS1A1' from pack STMicroelectronics.X-CUBE-GNSS1.7.0.0: no header file found
2024-10-10 10:56:52,407 [WARN] ApiManager:308 - Cannot register API 'Board Support:Custom' from pack STMicroelectronics.X-CUBE-GNSS1.7.0.0: no header file found
2024-10-10 10:56:52,407 [WARN] ApiManager:308 - Cannot register API 'Data Exchange:lib_gnss' from pack STMicroelectronics.X-CUBE-GNSS1.7.0.0: no header file found
2024-10-10 10:56:52,435 [WARN] ApiManager:308 - Cannot register API 'Board Extension:NFC06A1' from pack STMicroelectronics.X-CUBE-NFC6.3.1.0: no header file found
2024-10-10 10:56:52,436 [WARN] ApiManager:308 - Cannot register API 'Board Extension:NFC08A1' from pack STMicroelectronics.X-CUBE-NFC6.3.1.0: no header file found
2024-10-10 10:56:52,683 [WARN] ApiManager:308 - Cannot register API 'Board Extension:IKS01A3' from pack STMicroelectronics.X-CUBE-MEMS1.11.0.0: no header file found
2024-10-10 10:56:52,683 [WARN] ApiManager:308 - Cannot register API 'Board Extension:IKS02A1' from pack STMicroelectronics.X-CUBE-MEMS1.11.0.0: no header file found
2024-10-10 10:56:52,683 [WARN] ApiManager:308 - Cannot register API 'Board Extension:IKS4A1' from pack STMicroelectronics.X-CUBE-MEMS1.11.0.0: no header file found
2024-10-10 10:56:52,735 [INFO] RtosManager:488 - Registered RTOS mode: class=CMSIS, group=RTOS, mode=CMSIS_V1, owner=FREERTOS
2024-10-10 10:56:52,735 [INFO] RtosManager:488 - Registered RTOS mode: class=CMSIS, group=RTOS2, mode=CMSIS_V2, owner=FREERTOS
2024-10-10 10:56:52,736 [INFO] RtosManager:488 - Registered RTOS mode: class=RTOS, group=Core, mode=CMSIS_V1, owner=FREERTOS
2024-10-10 10:56:52,736 [INFO] RtosManager:488 - Registered RTOS mode: class=RTOS, group=Core, mode=CMSIS_V2, owner=FREERTOS
2024-10-10 10:56:52,737 [WARN] ModelIntegratedComponent:185 - Missing modes for component STMicroelectronics:FreeRTOS:0.0.1:STMicroelectronics:RTOS:FreeRTOS:Core:::10.2.0:
2024-10-10 10:56:52,740 [WARN] ApiManager:308 - Cannot register API 'Board Extension:STSAFEA1' from pack STMicroelectronics.X-CUBE-SAFEA1.1.2.2: no header file found
2024-10-10 10:56:52,740 [WARN] ApiManager:308 - Cannot register API 'Board Part:STSAFEA110' from pack STMicroelectronics.X-CUBE-SAFEA1.1.2.2: no header file found
2024-10-10 10:56:52,740 [WARN] ApiManager:308 - Cannot register API 'Security:ST_Cryptolib' from pack STMicroelectronics.X-CUBE-SAFEA1.1.2.2: no header file found
2024-10-10 10:56:52,740 [WARN] ApiManager:308 - Cannot register API 'Security:MbedTLS' from pack STMicroelectronics.X-CUBE-SAFEA1.1.2.2: no header file found
2024-10-10 10:56:52,741 [WARN] ApiManager:308 - Cannot register API 'Board Extension:NFC04A1' from pack STMicroelectronics.X-CUBE-NFC4.3.0.0: no header file found
2024-10-10 10:56:52,744 [WARN] ApiManager:308 - Cannot register API 'Board Extension:S2868A1' from pack STMicroelectronics.X-CUBE-SUBG2.5.0.0: no header file found
2024-10-10 10:56:52,745 [WARN] ApiManager:308 - Cannot register API 'Board Extension:S2868A2' from pack STMicroelectronics.X-CUBE-SUBG2.5.0.0: no header file found
2024-10-10 10:56:52,745 [WARN] ApiManager:308 - Cannot register API 'Board Extension:S2915A1' from pack STMicroelectronics.X-CUBE-SUBG2.5.0.0: no header file found
2024-10-10 10:56:52,751 [WARN] ApiManager:308 - Cannot register API 'Wireless:BlueNRG-MS' from pack STMicroelectronics.X-CUBE-BLE1.7.0.0: no header file found
2024-10-10 10:56:52,753 [WARN] ApiManager:308 - Cannot register API 'Board Extension:NFC10A1' from pack STMicroelectronics.X-CUBE-NFC10.1.0.0: no header file found
2024-10-10 10:56:52,754 [WARN] ApiManager:308 - Cannot register API 'Board Extension:EEPRMA2' from pack STMicroelectronics.X-CUBE-EEPRMA1.5.1.0: no header file found
2024-10-10 10:56:52,755 [WARN] ApiManager:308 - Cannot register API 'Board Extension:PGEEZ1' from pack STMicroelectronics.X-CUBE-EEPRMA1.5.1.0: no header file found
2024-10-10 10:56:52,755 [WARN] ApiManager:308 - Cannot register API 'Board Extension:EEICA1' from pack STMicroelectronics.X-CUBE-EEPRMA1.5.1.0: no header file found
2024-10-10 10:56:52,755 [WARN] ApiManager:308 - Cannot register API 'Board Part:M24' from pack STMicroelectronics.X-CUBE-EEPRMA1.5.1.0: no header file found
2024-10-10 10:56:52,755 [WARN] ApiManager:308 - Cannot register API 'Board Part:M95' from pack STMicroelectronics.X-CUBE-EEPRMA1.5.1.0: no header file found
2024-10-10 10:56:52,755 [WARN] ApiManager:308 - Cannot register API 'Board Part:M95P32' from pack STMicroelectronics.X-CUBE-EEPRMA1.5.1.0: no header file found
2024-10-10 10:56:52,755 [WARN] ApiManager:308 - Cannot register API 'Board Part:M24256E-F' from pack STMicroelectronics.X-CUBE-EEPRMA1.5.1.0: no header file found
2024-10-10 10:56:52,755 [WARN] ApiManager:308 - Cannot register API 'Board Part:M24M01E-F' from pack STMicroelectronics.X-CUBE-EEPRMA1.5.1.0: no header file found
2024-10-10 10:56:52,756 [WARN] ApiManager:308 - Cannot register API 'PGEEZ1:SPI' from pack STMicroelectronics.X-CUBE-EEPRMA1.5.1.0: no header file found
2024-10-10 10:56:52,756 [WARN] ApiManager:308 - Cannot register API 'PGEEZ1:QDSPI' from pack STMicroelectronics.X-CUBE-EEPRMA1.5.1.0: no header file found
2024-10-10 10:56:52,758 [WARN] ModelIntegratedComponent:64 - No mode defined for component null
2024-10-10 10:56:52,758 [WARN] ModelIntegratedComponent:64 - No mode defined for component null
2024-10-10 10:56:52,759 [WARN] ModelIntegratedComponent:64 - No mode defined for component null
2024-10-10 10:56:52,759 [WARN] ModelIntegratedComponent:64 - No mode defined for component null
2024-10-10 10:56:52,759 [WARN] ModelIntegratedComponent:64 - No mode defined for component null
2024-10-10 10:56:52,759 [WARN] ModelIntegratedComponent:64 - No mode defined for component null
2024-10-10 10:56:52,759 [WARN] ModelIntegratedComponent:64 - No mode defined for component null
2024-10-10 10:56:52,759 [WARN] ModelIntegratedComponent:64 - No mode defined for component null
2024-10-10 10:56:52,760 [WARN] ModelIntegratedComponent:64 - No mode defined for component null
2024-10-10 10:56:52,760 [WARN] ModelIntegratedComponent:64 - No mode defined for component null
2024-10-10 10:56:52,760 [WARN] ModelIntegratedComponent:64 - No mode defined for component null
2024-10-10 10:56:52,760 [WARN] ModelIntegratedComponent:64 - No mode defined for component null
2024-10-10 10:56:52,760 [WARN] ModelIntegratedComponent:64 - No mode defined for component null
2024-10-10 10:56:52,760 [WARN] ModelIntegratedComponent:64 - No mode defined for component null
2024-10-10 10:56:52,760 [WARN] ModelIntegratedComponent:64 - No mode defined for component null
2024-10-10 10:56:52,760 [WARN] ModelIntegratedComponent:64 - No mode defined for component null
2024-10-10 10:56:52,761 [WARN] ModelIntegratedComponent:64 - No mode defined for component null
2024-10-10 10:56:52,761 [WARN] ModelIntegratedComponent:64 - No mode defined for component null
2024-10-10 10:56:52,761 [WARN] ModelIntegratedComponent:64 - No mode defined for component null
2024-10-10 10:56:52,761 [WARN] ModelIntegratedComponent:64 - No mode defined for component null
2024-10-10 10:56:52,761 [WARN] ModelIntegratedComponent:64 - No mode defined for component null
2024-10-10 10:56:52,761 [WARN] ModelIntegratedComponent:64 - No mode defined for component null
2024-10-10 10:56:52,761 [WARN] ModelIntegratedComponent:64 - No mode defined for component null
2024-10-10 10:56:52,762 [WARN] ModelIntegratedComponent:64 - No mode defined for component null
2024-10-10 10:56:52,762 [WARN] ModelIntegratedComponent:64 - No mode defined for component null
2024-10-10 10:56:52,762 [WARN] ModelIntegratedComponent:64 - No mode defined for component null
2024-10-10 10:56:52,762 [WARN] ModelIntegratedComponent:64 - No mode defined for component null
2024-10-10 10:56:52,762 [WARN] ModelIntegratedComponent:64 - No mode defined for component null
2024-10-10 10:56:52,762 [WARN] ModelIntegratedComponent:64 - No mode defined for component null
2024-10-10 10:56:52,762 [WARN] ModelIntegratedComponent:64 - No mode defined for component null
2024-10-10 10:56:52,762 [WARN] ModelIntegratedComponent:64 - No mode defined for component null
2024-10-10 10:56:52,762 [WARN] ModelIntegratedComponent:64 - No mode defined for component null
2024-10-10 10:56:52,763 [WARN] ModelIntegratedComponent:64 - No mode defined for component null
2024-10-10 10:56:52,945 [WARN] ApiManager:308 - Cannot register API 'Board Extension:IKS01A3' from pack STMicroelectronics.X-CUBE-MEMS1.10.0.0: no header file found
2024-10-10 10:56:52,945 [WARN] ApiManager:308 - Cannot register API 'Board Extension:IKS02A1' from pack STMicroelectronics.X-CUBE-MEMS1.10.0.0: no header file found
2024-10-10 10:56:52,946 [WARN] ApiManager:308 - Cannot register API 'Board Extension:IKS4A1' from pack STMicroelectronics.X-CUBE-MEMS1.10.0.0: no header file found
2024-10-10 10:56:52,958 [WARN] ApiManager:308 - Cannot register API 'Board Extension:NFC07A1' from pack STMicroelectronics.X-CUBE-NFC7.1.0.1: no header file found
2024-10-10 10:56:52,995 [WARN] ApiManager:308 - Cannot register API 'Board Extension:S2868A1' from pack STMicroelectronics.X-CUBE-SFXS2LP1.4.0.0: no header file found
2024-10-10 10:56:52,995 [WARN] ApiManager:308 - Cannot register API 'Board Extension:S2868A2' from pack STMicroelectronics.X-CUBE-SFXS2LP1.4.0.0: no header file found
2024-10-10 10:56:52,995 [WARN] ApiManager:308 - Cannot register API 'Board Extension:S2915A1' from pack STMicroelectronics.X-CUBE-SFXS2LP1.4.0.0: no header file found
2024-10-10 10:56:52,997 [WARN] ApiManager:308 - Cannot register API 'Wireless:BlueNRG-2' from pack STMicroelectronics.X-CUBE-BLE2.3.3.0: no header file found
2024-10-10 10:56:53,032 [INFO] ThirdPartyModel:289 - Start build external matchings
2024-10-10 10:56:54,178 [INFO] ThirdPartyModel:302 - End build external matchings
2024-10-10 10:56:54,503 [INFO] UtilMem:74 - End LoadConfig() Used Memory: 592792896 Bytes (653262848)
2024-10-10 10:56:54,639 [INFO] ApiDb:576 - Connected to CubeFinder SQLite database (C:\Users\User\.stmcufinder\plugins\mcufinder\mcu\cube-finder-db.db)
2024-10-10 10:56:54,779 [INFO] ApiDb:663 - CubeFinder database Data Model version=2.1
2024-10-10 10:56:54,779 [INFO] ApiDb:664 - CubeFinder database Configuration version=3.0.39
2024-10-10 10:56:54,779 [INFO] ApiDb:665 - CubeFinder database generation date=2024-09-16 (1726485674)
2024-10-10 10:56:54,780 [INFO] ApiDb:666 - CubeFinder database FW Pack versions=[FP-ATR-ASTRA1_V2.0.0, FP-SNS-FLIGHT1_V5.0.2, FP-SNS-MOTENV1_V5.0.0, FP-SNS-MOTENVWB1_V1.4.0, FP-SNS-SMARTAG2_V1.2.0, FP-SNS-STBOX1_V2.0.0, STM32Cube_FW_C0_V1.2.0, STM32Cube_FW_F4_V1.28.1, STM32Cube_FW_F7_V1.17.2, STM32Cube_FW_G0_V1.6.2, STM32Cube_FW_G4_V1.6.0, STM32Cube_FW_H5_V1.3.0, STM32Cube_FW_H7RS_V1.1.0, STM32Cube_FW_H7_V1.11.2, STM32Cube_FW_L0_V1.12.2, STM32Cube_FW_L5_V1.5.1, STM32Cube_FW_U0_V1.1.0, STM32Cube_FW_U5_V1.6.0, STM32Cube_FW_WB0_V1.0.0, STM32Cube_FW_WBA_V1.4.1, STM32Cube_FW_WB_V1.20.0, STM32Cube_FW_WL_V1.3.0, X-CUBE-ALGOBUILD_V1.4.0, X-CUBE-ALS_V1.0.2, X-CUBE-AZRTOS-F4_V1.1.0, X-CUBE-AZRTOS-F7_V1.1.0, X-CUBE-AZRTOS-G0_V1.1.0, X-CUBE-AZRTOS-G4_V2.0.0, X-CUBE-AZRTOS-H7RS_V1.0.0, X-CUBE-AZRTOS-H7_V3.2.0, X-CUBE-AZRTOS-L4_V2.0.0, X-CUBE-AZRTOS-L5_V2.0.0, X-CUBE-AZRTOS-WB_V2.0.0, X-CUBE-AZRTOS-WL_V2.0.0, X-CUBE-BLE1_V7.0.0, X-CUBE-BLE2_V3.3.0, X-CUBE-BLEMGR_V3.1.0, X-CUBE-EEPRMA1_V5.1.0, X-CUBE-FREERTOS_V1.2.0, X-CUBE-GNSS1_V6.0.0, X-CUBE-MEMS1_V11.0.0, X-CUBE-NFC4_V3.0.0, X-CUBE-NFC7_V1.0.1, X-CUBE-SFXS2LP1_V4.0.0, X-CUBE-SUBG2_V5.0.0, X-CUBE-TOF1_V3.4.2]
2024-10-10 10:56:57,590 [INFO] ApiDb:239 - Found 138 in-development CPN: [B-WB1M-WPAN1, NUCLEO-C031C6, STEVAL-STWINBX1, STM320518-EVAL, STM32C0116-DK, STM32C011D6Y3TR, STM32C011D6Y6TR, STM32C011F4P3, STM32C011F4P6, STM32C011F4U3, STM32C011F4U6TR, STM32C011F6P3, STM32C011F6P6, STM32C011F6U3, STM32C011F6U6TR, STM32C011J4M3, STM32C011J4M6, STM32C011J6M3, STM32C011J6M6, STM32C0316-DK, STM32C031C4T3, STM32C031C4T6, STM32C031C4U3, STM32C031C4U6, STM32C031C6T3, STM32C031C6T6, STM32C031C6U3, STM32C031C6U6, STM32C031F4P3, STM32C031F4P6, STM32C031F6P3, STM32C031F6P6, STM32C031G4U3, STM32C031G4U6, STM32C031G6U3, STM32C031G6U6, STM32C031K4T3, STM32C031K4T6, STM32C031K4U3, STM32C031K4U6, STM32C031K6T3, STM32C031K6T6, STM32C031K6U3, STM32C031K6U6, STM32G071K8TXN, STM32G071K8UXN, STM32G081GBU6N, STM32G081KBT6N, STM32G081KBUXN, STM32G0B1CCT6N, STM32G0B1KCT6, STM32G0B1NEY6TR, STM32G0B1RCT6N, STM32G0C1CCT6, STM32G0C1CCT6N, STM32G0C1CCU6N, STM32G0C1CET6N, STM32G0C1CEU6N, STM32G0C1KCT6, STM32G0C1NEY6TR, STM32G0C1RCI6N, STM32G0C1RCT6N, STM32G0C1REI6N, STM32G0C1RET6N, STM32G0C1VCI6, STM32G0C1VEI6, STM32G471CCT6, STM32G471CCU6, STM32G471CET3, STM32G471CET6, STM32G471CEU3, STM32G471CEU6, STM32G471MCT6, STM32G471MET3, STM32G471MET6, STM32G471MEY6TR, STM32G471QCT6, STM32G471QET3, STM32G471RCT6, STM32G471RET3, STM32G471RET6, STM32G471VCH6, STM32G471VCI6, STM32G471VCT6, STM32G471VEH3, STM32G471VEH6, STM32G471VEI3, STM32G471VEI6, STM32G471VET3, STM32G471VET6, STM32G474CCT6, STM32L476VGY6PTR, STM32L4R5QGI6STR, STM32MP131AAE3, STM32MP131AAF3, STM32MP131AAG3, STM32MP131CAE3, STM32MP131CAF3, STM32MP131CAG3, STM32MP131DAE7, STM32MP131DAF7, STM32MP131DAG7, STM32MP131FAE7, STM32MP131FAF7, STM32MP131FAG7, STM32MP133AAE3, STM32MP133AAF3, STM32MP133AAG3, STM32MP133CAE3, STM32MP133CAF3, STM32MP133CAG3, STM32MP133DAE7, STM32MP133DAF7, STM32MP133DAG7, STM32MP133FAE7, STM32MP133FAF7, STM32MP133FAG7, STM32MP135AAE3, STM32MP135AAF3, STM32MP135AAG3, STM32MP135CAE3, STM32MP135CAF3, STM32MP135CAG3, STM32MP135DAE7, STM32MP135DAF7, STM32MP135DAG7, STM32MP135F-DK, STM32MP135FAE7, STM32MP135FAF7, STM32MP135FAG7, STM32U595ZJT6Q, STM32U599BJY6QTR, STM32U599NIH6Q, STM32U599NJH6Q, STM32U5A5ZJT6Q, STM32U5A9BJY6QTR, STM32U5A9NJH6Q, STM32WB1MMCH6]
2024-10-10 10:56:57,595 [INFO] DbMcus:215 - Found 4178 MCUs, 4178 are supported
2024-10-10 10:56:57,598 [INFO] ApiDb:418 - Load user favorites file C:\Users\User/.stm32cubeide/favorites.mcus.txt: 0 item(s)
2024-10-10 10:56:57,599 [INFO] ApiDb:422 - User favorites MCUs=[]
2024-10-10 10:56:57,599 [INFO] DbMcus:221 - Set 0 / 0 favorites MCUs
2024-10-10 10:56:57,810 [WARN] ThirdParty:789 - waiting for thirdparty lock release [change project]
2024-10-10 10:56:57,810 [INFO] ThirdParty:791 - entering critical section [change project]
2024-10-10 10:56:57,810 [INFO] ThirdParty:981 - CMSIS Pack Vendor :STMicroelectronics X-CUBE-AZRTOS-H7 3.3.0
2024-10-10 10:56:57,810 [INFO] ThirdParty:981 - CMSIS Pack Vendor :STMicroelectronics X-CUBE-NFC9 1.0.0
2024-10-10 10:56:57,811 [INFO] ThirdParty:981 - CMSIS Pack Vendor :STMicroelectronics X-CUBE-GNSS1 6.0.0
2024-10-10 10:56:57,811 [INFO] ThirdParty:981 - CMSIS Pack Vendor :STMicroelectronics USB_HOST 2.0.0
2024-10-10 10:56:57,811 [INFO] ThirdParty:981 - CMSIS Pack Vendor :STMicroelectronics FP-SNS-MOTENVWB1 1.4.0
2024-10-10 10:56:57,811 [INFO] ThirdParty:981 - CMSIS Pack Vendor :STMicroelectronics X-CUBE-AZRTOS-F4 1.1.0
2024-10-10 10:56:57,811 [INFO] ThirdParty:981 - CMSIS Pack Vendor :STMicroelectronics LIBJPEG 8.0.0
2024-10-10 10:56:57,811 [INFO] ThirdParty:981 - CMSIS Pack Vendor :STMicroelectronics X-CUBE-SMBUS 2.1.0
2024-10-10 10:56:57,811 [INFO] ThirdParty:981 - CMSIS Pack Vendor :STMicroelectronics X-CUBE-WB05N 1.1.0
2024-10-10 10:56:57,811 [INFO] ThirdParty:981 - CMSIS Pack Vendor :STMicroelectronics USB_DEVICE 3.0.0
2024-10-10 10:56:57,812 [INFO] ThirdParty:981 - CMSIS Pack Vendor :STMicroelectronics X-CUBE-TCPP 4.1.0
2024-10-10 10:56:57,812 [INFO] ThirdParty:981 - CMSIS Pack Vendor :STMicroelectronics X-CUBE-ISPU 2.1.0
2024-10-10 10:56:57,812 [INFO] ThirdParty:981 - CMSIS Pack Vendor :STMicroelectronics X-CUBE-FREERTOS 1.2.0
2024-10-10 10:56:57,812 [INFO] ThirdParty:981 - CMSIS Pack Vendor :STMicroelectronics X-CUBE-AZRTOS-WB 2.0.0
2024-10-10 10:56:57,812 [INFO] ThirdParty:981 - CMSIS Pack Vendor :STMicroelectronics X-CUBE-GNSS1 7.0.0
2024-10-10 10:56:57,812 [INFO] ThirdParty:981 - CMSIS Pack Vendor :STMicroelectronics X-CUBE-TOUCHGFX 4.23.2
2024-10-10 10:56:57,812 [INFO] ThirdParty:981 - CMSIS Pack Vendor :STMicroelectronics X-CUBE-AZRTOS-F7 1.1.0
2024-10-10 10:56:57,812 [INFO] ThirdParty:981 - CMSIS Pack Vendor :STMicroelectronics X-CUBE-AZRTOS-L5 2.0.0
2024-10-10 10:56:57,812 [INFO] ThirdParty:981 - CMSIS Pack Vendor :STMicroelectronics USB_DEVICE 2.0.0
2024-10-10 10:56:57,812 [INFO] ThirdParty:981 - CMSIS Pack Vendor :STMicroelectronics X-CUBE-NFC6 3.1.0
2024-10-10 10:56:57,812 [INFO] ThirdParty:981 - CMSIS Pack Vendor :STMicroelectronics X-CUBE-ALGOBUILD 1.3.0
2024-10-10 10:56:57,813 [INFO] ThirdParty:981 - CMSIS Pack Vendor :STMicroelectronics X-CUBE-MEMS1 11.0.0
2024-10-10 10:56:57,813 [INFO] ThirdParty:981 - CMSIS Pack Vendor :STMicroelectronics FreeRTOS 0.0.1
2024-10-10 10:56:57,813 [INFO] ThirdParty:981 - CMSIS Pack Vendor :STMicroelectronics X-CUBE-AZRTOS-G0 1.1.0
2024-10-10 10:56:57,813 [INFO] ThirdParty:981 - CMSIS Pack Vendor :STMicroelectronics X-CUBE-SAFEA1 1.2.2
2024-10-10 10:56:57,813 [INFO] ThirdParty:981 - CMSIS Pack Vendor :STMicroelectronics X-CUBE-NFC4 3.0.0
2024-10-10 10:56:57,813 [INFO] ThirdParty:981 - CMSIS Pack Vendor :STMicroelectronics X-CUBE-SUBG2 5.0.0
2024-10-10 10:56:57,813 [INFO] ThirdParty:981 - CMSIS Pack Vendor :STMicroelectronics STM32_WPAN 1.0.0
2024-10-10 10:56:57,814 [INFO] ThirdParty:981 - CMSIS Pack Vendor :wolfSSL I-CUBE-wolfMQTT 1.18.0
2024-10-10 10:56:57,814 [INFO] ThirdParty:981 - CMSIS Pack Vendor :STMicroelectronics lwIP 2.0.3
2024-10-10 10:56:57,814 [INFO] ThirdParty:981 - CMSIS Pack Vendor :STMicroelectronics FP-SNS-FLIGHT1 5.0.2
2024-10-10 10:56:57,814 [INFO] ThirdParty:981 - CMSIS Pack Vendor :STMicroelectronics USB_HOST 1.0.0
2024-10-10 10:56:57,814 [INFO] ThirdParty:981 - CMSIS Pack Vendor :STMicroelectronics X-CUBE-AI 9.0.0
2024-10-10 10:56:57,814 [INFO] ThirdParty:981 - CMSIS Pack Vendor :STMicroelectronics X-CUBE-AZRTOS-G4 2.0.0
2024-10-10 10:56:57,814 [INFO] ThirdParty:981 - CMSIS Pack Vendor :STMicroelectronics PDM2PCM 3.1.0
2024-10-10 10:56:57,814 [INFO] ThirdParty:981 - CMSIS Pack Vendor :STMicroelectronics PDM2PCM 3.3.0
2024-10-10 10:56:57,814 [INFO] ThirdParty:981 - CMSIS Pack Vendor :STMicroelectronics X-CUBE-DISPLAY 3.0.0
2024-10-10 10:56:57,814 [INFO] ThirdParty:981 - CMSIS Pack Vendor :wolfSSL I-CUBE-wolfSSL 5.7.0
2024-10-10 10:56:57,815 [INFO] ThirdParty:981 - CMSIS Pack Vendor :STMicroelectronics X-CUBE-BLE1 7.0.0
2024-10-10 10:56:57,815 [INFO] ThirdParty:981 - CMSIS Pack Vendor :STMicroelectronics FP-ATR-SIGFOX1 3.2.0
2024-10-10 10:56:57,815 [INFO] ThirdParty:981 - CMSIS Pack Vendor :STMicroelectronics X-CUBE-NFC10 1.0.0
2024-10-10 10:56:57,815 [INFO] ThirdParty:981 - CMSIS Pack Vendor :STMicroelectronics X-CUBE-ISPU 2.0.0
2024-10-10 10:56:57,815 [INFO] ThirdParty:981 - CMSIS Pack Vendor :STMicroelectronics X-CUBE-EEPRMA1 5.1.0
2024-10-10 10:56:57,815 [INFO] ThirdParty:981 - CMSIS Pack Vendor :STMicroelectronics HAL Drivers 0.0.0
2024-10-10 10:56:57,816 [INFO] ThirdParty:981 - CMSIS Pack Vendor :STMicroelectronics MBEDTLS 2.16.2
2024-10-10 10:56:57,816 [INFO] ThirdParty:981 - CMSIS Pack Vendor :STMicroelectronics X-CUBE-ALS 1.0.2
2024-10-10 10:56:57,816 [INFO] ThirdParty:981 - CMSIS Pack Vendor :emotas I-CUBE-CANOPEN 1.3.0
2024-10-10 10:56:57,816 [INFO] ThirdParty:981 - CMSIS Pack Vendor :STMicroelectronics X-CUBE-MEMS1 10.0.0
2024-10-10 10:56:57,816 [INFO] ThirdParty:981 - CMSIS Pack Vendor :STMicroelectronics X-CUBE-NFC7 1.0.1
2024-10-10 10:56:57,817 [INFO] ThirdParty:981 - CMSIS Pack Vendor :STMicroelectronics MBEDTLS 2.14.1
2024-10-10 10:56:57,817 [INFO] ThirdParty:981 - CMSIS Pack Vendor :STMicroelectronics X-CUBE-TOUCHGFX 4.24.0
2024-10-10 10:56:57,817 [INFO] ThirdParty:981 - CMSIS Pack Vendor :ITTIA_DB I-CUBE-ITTIADB 8.9.0
2024-10-10 10:56:57,817 [INFO] ThirdParty:981 - CMSIS Pack Vendor :wolfSSL I-CUBE-wolfTPM 3.2.0
2024-10-10 10:56:57,817 [INFO] ThirdParty:981 - CMSIS Pack Vendor :STMicroelectronics X-CUBE-TOUCHGFX 4.24.1
2024-10-10 10:56:57,817 [INFO] ThirdParty:981 - CMSIS Pack Vendor :portGmbH I-Cube-SoM-uGOAL 1.1.0
2024-10-10 10:56:57,817 [INFO] ThirdParty:981 - CMSIS Pack Vendor :STMicroelectronics X-CUBE-ALS 1.0.1
2024-10-10 10:56:57,818 [INFO] ThirdParty:981 - CMSIS Pack Vendor :STMicroelectronics X-CUBE-BLEMGR 3.1.0
2024-10-10 10:56:57,818 [INFO] ThirdParty:981 - CMSIS Pack Vendor :STMicroelectronics ThreadX 1.0.0
2024-10-10 10:56:57,818 [INFO] ThirdParty:981 - CMSIS Pack Vendor :STMicroelectronics FP-SNS-SMARTAG2 1.2.0
2024-10-10 10:56:57,818 [INFO] ThirdParty:981 - CMSIS Pack Vendor :STMicroelectronics X-CUBE-AZRTOS-WL 2.0.0
2024-10-10 10:56:57,818 [INFO] ThirdParty:981 - CMSIS Pack Vendor :SEGGER I-CUBE-embOS 1.3.1
2024-10-10 10:56:57,818 [INFO] ThirdParty:981 - CMSIS Pack Vendor :STMicroelectronics X-CUBE-ALGOBUILD 1.4.0
2024-10-10 10:56:57,818 [INFO] ThirdParty:981 - CMSIS Pack Vendor :STMicroelectronics FP-SNS-MOTENV1 5.0.0
2024-10-10 10:56:57,818 [INFO] ThirdParty:981 - CMSIS Pack Vendor :STMicroelectronics USB_DEVICE 1.0.0
2024-10-10 10:56:57,818 [INFO] ThirdParty:981 - CMSIS Pack Vendor :STMicroelectronics X-CUBE-AZRTOS-H7RS 1.0.0
2024-10-10 10:56:57,818 [INFO] ThirdParty:981 - CMSIS Pack Vendor :wolfSSL I-CUBE-wolfMQTT 1.19.0
2024-10-10 10:56:57,819 [INFO] ThirdParty:981 - CMSIS Pack Vendor :STMicroelectronics X-CUBE-AZRTOS-L4 2.0.0
2024-10-10 10:56:57,819 [INFO] ThirdParty:981 - CMSIS Pack Vendor :STMicroelectronics ThreadX 0.0.2
2024-10-10 10:56:57,819 [INFO] ThirdParty:981 - CMSIS Pack Vendor :WES I-CUBE-Cesium 1.3.0
2024-10-10 10:56:57,819 [INFO] ThirdParty:981 - CMSIS Pack Vendor :STMicroelectronics FP-ATR-ASTRA1 2.0.0
2024-10-10 10:56:57,819 [INFO] ThirdParty:981 - CMSIS Pack Vendor :STMicroelectronics lwIP 2.1.2
2024-10-10 10:56:57,819 [INFO] ThirdParty:981 - CMSIS Pack Vendor :STMicroelectronics X-CUBE-SFXS2LP1 4.0.0
2024-10-10 10:56:57,819 [INFO] ThirdParty:981 - CMSIS Pack Vendor :STMicroelectronics X-CUBE-BLE2 3.3.0
2024-10-10 10:56:57,819 [INFO] ThirdParty:981 - CMSIS Pack Vendor :STMicroelectronics X-CUBE-AI 9.1.0
2024-10-10 10:56:57,819 [INFO] ThirdParty:981 - CMSIS Pack Vendor :STMicroelectronics X-CUBE-TOF1 3.4.1
2024-10-10 10:56:57,820 [INFO] ThirdParty:981 - CMSIS Pack Vendor :STMicroelectronics X-CUBE-AZRTOS-H7 3.2.0
2024-10-10 10:56:57,820 [INFO] ThirdParty:981 - CMSIS Pack Vendor :Infineon AIROC-Wi-Fi-Bluetooth-STM32 1.6.0
2024-10-10 10:56:57,820 [INFO] ThirdParty:981 - CMSIS Pack Vendor :STMicroelectronics PDM2PCM 3.2.0
2024-10-10 10:56:57,820 [INFO] ThirdParty:981 - CMSIS Pack Vendor :wolfSSL I-CUBE-wolfSSH 1.4.17
2024-10-10 10:56:57,820 [INFO] ThirdParty:797 - exiting critical section [change project]
2024-10-10 10:56:58,530 [INFO] PinOutPanel:1468 - setPackage(No Configuration,No Configuration)
2024-10-10 10:56:58,535 [INFO] PinOutPanel:1468 - setPackage(STM32F103C6Tx,LQFP48)
2024-10-10 10:57:00,517 [INFO] UtilMem:74 - Before build in PCC Used Memory: 609951616 Bytes (653262848)
2024-10-10 10:57:02,847 [INFO] UtilMem:74 - After build in PCC Used Memory: 583691232 Bytes (653262848)
2024-10-10 10:57:03,051 [INFO] IPUIPlugin:79 - create IPUIPlugin
2024-10-10 10:57:03,051 [INFO] IPUIPlugin:79 - create IPUIPlugin
2024-10-10 10:57:03,051 [INFO] IPUIPlugin:79 - create IPUIPlugin
2024-10-10 10:57:03,052 [INFO] IPUIPlugin:79 - create IPUIPlugin
2024-10-10 10:57:03,052 [INFO] IPUIPlugin:79 - create IPUIPlugin
2024-10-10 10:57:03,052 [INFO] IPUIPlugin:79 - create IPUIPlugin
2024-10-10 10:57:03,052 [INFO] IPUIPlugin:79 - create IPUIPlugin
2024-10-10 10:57:03,052 [INFO] IPUIPlugin:79 - create IPUIPlugin
2024-10-10 10:57:03,052 [INFO] IPUIPlugin:79 - create IPUIPlugin
2024-10-10 10:57:03,053 [INFO] IPUIPlugin:79 - create IPUIPlugin
2024-10-10 10:57:03,053 [INFO] IPUIPlugin:79 - create IPUIPlugin
2024-10-10 10:57:03,053 [INFO] IPUIPlugin:79 - create IPUIPlugin
2024-10-10 10:57:03,054 [INFO] IPUIPlugin:79 - create IPUIPlugin
2024-10-10 10:57:03,054 [INFO] IPUIPlugin:79 - create IPUIPlugin
2024-10-10 10:57:03,054 [INFO] IPUIPlugin:79 - create IPUIPlugin
2024-10-10 10:57:03,054 [INFO] IPUIPlugin:79 - create IPUIPlugin
2024-10-10 10:57:03,054 [INFO] IPUIPlugin:79 - create IPUIPlugin
2024-10-10 10:57:03,054 [INFO] IPUIPlugin:79 - create IPUIPlugin
2024-10-10 10:57:03,055 [INFO] IPUIPlugin:79 - create IPUIPlugin
2024-10-10 10:57:03,056 [INFO] IPUIPlugin:79 - create IPUIPlugin
2024-10-10 10:57:03,056 [INFO] IPUIPlugin:79 - create IPUIPlugin
2024-10-10 10:57:03,056 [INFO] IPUIPlugin:79 - create IPUIPlugin
2024-10-10 10:57:03,057 [INFO] IPUIPlugin:79 - create IPUIPlugin
2024-10-10 10:57:03,856 [INFO] OpenFileManager:327 - Restore cursor
2024-10-10 11:05:22,588 [INFO] Gpio:272 - dependency for GPIO []
2024-10-10 15:24:23,915 [INFO] Activator:177 - 


2024-10-10 15:24:23,917 [INFO] Activator:178 - !SESSION log4j initialized
2024-10-10 15:24:54,834 [ERROR] LogOutputStream:74 - [STDERR_REDIRECT] SLF4J: Failed to load class "org.slf4j.impl.StaticLoggerBinder".
2024-10-10 15:24:54,835 [ERROR] LogOutputStream:74 - [STDERR_REDIRECT] SLF4J: Defaulting to no-operation (NOP) logger implementation
2024-10-10 15:24:54,837 [ERROR] LogOutputStream:74 - [STDERR_REDIRECT] SLF4J: See http://www.slf4j.org/codes.html#StaticLoggerBinder for further details.
2024-10-10 21:56:32,502 [INFO] Activator:177 - 


2024-10-10 21:56:32,505 [INFO] Activator:178 - !SESSION log4j initialized
2024-10-10 21:57:10,822 [ERROR] LogOutputStream:74 - [STDERR_REDIRECT] SLF4J: Failed to load class "org.slf4j.impl.StaticLoggerBinder".
2024-10-10 21:57:10,824 [ERROR] LogOutputStream:74 - [STDERR_REDIRECT] SLF4J: Defaulting to no-operation (NOP) logger implementation
2024-10-10 21:57:10,829 [ERROR] LogOutputStream:74 - [STDERR_REDIRECT] SLF4J: See http://www.slf4j.org/codes.html#StaticLoggerBinder for further details.
2024-10-12 11:05:31,360 [INFO] Activator:177 - 


2024-10-12 11:05:31,384 [INFO] Activator:178 - !SESSION log4j initialized
2024-10-12 11:06:12,121 [ERROR] LogOutputStream:74 - [STDERR_REDIRECT] SLF4J: Failed to load class "org.slf4j.impl.StaticLoggerBinder".
2024-10-12 11:06:12,123 [ERROR] LogOutputStream:74 - [STDERR_REDIRECT] SLF4J: Defaulting to no-operation (NOP) logger implementation
2024-10-12 11:06:12,129 [ERROR] LogOutputStream:74 - [STDERR_REDIRECT] SLF4J: See http://www.slf4j.org/codes.html#StaticLoggerBinder for further details.
2024-10-18 22:13:51,791 [INFO] Activator:177 - 


2024-10-18 22:13:51,794 [INFO] Activator:178 - !SESSION log4j initialized
2024-10-18 22:14:25,219 [ERROR] LogOutputStream:74 - [STDERR_REDIRECT] SLF4J: Failed to load class "org.slf4j.impl.StaticLoggerBinder".
2024-10-18 22:14:25,220 [ERROR] LogOutputStream:74 - [STDERR_REDIRECT] SLF4J: Defaulting to no-operation (NOP) logger implementation
2024-10-18 22:14:25,224 [ERROR] LogOutputStream:74 - [STDERR_REDIRECT] SLF4J: See http://www.slf4j.org/codes.html#StaticLoggerBinder for further details.
2024-10-19 11:45:56,067 [INFO] Activator:177 - 


2024-10-19 11:45:56,069 [INFO] Activator:178 - !SESSION log4j initialized
2024-10-19 11:46:43,679 [ERROR] LogOutputStream:74 - [STDERR_REDIRECT] SLF4J: Failed to load class "org.slf4j.impl.StaticLoggerBinder".
2024-10-19 11:46:43,681 [ERROR] LogOutputStream:74 - [STDERR_REDIRECT] SLF4J: Defaulting to no-operation (NOP) logger implementation
2024-10-19 11:46:43,681 [ERROR] LogOutputStream:74 - [STDERR_REDIRECT] SLF4J: See http://www.slf4j.org/codes.html#StaticLoggerBinder for further details.
2024-10-19 11:48:11,598 [INFO] McuFinderGlobals:44 - Set McuFinder mode to 2 (CubeIDE integrated)
2024-10-19 11:48:11,928 [INFO] ApplicationProperties:181 - Using Application install path: D:\BKRA\KEIL C test\STM32CubeIDE_1.10.1\STM32CubeIDE\plugins\com.st.stm32cube.common.mx_6.6.1.202207061420
2024-10-19 11:48:11,968 [INFO] DbMcusXml:77 - Set database path to: D:\BKRA\KEIL C test\STM32CubeIDE_1.10.1\STM32CubeIDE\plugins\com.st.stm32cube.common.mx_6.6.1.202207061420\\db\/mcu/
2024-10-19 11:48:11,968 [INFO] ApiDb:269 - Set plugin database path to: D:\BKRA\KEIL C test\STM32CubeIDE_1.10.1\STM32CubeIDE\plugins\com.st.stm32cube.common.mx_6.6.1.202207061420\\db\/plugins/boardmanager/
2024-10-19 11:48:11,976 [WARN] ApiDb:254 - Overriding images path with different value:  => D:\BKRA\KEIL C test\STM32CubeIDE_1.10.1\STM32CubeIDE\plugins\com.st.stm32cube.common.mx_6.6.1.202207061420\\db\/plugins/mcufinder/images/
2024-10-19 11:48:12,012 [INFO] ApiDb:249 - Set database path to: C:\Users\User\.stmcufinder\plugins\mcufinder//mcu/
2024-10-19 11:48:12,020 [INFO] DbMcusAds:124 - Set database path to: C:\Users\User\.stmcufinder\plugins\mcufinder//mcu/
2024-10-19 11:48:12,907 [INFO] CrossReferenceDbSqlite:201 - Set database path to: C:\Users\User\.stmcufinder\plugins\mcufinder//mcu/cs/
2024-10-19 11:48:13,097 [INFO] RulesReader:61 - Compatibility file has been processed (282 Rules)
2024-10-19 11:48:13,393 [INFO] DbMcusXml:77 - Set database path to: D:\BKRA\KEIL C test\STM32CubeIDE_1.10.1\STM32CubeIDE\plugins\com.st.stm32cube.common.mx_6.6.1.202207061420\\db\/mcu/
2024-10-19 11:48:13,393 [INFO] ApiDb:269 - Set plugin database path to: D:\BKRA\KEIL C test\STM32CubeIDE_1.10.1\STM32CubeIDE\plugins\com.st.stm32cube.common.mx_6.6.1.202207061420\\db\/plugins/boardmanager/
2024-10-19 11:48:13,393 [INFO] ApiDb:256 - Set plugin images path to: D:\BKRA\KEIL C test\STM32CubeIDE_1.10.1\STM32CubeIDE\plugins\com.st.stm32cube.common.mx_6.6.1.202207061420\\db\/plugins/mcufinder/images/
2024-10-19 11:48:13,399 [WARN] DbFile:40 - Overriding database path with different value: C:\Users\User\.stmcufinder\plugins\mcufinder/ => C:\Users\User\.stmcufinder\plugins\mcufinder
2024-10-19 11:48:13,399 [INFO] ApiDb:249 - Set database path to: C:\Users\User\.stmcufinder\plugins\mcufinder//mcu/
2024-10-19 11:48:13,399 [WARN] DbFile:40 - Overriding database path with different value: C:\Users\User\.stmcufinder\plugins\mcufinder/ => C:\Users\User\.stmcufinder\plugins\mcufinder
2024-10-19 11:48:13,399 [INFO] DbMcusAds:124 - Set database path to: C:\Users\User\.stmcufinder\plugins\mcufinder//mcu/
2024-10-19 11:48:13,399 [WARN] DbFile:40 - Overriding database path with different value: C:\Users\User\.stmcufinder\plugins\mcufinder/ => C:\Users\User\.stmcufinder\plugins\mcufinder
2024-10-19 11:48:13,399 [WARN] DbFile:40 - Overriding database path with different value: C:\Users\User\.stmcufinder\plugins\mcufinder/ => C:\Users\User\.stmcufinder\plugins\mcufinder
2024-10-19 11:48:14,408 [INFO] CrossReferenceDbSqlite:201 - Set database path to: C:\Users\User\.stmcufinder\plugins\mcufinder//mcu/cs/
2024-10-19 11:48:14,663 [INFO] MainPanel:242 - HeapMemory: 428867584
2024-10-19 11:48:14,936 [INFO] DbMcusXml:77 - Set database path to: D:\BKRA\KEIL C test\STM32CubeIDE_1.10.1\STM32CubeIDE\plugins\com.st.stm32cube.common.mx_6.6.1.202207061420\\db\/mcu/
2024-10-19 11:48:14,937 [INFO] ApiDb:269 - Set plugin database path to: D:\BKRA\KEIL C test\STM32CubeIDE_1.10.1\STM32CubeIDE\plugins\com.st.stm32cube.common.mx_6.6.1.202207061420\\db\/plugins/boardmanager/
2024-10-19 11:48:14,937 [INFO] ApiDb:256 - Set plugin images path to: D:\BKRA\KEIL C test\STM32CubeIDE_1.10.1\STM32CubeIDE\plugins\com.st.stm32cube.common.mx_6.6.1.202207061420\\db\/plugins/mcufinder/images/
2024-10-19 11:48:14,937 [WARN] DbFile:40 - Overriding database path with different value: C:\Users\User\.stmcufinder\plugins\mcufinder/ => C:\Users\User\.stmcufinder\plugins\mcufinder
2024-10-19 11:48:14,937 [INFO] ApiDb:249 - Set database path to: C:\Users\User\.stmcufinder\plugins\mcufinder//mcu/
2024-10-19 11:48:14,937 [WARN] DbFile:40 - Overriding database path with different value: C:\Users\User\.stmcufinder\plugins\mcufinder/ => C:\Users\User\.stmcufinder\plugins\mcufinder
2024-10-19 11:48:14,937 [INFO] DbMcusAds:124 - Set database path to: C:\Users\User\.stmcufinder\plugins\mcufinder//mcu/
2024-10-19 11:48:14,942 [WARN] DbFile:40 - Overriding database path with different value: C:\Users\User\.stmcufinder\plugins\mcufinder/ => C:\Users\User\.stmcufinder\plugins\mcufinder
2024-10-19 11:48:14,945 [WARN] DbFile:40 - Overriding database path with different value: C:\Users\User\.stmcufinder\plugins\mcufinder/ => C:\Users\User\.stmcufinder\plugins\mcufinder
2024-10-19 11:48:15,907 [INFO] CrossReferenceDbSqlite:201 - Set database path to: C:\Users\User\.stmcufinder\plugins\mcufinder//mcu/cs/
2024-10-19 11:48:15,939 [INFO] ApplicationProperties:181 - Using Application install path: D:\BKRA\KEIL C test\STM32CubeIDE_1.10.1\STM32CubeIDE\plugins\com.st.stm32cube.common.mx_6.6.1.202207061420
2024-10-19 11:48:15,939 [INFO] PluginManage:193 - Search for loadable plugins [exclusion list=, ]
2024-10-19 11:48:15,939 [INFO] PluginManage:307 - Check plugin analytics
2024-10-19 11:48:17,026 [INFO] AnalyticsPlugin:262 - Accepted Software Licenses: STM32CubeMX.6.12.0
2024-10-19 11:48:17,034 [INFO] AnalyticsPlugin:264 - Accepted CMSIS Pack Licenses: 
2024-10-19 11:48:17,034 [INFO] AnalyticsPlugin:266 - Accepted Firmware Licenses: FW.F4.1.28.0
2024-10-19 11:48:17,077 [INFO] PluginManage:356 - Loaded plugin analytics (category:tool,tabindex:-1)
2024-10-19 11:48:17,077 [INFO] PluginManage:307 - Check plugin cadmodel
2024-10-19 11:48:17,088 [INFO] CADModel:65 - Init CAD model plugin
2024-10-19 11:48:17,088 [INFO] PluginManage:356 - Loaded plugin cadmodel (category:power,tabindex:5)
2024-10-19 11:48:17,088 [INFO] PluginManage:307 - Check plugin clock
2024-10-19 11:48:17,116 [INFO] PluginManage:356 - Loaded plugin clock (category:base,tabindex:2)
2024-10-19 11:48:17,116 [INFO] PluginManage:307 - Check plugin ddr
2024-10-19 11:48:17,118 [INFO] PluginManage:356 - Loaded plugin ddr (category:tool,tabindex:6)
2024-10-19 11:48:17,118 [INFO] PluginManage:307 - Check plugin filemanager
2024-10-19 11:48:17,458 [INFO] PluginManage:356 - Loaded plugin filemanager (category:base,tabindex:10)
2024-10-19 11:48:17,458 [INFO] PluginManage:307 - Check plugin ipmanager
2024-10-19 11:48:17,468 [INFO] PluginManage:356 - Loaded plugin ipmanager (category:base,tabindex:5)
2024-10-19 11:48:17,468 [INFO] PluginManage:307 - Check plugin lpbam
2024-10-19 11:48:17,489 [INFO] PluginManage:356 - Loaded plugin lpbam (category:base,tabindex:0)
2024-10-19 11:48:17,489 [INFO] PluginManage:307 - Check plugin pinoutandconfiguration
2024-10-19 11:48:17,507 [INFO] PluginManage:356 - Loaded plugin pinoutandconfiguration (category:base,tabindex:1)
2024-10-19 11:48:17,507 [INFO] PluginManage:307 - Check plugin pinoutconfig
2024-10-19 11:48:17,568 [INFO] PluginManage:356 - Loaded plugin pinoutconfig (category:base,tabindex:0)
2024-10-19 11:48:17,568 [INFO] PluginManage:307 - Check plugin power
2024-10-19 11:48:17,608 [INFO] PluginManage:356 - Loaded plugin power (category:power,tabindex:4)
2024-10-19 11:48:17,608 [INFO] PluginManage:307 - Check plugin projectmanager
2024-10-19 11:48:17,648 [INFO] PluginManage:356 - Loaded plugin projectmanager (category:projectmanager,tabindex:3)
2024-10-19 11:48:17,648 [INFO] PluginManage:307 - Check plugin thirdparty
2024-10-19 11:48:17,928 [INFO] PluginManage:356 - Loaded plugin thirdparty (category:base,tabindex:-1)
2024-10-19 11:48:17,928 [INFO] PluginManage:307 - Check plugin tools
2024-10-19 11:48:17,933 [INFO] PluginManage:356 - Loaded plugin tools (category:base,tabindex:7)
2024-10-19 11:48:17,933 [WARN] IntegrityCheckThread:82 - waiting for thirdparty lock release [integrity check]
2024-10-19 11:48:17,939 [INFO] IntegrityCheckThread:84 - entering critical section [integrity check]
2024-10-19 11:48:17,939 [INFO] PluginManage:307 - Check plugin tutovideos
2024-10-19 11:48:17,947 [INFO] ThirdPartyUpdaterWithRetryManager:70 - Updater plugin not ready yet. [1/15]
2024-10-19 11:48:18,449 [INFO] PluginManage:356 - Loaded plugin tutovideos (category:base,tabindex:-1)
2024-10-19 11:48:18,449 [INFO] PluginManage:307 - Check plugin updater
2024-10-19 11:48:18,489 [INFO] PluginManage:356 - Loaded plugin updater (category:base,tabindex:12)
2024-10-19 11:48:18,489 [INFO] PluginManage:280 - PluginManage : Loaded plugins [15]
2024-10-19 11:48:19,639 [INFO] PinOutPanel:1468 - setPackage(No Configuration,No Configuration)
2024-10-19 11:48:19,870 [INFO] CADModel:98 - CPN selected for project level
2024-10-19 11:48:19,917 [INFO] IPUIPlugin:79 - create IPUIPlugin
2024-10-19 11:48:19,917 [INFO] PluginManager:217 - loadIPPluginJar : add adc
2024-10-19 11:48:19,922 [INFO] IPUIPlugin:79 - create IPUIPlugin
2024-10-19 11:48:19,928 [INFO] PluginManager:217 - loadIPPluginJar : add aes
2024-10-19 11:48:19,929 [INFO] IPUIPlugin:79 - create IPUIPlugin
2024-10-19 11:48:19,929 [INFO] PluginManager:217 - loadIPPluginJar : add can
2024-10-19 11:48:19,938 [INFO] IPUIPlugin:79 - create IPUIPlugin
2024-10-19 11:48:19,938 [INFO] PluginManager:217 - loadIPPluginJar : add comp
2024-10-19 11:48:19,948 [INFO] IPUIPlugin:79 - create IPUIPlugin
2024-10-19 11:48:19,948 [INFO] PluginManager:217 - loadIPPluginJar : add cryp
2024-10-19 11:48:19,953 [INFO] IPUIPlugin:79 - create IPUIPlugin
2024-10-19 11:48:19,953 [INFO] PluginManager:217 - loadIPPluginJar : add dfsdm
2024-10-19 11:48:19,968 [INFO] IPUIPlugin:79 - create IPUIPlugin
2024-10-19 11:48:19,968 [INFO] PluginManager:217 - loadIPPluginJar : add dma
2024-10-19 11:48:19,991 [INFO] IPUIPlugin:79 - create IPUIPlugin
2024-10-19 11:48:19,991 [INFO] PluginManager:217 - loadIPPluginJar : add dma3
2024-10-19 11:48:19,999 [INFO] IPUIPlugin:79 - create IPUIPlugin
2024-10-19 11:48:19,999 [INFO] PluginManager:217 - loadIPPluginJar : add fatfs
2024-10-19 11:48:20,011 [INFO] IPUIPlugin:79 - create IPUIPlugin
2024-10-19 11:48:20,011 [INFO] PluginManager:217 - loadIPPluginJar : add fmc
2024-10-19 11:48:20,030 [INFO] IPUIPlugin:79 - create IPUIPlugin
2024-10-19 11:48:20,030 [INFO] PluginManager:217 - loadIPPluginJar : add freertos
2024-10-19 11:48:20,030 [INFO] IPUIPlugin:79 - create IPUIPlugin
2024-10-19 11:48:20,030 [INFO] PluginManager:217 - loadIPPluginJar : add genericplugin
2024-10-19 11:48:20,040 [INFO] IPUIPlugin:79 - create IPUIPlugin
2024-10-19 11:48:20,040 [INFO] PluginManager:217 - loadIPPluginJar : add gfxmmu
2024-10-19 11:48:20,050 [INFO] IPUIPlugin:79 - create IPUIPlugin
2024-10-19 11:48:20,059 [INFO] PluginManager:217 - loadIPPluginJar : add gic
2024-10-19 11:48:20,071 [INFO] IPUIPlugin:79 - create IPUIPlugin
2024-10-19 11:48:20,077 [INFO] PluginManager:217 - loadIPPluginJar : add gpio
2024-10-19 11:48:20,081 [INFO] IPUIPlugin:79 - create IPUIPlugin
2024-10-19 11:48:20,081 [INFO] PluginManager:217 - loadIPPluginJar : add gtzc
2024-10-19 11:48:20,091 [INFO] IPUIPlugin:79 - create IPUIPlugin
2024-10-19 11:48:20,091 [INFO] PluginManager:217 - loadIPPluginJar : add hash
2024-10-19 11:48:20,099 [INFO] IPUIPlugin:79 - create IPUIPlugin
2024-10-19 11:48:20,099 [INFO] PluginManager:217 - loadIPPluginJar : add i2c
2024-10-19 11:48:20,101 [INFO] IPUIPlugin:79 - create IPUIPlugin
2024-10-19 11:48:20,108 [INFO] PluginManager:217 - loadIPPluginJar : add i2s
2024-10-19 11:48:20,121 [INFO] IPUIPlugin:79 - create IPUIPlugin
2024-10-19 11:48:20,121 [INFO] PluginManager:217 - loadIPPluginJar : add ipddr
2024-10-19 11:48:20,141 [INFO] IPUIPlugin:79 - create IPUIPlugin
2024-10-19 11:48:20,141 [INFO] PluginManager:217 - loadIPPluginJar : add linkedlist
2024-10-19 11:48:20,152 [INFO] IPUIPlugin:79 - create IPUIPlugin
2024-10-19 11:48:20,152 [INFO] PluginManager:217 - loadIPPluginJar : add lorawan
2024-10-19 11:48:20,152 [INFO] IPUIPlugin:79 - create IPUIPlugin
2024-10-19 11:48:20,152 [INFO] PluginManager:217 - loadIPPluginJar : add ltdc
2024-10-19 11:48:20,170 [INFO] IPUIPlugin:79 - create IPUIPlugin
2024-10-19 11:48:20,170 [INFO] PluginManager:217 - loadIPPluginJar : add mdma
2024-10-19 11:48:20,177 [INFO] IPUIPlugin:79 - create IPUIPlugin
2024-10-19 11:48:20,180 [INFO] PluginManager:217 - loadIPPluginJar : add nvic
2024-10-19 11:48:20,182 [INFO] IPUIPlugin:79 - create IPUIPlugin
2024-10-19 11:48:20,182 [INFO] PluginManager:217 - loadIPPluginJar : add opamp
2024-10-19 11:48:20,192 [INFO] IPUIPlugin:79 - create IPUIPlugin
2024-10-19 11:48:20,192 [INFO] PluginManager:217 - loadIPPluginJar : add openamp
2024-10-19 11:48:20,202 [INFO] IPUIPlugin:79 - create IPUIPlugin
2024-10-19 11:48:20,202 [INFO] PluginManager:217 - loadIPPluginJar : add pdm2pcm
2024-10-19 11:48:20,233 [INFO] IPUIPlugin:79 - create IPUIPlugin
2024-10-19 11:48:20,241 [INFO] PluginManager:217 - loadIPPluginJar : add plateformsettings
2024-10-19 11:48:20,243 [INFO] IPUIPlugin:79 - create IPUIPlugin
2024-10-19 11:48:20,243 [INFO] PluginManager:217 - loadIPPluginJar : add quadspi
2024-10-19 11:48:20,253 [INFO] IPUIPlugin:79 - create IPUIPlugin
2024-10-19 11:48:20,253 [INFO] PluginManager:217 - loadIPPluginJar : add resmgrutility
2024-10-19 11:48:20,263 [INFO] IPUIPlugin:79 - create IPUIPlugin
2024-10-19 11:48:20,263 [INFO] PluginManager:217 - loadIPPluginJar : add sai
2024-10-19 11:48:20,271 [INFO] IPUIPlugin:79 - create IPUIPlugin
2024-10-19 11:48:20,271 [INFO] PluginManager:217 - loadIPPluginJar : add spi
2024-10-19 11:48:20,281 [INFO] IPUIPlugin:79 - create IPUIPlugin
2024-10-19 11:48:20,283 [INFO] PluginManager:217 - loadIPPluginJar : add stm32_wpan
2024-10-19 11:48:20,289 [INFO] IPUIPlugin:79 - create IPUIPlugin
2024-10-19 11:48:20,289 [INFO] PluginManager:217 - loadIPPluginJar : add tim
2024-10-19 11:48:20,304 [INFO] IPUIPlugin:79 - create IPUIPlugin
2024-10-19 11:48:20,304 [INFO] PluginManager:217 - loadIPPluginJar : add touchsensing
2024-10-19 11:48:20,307 [INFO] IPUIPlugin:79 - create IPUIPlugin
2024-10-19 11:48:20,307 [INFO] PluginManager:217 - loadIPPluginJar : add tracer_emb
2024-10-19 11:48:20,314 [INFO] IPUIPlugin:79 - create IPUIPlugin
2024-10-19 11:48:20,314 [INFO] PluginManager:217 - loadIPPluginJar : add ts
2024-10-19 11:48:20,319 [INFO] IPUIPlugin:79 - create IPUIPlugin
2024-10-19 11:48:20,322 [INFO] PluginManager:217 - loadIPPluginJar : add tsc
2024-10-19 11:48:20,324 [INFO] IPUIPlugin:79 - create IPUIPlugin
2024-10-19 11:48:20,324 [INFO] PluginManager:217 - loadIPPluginJar : add ucpd
2024-10-19 11:48:20,332 [INFO] IPUIPlugin:79 - create IPUIPlugin
2024-10-19 11:48:20,332 [INFO] PluginManager:217 - loadIPPluginJar : add usart
2024-10-19 11:48:20,349 [INFO] IPUIPlugin:79 - create IPUIPlugin
2024-10-19 11:48:20,352 [INFO] PluginManager:217 - loadIPPluginJar : add usbx
2024-10-19 11:48:20,959 [INFO] ThirdPartyUpdaterWithRetryManager:70 - Updater plugin not ready yet. [2/15]
2024-10-19 11:48:21,019 [FATAL] Updater:301 - Updater called before beeing initialized
2024-10-19 11:48:21,521 [FATAL] Updater:301 - Updater called before beeing initialized
2024-10-19 11:48:21,547 [INFO] DbMcusAds:52 - JSON generation date=Fri Sep 20 20:04:23 ICT 2024 (1726837463113)
2024-10-19 11:48:21,548 [FATAL] Updater:301 - Updater called before beeing initialized
2024-10-19 11:48:21,716 [WARN] DetailPanel:344 - Failed to get advertising image, set to default
2024-10-19 11:48:22,049 [FATAL] Updater:301 - Updater called before beeing initialized
2024-10-19 11:48:22,053 [FATAL] Updater:301 - Updater called before beeing initialized
2024-10-19 11:48:22,053 [FATAL] Updater:301 - Updater called before beeing initialized
2024-10-19 11:48:22,053 [WARN] DetailPanel:344 - Failed to get advertising image, set to default
2024-10-19 11:48:22,058 [FATAL] Updater:301 - Updater called before beeing initialized
2024-10-19 11:48:22,198 [ERROR] Updater:1105 - MainUpdater not yet initialized. External WinMGr cannot be set.
2024-10-19 11:48:22,208 [INFO] Updater:1041 - Updater Version found : 6.6.1
2024-10-19 11:48:22,247 [INFO] ApplicationProperties:181 - Using Application install path: D:\BKRA\KEIL C test\STM32CubeIDE_1.10.1\STM32CubeIDE\plugins\com.st.stm32cube.common.mx_6.6.1.202207061420
2024-10-19 11:48:23,076 [INFO] MainUpdater:2768 - connection check result : 10
2024-10-19 11:48:23,076 [INFO] MainUpdater:3453 - Updater definition file requires update
2024-10-19 11:48:23,084 [INFO] MainUpdater:280 - Updater Check For Update Now.
2024-10-19 11:48:23,084 [INFO] MicroXplorer:481 - Change Database Version : DB.6.0.60
2024-10-19 11:48:23,228 [INFO] ServerAccessManage:474 - Download File updaters.zip
2024-10-19 11:48:23,397 [INFO] FileExtend:239 - Unzip File : updaters.zip
2024-10-19 11:48:23,397 [INFO] FileExtend:254 - Standard Zip Deflate
2024-10-19 11:48:23,976 [WARN] MainUpdater:1184 - Updater busy. Cannot search thirdparties
2024-10-19 11:48:23,976 [INFO] ThirdPartyUpdaterWithRetryManager:96 - Updater plugin is busy. [1/15]
2024-10-19 11:48:24,308 [INFO] ServerAccessManage:474 - Download File PacksControlFlags.xml
2024-10-19 11:48:24,547 [INFO] ServerAccessManage:474 - Download File cubemx.pidx
2024-10-19 11:48:24,798 [INFO] LoadServerUpdatesThread:367 - End of LoadServerUpdate Thread
2024-10-19 11:48:25,059 [INFO] CheckServerUpdateThread:119 - End of CheckServer Thread
2024-10-19 11:48:25,196 [INFO] MainUpdater:2768 - connection check result : 10
2024-10-19 11:48:25,198 [INFO] MainUpdater:2768 - connection check result : 10
2024-10-19 11:48:25,308 [INFO] MicroXplorer:451 - Change Database Path : 
2024-10-19 11:48:25,308 [INFO] MicroXplorer:481 - Change Database Version : DB.6.0.60
2024-10-19 11:48:25,308 [WARN] ThirdParty:827 - waiting for thirdparty lock release [close project]
2024-10-19 11:48:27,549 [WARN] PackLoader:242 - Cannot read IP mode file for STMicroelectronics.FP-SNS-MOTENVWB1.1.4.0
2024-10-19 11:48:27,613 [WARN] PackLoader:242 - Cannot read IP mode file for STMicroelectronics.X-CUBE-SMBUS.2.1.0
2024-10-19 11:48:27,637 [WARN] PackLoader:242 - Cannot read IP mode file for STMicroelectronics.X-CUBE-WB05N.1.1.0
2024-10-19 11:48:27,648 [WARN] PackLoader:242 - Cannot read IP mode file for STMicroelectronics.X-CUBE-TOUCHGFX.4.23.2
2024-10-19 11:48:27,783 [WARN] PackLoader:242 - Cannot read IP mode file for STMicroelectronics.X-CUBE-AZRTOS-F7.1.1.0
2024-10-19 11:48:28,300 [WARN] PackLoader:242 - Cannot read IP mode file for STMicroelectronics.X-CUBE-MEMS1.11.0.0
2024-10-19 11:48:29,389 [WARN] PackLoader:242 - Cannot read IP mode file for STMicroelectronics.FP-SNS-FLIGHT1.5.0.2
2024-10-19 11:48:29,441 [WARN] PackLoader:242 - Cannot read IP mode file for STMicroelectronics.X-CUBE-DISPLAY.3.0.0
2024-10-19 11:48:29,498 [WARN] PackLoader:242 - Cannot read IP mode file for STMicroelectronics.X-CUBE-BLE1.7.0.0
2024-10-19 11:48:29,512 [WARN] PackLoader:242 - Cannot read IP mode file for STMicroelectronics.X-CUBE-NFC10.1.0.0
2024-10-19 11:48:29,529 [WARN] PackLoader:242 - Cannot read IP mode file for emotas.I-CUBE-CANOPEN.1.3.0
2024-10-19 11:48:29,567 [WARN] PackLoader:242 - Cannot read IP mode file for STMicroelectronics.X-CUBE-BLEMGR.3.1.0
2024-10-19 11:48:29,608 [WARN] PackLoader:242 - Cannot read IP mode file for STMicroelectronics.FP-SNS-SMARTAG2.1.2.0
2024-10-19 11:48:29,630 [INFO] LogOutputStream:76 - [STDOUT_REDIRECT] 1 : Invalid condition id : UX_CORESTACK_Condition cause : null
2024-10-19 11:48:29,630 [INFO] LogOutputStream:76 - [STDOUT_REDIRECT] 1 : Invalid condition id : UX_CORESTACK_Condition cause : null
2024-10-19 11:48:29,639 [INFO] LogOutputStream:76 - [STDOUT_REDIRECT] 1 : Invalid condition id : UX_CORESTACK_Condition cause : null
2024-10-19 11:48:29,640 [INFO] LogOutputStream:76 - [STDOUT_REDIRECT] 1 : Invalid condition id : UX_CORESTACK_Condition cause : null
2024-10-19 11:48:29,647 [INFO] LogOutputStream:76 - [STDOUT_REDIRECT] 1 : Invalid condition id : UX_CORESTACK_Condition cause : null
2024-10-19 11:48:29,671 [WARN] PackLoader:242 - Cannot read IP mode file for STMicroelectronics.X-CUBE-AZRTOS-WL.2.0.0
2024-10-19 11:48:29,731 [WARN] PackLoader:242 - Cannot read IP mode file for STMicroelectronics.FP-SNS-MOTENV1.5.0.0
2024-10-19 11:48:29,748 [WARN] PackLoader:242 - Cannot read IP mode file for wolfSSL.I-CUBE-wolfMQTT.1.19.0
2024-10-19 11:48:29,762 [WARN] PackLoader:242 - Cannot read IP mode file for WES.I-CUBE-Cesium.1.3.0
2024-10-19 11:48:29,780 [WARN] PackLoader:242 - Cannot read IP mode file for STMicroelectronics.X-CUBE-BLE2.3.3.0
2024-10-19 11:48:29,821 [WARN] PackLoader:242 - Cannot read IP mode file for STMicroelectronics.X-CUBE-NFC9.1.0.0
2024-10-19 11:48:29,839 [WARN] PackLoader:242 - Cannot read IP mode file for STMicroelectronics.X-CUBE-TCPP.4.1.0
2024-10-19 11:48:29,857 [WARN] PackLoader:242 - Cannot read IP mode file for STMicroelectronics.X-CUBE-ALGOBUILD.1.3.0
2024-10-19 11:48:29,902 [WARN] PackLoader:242 - Cannot read IP mode file for STMicroelectronics.X-CUBE-AZRTOS-G0.1.1.0
2024-10-19 11:48:29,929 [WARN] PackLoader:242 - Cannot read IP mode file for STMicroelectronics.X-CUBE-SAFEA1.1.2.2
2024-10-19 11:48:29,979 [WARN] PackLoader:242 - Cannot read IP mode file for STMicroelectronics.X-CUBE-NFC4.3.0.0
2024-10-19 11:48:29,987 [WARN] PackLoader:242 - Cannot read IP mode file for wolfSSL.I-CUBE-wolfMQTT.1.18.0
2024-10-19 11:48:29,997 [ERROR] Engine:467 - C:\Users\User\.stm32cubemx\thirdparties\pdsc\EmbeddedOffice.I-CUBE-FS-RTOS.1.0.1.pdsc: PDSC version is not supported
2024-10-19 11:48:29,999 [ERROR] Engine:467 - C:\Users\User\.stm32cubemx\thirdparties\pdsc\RealThread.X-CUBE-RT-Thread_Nano.4.1.1.pdsc: PDSC version is not supported
2024-10-19 11:48:30,009 [WARN] PackLoader:242 - Cannot read IP mode file for wolfSSL.I-CUBE-wolfSSL.5.7.0
2024-10-19 11:48:30,017 [WARN] PackLoader:242 - Cannot read IP mode file for STMicroelectronics.FP-ATR-SIGFOX1.3.2.0
2024-10-19 11:48:30,038 [WARN] PackLoader:242 - Cannot read IP mode file for STMicroelectronics.X-CUBE-EEPRMA1.5.1.0
2024-10-19 11:48:30,059 [WARN] PackLoader:242 - Cannot read IP mode file for ITTIA_DB.I-CUBE-ITTIADB.8.9.0
2024-10-19 11:48:30,227 [WARN] PackLoader:242 - Cannot read IP mode file for SEGGER.I-CUBE-embOS.1.3.1
2024-10-19 11:48:30,518 [WARN] PackLoader:242 - Cannot read IP mode file for STMicroelectronics.X-CUBE-ALGOBUILD.1.4.0
2024-10-19 11:48:30,539 [WARN] PackLoader:242 - Cannot read IP mode file for STMicroelectronics.X-CUBE-AI.9.1.0
2024-10-19 11:48:30,551 [WARN] PackLoader:242 - Cannot read IP mode file for STMicroelectronics.X-CUBE-GNSS1.6.0.0
2024-10-19 11:48:30,609 [WARN] PackLoader:242 - Cannot read IP mode file for STMicroelectronics.X-CUBE-AZRTOS-F4.1.1.0
2024-10-19 11:48:30,622 [WARN] PackLoader:242 - Cannot read IP mode file for STMicroelectronics.X-CUBE-ISPU.2.1.0
2024-10-19 11:48:30,637 [WARN] PackLoader:242 - Cannot read IP mode file for STMicroelectronics.X-CUBE-FREERTOS.1.2.0
2024-10-19 11:48:30,679 [WARN] PackLoader:242 - Cannot read IP mode file for STMicroelectronics.X-CUBE-AZRTOS-L5.2.0.0
2024-10-19 11:48:30,734 [WARN] PackLoader:242 - Cannot read IP mode file for STMicroelectronics.X-CUBE-NFC6.3.1.0
2024-10-19 11:48:30,749 [ERROR] Engine:467 - C:\Users\User\.stm32cubemx\thirdparties\pdsc\STMicroelectronics.X-CUBE-DPower.1.2.0.pdsc: PDSC version is not supported
2024-10-19 11:48:30,758 [WARN] PackLoader:242 - Cannot read IP mode file for STMicroelectronics.X-CUBE-AI.9.0.0
2024-10-19 11:48:30,769 [WARN] PackLoader:242 - Cannot read IP mode file for STMicroelectronics.X-CUBE-NFC7.1.0.1
2024-10-19 11:48:30,777 [WARN] PackLoader:242 - Cannot read IP mode file for wolfSSL.I-CUBE-wolfTPM.3.2.0
2024-10-19 11:48:30,848 [WARN] ConditionMgr:437 - getConditionDescription Invalid condition id : LAN8742 Phy interface Condition cause : null
2024-10-19 11:48:30,848 [WARN] PackLoader:242 - Cannot read IP mode file for STMicroelectronics.X-CUBE-AZRTOS-L4.2.0.0
2024-10-19 11:48:30,856 [WARN] ConditionMgr:1038 - genDependencies : Invalid condition id : LAN8742 Phy interface Condition cause : null
2024-10-19 11:48:30,856 [WARN] ConditionMgr:1038 - genDependencies : Invalid condition id : LAN8742 Phy interface Condition cause : null
2024-10-19 11:48:30,858 [WARN] ConditionMgr:1038 - genDependencies : Invalid condition id : LAN8742 Phy interface Condition cause : null
2024-10-19 11:48:30,909 [WARN] PackLoader:242 - Cannot read IP mode file for STMicroelectronics.X-CUBE-SFXS2LP1.4.0.0
2024-10-19 11:48:30,969 [WARN] PackLoader:242 - Cannot read IP mode file for STMicroelectronics.X-CUBE-AZRTOS-H7.3.3.0
2024-10-19 11:48:30,982 [ERROR] Engine:467 - C:\Users\User\.stm32cubemx\thirdparties\pdsc\STMicroelectronics.X-CUBE-IPS.3.0.0.pdsc: PDSC version is not supported
2024-10-19 11:48:31,010 [WARN] ConditionMgr:437 - getConditionDescription Invalid condition id : UX DEVICE CLASS RTOS Condition cause : null
2024-10-19 11:48:31,010 [WARN] ConditionMgr:437 - getConditionDescription Invalid condition id : UX DEVICE CLASS RTOS Condition cause : null
2024-10-19 11:48:31,010 [WARN] PackLoader:242 - Cannot read IP mode file for STMicroelectronics.X-CUBE-AZRTOS-WB.2.0.0
2024-10-19 11:48:31,047 [WARN] ConditionMgr:1038 - genDependencies : Invalid condition id : UX DEVICE CLASS RTOS Condition cause : null
2024-10-19 11:48:31,047 [WARN] ConditionMgr:1038 - genDependencies : Invalid condition id : UX DEVICE CLASS RTOS Condition cause : null
2024-10-19 11:48:31,049 [WARN] ConditionMgr:1038 - genDependencies : Invalid condition id : UX DEVICE CLASS RTOS Condition cause : null
2024-10-19 11:48:31,049 [WARN] ConditionMgr:1038 - genDependencies : Invalid condition id : UX DEVICE CLASS RTOS Condition cause : null
2024-10-19 11:48:31,052 [WARN] ConditionMgr:1038 - genDependencies : Invalid condition id : UX DEVICE CLASS RTOS Condition cause : null
2024-10-19 11:48:31,061 [WARN] PackLoader:242 - Cannot read IP mode file for STMicroelectronics.X-CUBE-GNSS1.7.0.0
2024-10-19 11:48:31,071 [ERROR] Engine:467 - C:\Users\User\.stm32cubemx\thirdparties\pdsc\STMicroelectronics.FP-SNS-STBOX1.2.0.0.pdsc: PDSC version is not supported
2024-10-19 11:48:31,091 [WARN] PackLoader:242 - Cannot read IP mode file for STMicroelectronics.X-CUBE-SUBG2.5.0.0
2024-10-19 11:48:31,139 [WARN] PackLoader:242 - Cannot read IP mode file for STMicroelectronics.X-CUBE-AZRTOS-G4.2.0.0
2024-10-19 11:48:31,149 [WARN] PackLoader:242 - Cannot read IP mode file for STMicroelectronics.X-CUBE-ISPU.2.0.0
2024-10-19 11:48:31,222 [WARN] PackLoader:242 - Cannot read IP mode file for STMicroelectronics.X-CUBE-ALS.1.0.2
2024-10-19 11:48:31,331 [WARN] PackLoader:242 - Cannot read IP mode file for STMicroelectronics.X-CUBE-MEMS1.10.0.0
2024-10-19 11:48:31,960 [WARN] PackLoader:242 - Cannot read IP mode file for STMicroelectronics.X-CUBE-TOUCHGFX.4.24.0
2024-10-19 11:48:31,971 [WARN] PackLoader:242 - Cannot read IP mode file for STMicroelectronics.X-CUBE-TOUCHGFX.4.24.1
2024-10-19 11:48:31,980 [WARN] PackLoader:242 - Cannot read IP mode file for portGmbH.I-Cube-SoM-uGOAL.1.1.0
2024-10-19 11:48:31,990 [WARN] PackLoader:242 - Cannot read IP mode file for STMicroelectronics.X-CUBE-ALS.1.0.1
2024-10-19 11:48:32,041 [WARN] PackLoader:242 - Cannot read IP mode file for STMicroelectronics.X-CUBE-AZRTOS-H7RS.1.0.0
2024-10-19 11:48:32,058 [WARN] PackLoader:242 - Cannot read IP mode file for STMicroelectronics.FP-ATR-ASTRA1.2.0.0
2024-10-19 11:48:32,070 [ERROR] Engine:467 - C:\Users\User\.stm32cubemx\thirdparties\pdsc\STMicroelectronics.X-CUBE-TOF1.3.4.2.pdsc: PDSC version is not supported
2024-10-19 11:48:32,107 [WARN] PackLoader:242 - Cannot read IP mode file for STMicroelectronics.X-CUBE-TOF1.3.4.1
2024-10-19 11:48:32,184 [WARN] PackLoader:242 - Cannot read IP mode file for STMicroelectronics.X-CUBE-AZRTOS-H7.3.2.0
2024-10-19 11:48:32,237 [WARN] PackLoader:242 - Cannot read IP mode file for Infineon.AIROC-Wi-Fi-Bluetooth-STM32.1.6.0
2024-10-19 11:48:32,252 [WARN] PackLoader:242 - Cannot read IP mode file for wolfSSL.I-CUBE-wolfSSH.1.4.17
2024-10-19 11:48:32,252 [INFO] ThirdParty:929 - Integrity check success = true
2024-10-19 11:48:32,252 [INFO] IntegrityCheckThread:98 - exiting critical section [integrity check]
2024-10-19 11:48:32,254 [INFO] IntegrityCheckThread:101 - End integrity checks thread
2024-10-19 11:48:32,254 [INFO] ThirdParty:829 - entering critical section [close project]
2024-10-19 11:48:32,254 [INFO] ThirdParty:839 - exiting critical section [close project]
2024-10-19 11:48:32,265 [INFO] PinOutPanel:1468 - setPackage(No Configuration,No Configuration)
2024-10-19 11:48:32,275 [INFO] UtilMem:74 - Begin LoadConfig() Used Memory: 515519984 Bytes (666894336)
2024-10-19 11:48:32,279 [INFO] MicroXplorer:451 - Change Database Path : 
2024-10-19 11:48:32,279 [INFO] MicroXplorer:481 - Change Database Version : DB.6.0.60
2024-10-19 11:48:32,279 [INFO] OpenFileManager:307 - Change cursor
2024-10-19 11:48:32,334 [INFO] Mcu:1922 - Initializing MCU STM32F103C(4-6)Tx STM32F103C6Tx STM32F103C6T6A
2024-10-19 11:48:41,210 [INFO] Context:654 - Trying to add GPIOservice into a context  which must be forbidden
2024-10-19 11:48:42,212 [WARN] ApiManager:308 - Cannot register API 'Board Extension:NFC09A1' from pack STMicroelectronics.X-CUBE-NFC9.1.0.0: no header file found
2024-10-19 11:48:42,219 [WARN] ApiManager:308 - Cannot register API 'Board Extension:GNSS1A1' from pack STMicroelectronics.X-CUBE-GNSS1.6.0.0: no header file found
2024-10-19 11:48:42,219 [WARN] ApiManager:308 - Cannot register API 'Board Support:Custom' from pack STMicroelectronics.X-CUBE-GNSS1.6.0.0: no header file found
2024-10-19 11:48:42,219 [WARN] ApiManager:308 - Cannot register API 'Data Exchange:lib_gnss' from pack STMicroelectronics.X-CUBE-GNSS1.6.0.0: no header file found
2024-10-19 11:48:42,229 [WARN] ApiManager:308 - Cannot register API 'Wireless:STM32WB05N' from pack STMicroelectronics.X-CUBE-WB05N.1.1.0: no header file found
2024-10-19 11:48:42,245 [WARN] ApiManager:308 - Cannot register API 'Board Extension:GNSS1A1' from pack STMicroelectronics.X-CUBE-GNSS1.7.0.0: no header file found
2024-10-19 11:48:42,245 [WARN] ApiManager:308 - Cannot register API 'Board Support:Custom' from pack STMicroelectronics.X-CUBE-GNSS1.7.0.0: no header file found
2024-10-19 11:48:42,245 [WARN] ApiManager:308 - Cannot register API 'Data Exchange:lib_gnss' from pack STMicroelectronics.X-CUBE-GNSS1.7.0.0: no header file found
2024-10-19 11:48:42,299 [WARN] ApiManager:308 - Cannot register API 'Board Extension:NFC06A1' from pack STMicroelectronics.X-CUBE-NFC6.3.1.0: no header file found
2024-10-19 11:48:42,299 [WARN] ApiManager:308 - Cannot register API 'Board Extension:NFC08A1' from pack STMicroelectronics.X-CUBE-NFC6.3.1.0: no header file found
2024-10-19 11:48:42,688 [WARN] ApiManager:308 - Cannot register API 'Board Extension:IKS01A3' from pack STMicroelectronics.X-CUBE-MEMS1.11.0.0: no header file found
2024-10-19 11:48:42,689 [WARN] ApiManager:308 - Cannot register API 'Board Extension:IKS02A1' from pack STMicroelectronics.X-CUBE-MEMS1.11.0.0: no header file found
2024-10-19 11:48:42,689 [WARN] ApiManager:308 - Cannot register API 'Board Extension:IKS4A1' from pack STMicroelectronics.X-CUBE-MEMS1.11.0.0: no header file found
2024-10-19 11:48:42,709 [INFO] RtosManager:488 - Registered RTOS mode: class=CMSIS, group=RTOS, mode=CMSIS_V1, owner=FREERTOS
2024-10-19 11:48:42,709 [INFO] RtosManager:488 - Registered RTOS mode: class=CMSIS, group=RTOS2, mode=CMSIS_V2, owner=FREERTOS
2024-10-19 11:48:42,709 [INFO] RtosManager:488 - Registered RTOS mode: class=RTOS, group=Core, mode=CMSIS_V1, owner=FREERTOS
2024-10-19 11:48:42,709 [INFO] RtosManager:488 - Registered RTOS mode: class=RTOS, group=Core, mode=CMSIS_V2, owner=FREERTOS
2024-10-19 11:48:42,723 [WARN] ModelIntegratedComponent:185 - Missing modes for component STMicroelectronics:FreeRTOS:0.0.1:STMicroelectronics:RTOS:FreeRTOS:Core:::10.2.0:
2024-10-19 11:48:42,727 [WARN] ApiManager:308 - Cannot register API 'Board Extension:STSAFEA1' from pack STMicroelectronics.X-CUBE-SAFEA1.1.2.2: no header file found
2024-10-19 11:48:42,728 [WARN] ApiManager:308 - Cannot register API 'Board Part:STSAFEA110' from pack STMicroelectronics.X-CUBE-SAFEA1.1.2.2: no header file found
2024-10-19 11:48:42,728 [WARN] ApiManager:308 - Cannot register API 'Security:ST_Cryptolib' from pack STMicroelectronics.X-CUBE-SAFEA1.1.2.2: no header file found
2024-10-19 11:48:42,729 [WARN] ApiManager:308 - Cannot register API 'Security:MbedTLS' from pack STMicroelectronics.X-CUBE-SAFEA1.1.2.2: no header file found
2024-10-19 11:48:42,729 [WARN] ApiManager:308 - Cannot register API 'Board Extension:NFC04A1' from pack STMicroelectronics.X-CUBE-NFC4.3.0.0: no header file found
2024-10-19 11:48:42,775 [WARN] ApiManager:308 - Cannot register API 'Board Extension:S2868A1' from pack STMicroelectronics.X-CUBE-SUBG2.5.0.0: no header file found
2024-10-19 11:48:42,775 [WARN] ApiManager:308 - Cannot register API 'Board Extension:S2868A2' from pack STMicroelectronics.X-CUBE-SUBG2.5.0.0: no header file found
2024-10-19 11:48:42,775 [WARN] ApiManager:308 - Cannot register API 'Board Extension:S2915A1' from pack STMicroelectronics.X-CUBE-SUBG2.5.0.0: no header file found
2024-10-19 11:48:42,787 [WARN] ApiManager:308 - Cannot register API 'Wireless:BlueNRG-MS' from pack STMicroelectronics.X-CUBE-BLE1.7.0.0: no header file found
2024-10-19 11:48:42,794 [WARN] ApiManager:308 - Cannot register API 'Board Extension:NFC10A1' from pack STMicroelectronics.X-CUBE-NFC10.1.0.0: no header file found
2024-10-19 11:48:42,799 [WARN] ApiManager:308 - Cannot register API 'Board Extension:EEPRMA2' from pack STMicroelectronics.X-CUBE-EEPRMA1.5.1.0: no header file found
2024-10-19 11:48:42,799 [WARN] ApiManager:308 - Cannot register API 'Board Extension:PGEEZ1' from pack STMicroelectronics.X-CUBE-EEPRMA1.5.1.0: no header file found
2024-10-19 11:48:42,799 [WARN] ApiManager:308 - Cannot register API 'Board Extension:EEICA1' from pack STMicroelectronics.X-CUBE-EEPRMA1.5.1.0: no header file found
2024-10-19 11:48:42,799 [WARN] ApiManager:308 - Cannot register API 'Board Part:M24' from pack STMicroelectronics.X-CUBE-EEPRMA1.5.1.0: no header file found
2024-10-19 11:48:42,799 [WARN] ApiManager:308 - Cannot register API 'Board Part:M95' from pack STMicroelectronics.X-CUBE-EEPRMA1.5.1.0: no header file found
2024-10-19 11:48:42,799 [WARN] ApiManager:308 - Cannot register API 'Board Part:M95P32' from pack STMicroelectronics.X-CUBE-EEPRMA1.5.1.0: no header file found
2024-10-19 11:48:42,799 [WARN] ApiManager:308 - Cannot register API 'Board Part:M24256E-F' from pack STMicroelectronics.X-CUBE-EEPRMA1.5.1.0: no header file found
2024-10-19 11:48:42,799 [WARN] ApiManager:308 - Cannot register API 'Board Part:M24M01E-F' from pack STMicroelectronics.X-CUBE-EEPRMA1.5.1.0: no header file found
2024-10-19 11:48:42,799 [WARN] ApiManager:308 - Cannot register API 'PGEEZ1:SPI' from pack STMicroelectronics.X-CUBE-EEPRMA1.5.1.0: no header file found
2024-10-19 11:48:42,799 [WARN] ApiManager:308 - Cannot register API 'PGEEZ1:QDSPI' from pack STMicroelectronics.X-CUBE-EEPRMA1.5.1.0: no header file found
2024-10-19 11:48:42,804 [WARN] ModelIntegratedComponent:64 - No mode defined for component null
2024-10-19 11:48:42,804 [WARN] ModelIntegratedComponent:64 - No mode defined for component null
2024-10-19 11:48:42,804 [WARN] ModelIntegratedComponent:64 - No mode defined for component null
2024-10-19 11:48:42,804 [WARN] ModelIntegratedComponent:64 - No mode defined for component null
2024-10-19 11:48:42,804 [WARN] ModelIntegratedComponent:64 - No mode defined for component null
2024-10-19 11:48:42,804 [WARN] ModelIntegratedComponent:64 - No mode defined for component null
2024-10-19 11:48:42,804 [WARN] ModelIntegratedComponent:64 - No mode defined for component null
2024-10-19 11:48:42,804 [WARN] ModelIntegratedComponent:64 - No mode defined for component null
2024-10-19 11:48:42,804 [WARN] ModelIntegratedComponent:64 - No mode defined for component null
2024-10-19 11:48:42,806 [WARN] ModelIntegratedComponent:64 - No mode defined for component null
2024-10-19 11:48:42,806 [WARN] ModelIntegratedComponent:64 - No mode defined for component null
2024-10-19 11:48:42,806 [WARN] ModelIntegratedComponent:64 - No mode defined for component null
2024-10-19 11:48:42,806 [WARN] ModelIntegratedComponent:64 - No mode defined for component null
2024-10-19 11:48:42,806 [WARN] ModelIntegratedComponent:64 - No mode defined for component null
2024-10-19 11:48:42,806 [WARN] ModelIntegratedComponent:64 - No mode defined for component null
2024-10-19 11:48:42,807 [WARN] ModelIntegratedComponent:64 - No mode defined for component null
2024-10-19 11:48:42,807 [WARN] ModelIntegratedComponent:64 - No mode defined for component null
2024-10-19 11:48:42,807 [WARN] ModelIntegratedComponent:64 - No mode defined for component null
2024-10-19 11:48:42,808 [WARN] ModelIntegratedComponent:64 - No mode defined for component null
2024-10-19 11:48:42,808 [WARN] ModelIntegratedComponent:64 - No mode defined for component null
2024-10-19 11:48:42,808 [WARN] ModelIntegratedComponent:64 - No mode defined for component null
2024-10-19 11:48:42,808 [WARN] ModelIntegratedComponent:64 - No mode defined for component null
2024-10-19 11:48:42,808 [WARN] ModelIntegratedComponent:64 - No mode defined for component null
2024-10-19 11:48:42,809 [WARN] ModelIntegratedComponent:64 - No mode defined for component null
2024-10-19 11:48:42,809 [WARN] ModelIntegratedComponent:64 - No mode defined for component null
2024-10-19 11:48:42,809 [WARN] ModelIntegratedComponent:64 - No mode defined for component null
2024-10-19 11:48:42,809 [WARN] ModelIntegratedComponent:64 - No mode defined for component null
2024-10-19 11:48:42,809 [WARN] ModelIntegratedComponent:64 - No mode defined for component null
2024-10-19 11:48:42,809 [WARN] ModelIntegratedComponent:64 - No mode defined for component null
2024-10-19 11:48:42,809 [WARN] ModelIntegratedComponent:64 - No mode defined for component null
2024-10-19 11:48:42,809 [WARN] ModelIntegratedComponent:64 - No mode defined for component null
2024-10-19 11:48:42,809 [WARN] ModelIntegratedComponent:64 - No mode defined for component null
2024-10-19 11:48:42,809 [WARN] ModelIntegratedComponent:64 - No mode defined for component null
2024-10-19 11:48:43,068 [WARN] ApiManager:308 - Cannot register API 'Board Extension:IKS01A3' from pack STMicroelectronics.X-CUBE-MEMS1.10.0.0: no header file found
2024-10-19 11:48:43,068 [WARN] ApiManager:308 - Cannot register API 'Board Extension:IKS02A1' from pack STMicroelectronics.X-CUBE-MEMS1.10.0.0: no header file found
2024-10-19 11:48:43,068 [WARN] ApiManager:308 - Cannot register API 'Board Extension:IKS4A1' from pack STMicroelectronics.X-CUBE-MEMS1.10.0.0: no header file found
2024-10-19 11:48:43,089 [WARN] ApiManager:308 - Cannot register API 'Board Extension:NFC07A1' from pack STMicroelectronics.X-CUBE-NFC7.1.0.1: no header file found
2024-10-19 11:48:43,130 [WARN] ApiManager:308 - Cannot register API 'Board Extension:S2868A1' from pack STMicroelectronics.X-CUBE-SFXS2LP1.4.0.0: no header file found
2024-10-19 11:48:43,130 [WARN] ApiManager:308 - Cannot register API 'Board Extension:S2868A2' from pack STMicroelectronics.X-CUBE-SFXS2LP1.4.0.0: no header file found
2024-10-19 11:48:43,130 [WARN] ApiManager:308 - Cannot register API 'Board Extension:S2915A1' from pack STMicroelectronics.X-CUBE-SFXS2LP1.4.0.0: no header file found
2024-10-19 11:48:43,130 [WARN] ApiManager:308 - Cannot register API 'Wireless:BlueNRG-2' from pack STMicroelectronics.X-CUBE-BLE2.3.3.0: no header file found
2024-10-19 11:48:43,177 [INFO] ThirdPartyModel:289 - Start build external matchings
2024-10-19 11:48:44,989 [INFO] ThirdPartyModel:302 - End build external matchings
2024-10-19 11:48:45,383 [INFO] UtilMem:74 - End LoadConfig() Used Memory: 510601432 Bytes (694157312)
2024-10-19 11:48:46,170 [INFO] ApiDb:576 - Connected to CubeFinder SQLite database (C:\Users\User\.stmcufinder\plugins\mcufinder\mcu\cube-finder-db.db)
2024-10-19 11:48:46,568 [INFO] ApiDb:663 - CubeFinder database Data Model version=2.1
2024-10-19 11:48:46,568 [INFO] ApiDb:664 - CubeFinder database Configuration version=3.0.39
2024-10-19 11:48:46,568 [INFO] ApiDb:665 - CubeFinder database generation date=2024-09-16 (1726485674)
2024-10-19 11:48:46,595 [INFO] ApiDb:666 - CubeFinder database FW Pack versions=[FP-ATR-ASTRA1_V2.0.0, FP-SNS-FLIGHT1_V5.0.2, FP-SNS-MOTENV1_V5.0.0, FP-SNS-MOTENVWB1_V1.4.0, FP-SNS-SMARTAG2_V1.2.0, FP-SNS-STBOX1_V2.0.0, STM32Cube_FW_C0_V1.2.0, STM32Cube_FW_F4_V1.28.1, STM32Cube_FW_F7_V1.17.2, STM32Cube_FW_G0_V1.6.2, STM32Cube_FW_G4_V1.6.0, STM32Cube_FW_H5_V1.3.0, STM32Cube_FW_H7RS_V1.1.0, STM32Cube_FW_H7_V1.11.2, STM32Cube_FW_L0_V1.12.2, STM32Cube_FW_L5_V1.5.1, STM32Cube_FW_U0_V1.1.0, STM32Cube_FW_U5_V1.6.0, STM32Cube_FW_WB0_V1.0.0, STM32Cube_FW_WBA_V1.4.1, STM32Cube_FW_WB_V1.20.0, STM32Cube_FW_WL_V1.3.0, X-CUBE-ALGOBUILD_V1.4.0, X-CUBE-ALS_V1.0.2, X-CUBE-AZRTOS-F4_V1.1.0, X-CUBE-AZRTOS-F7_V1.1.0, X-CUBE-AZRTOS-G0_V1.1.0, X-CUBE-AZRTOS-G4_V2.0.0, X-CUBE-AZRTOS-H7RS_V1.0.0, X-CUBE-AZRTOS-H7_V3.2.0, X-CUBE-AZRTOS-L4_V2.0.0, X-CUBE-AZRTOS-L5_V2.0.0, X-CUBE-AZRTOS-WB_V2.0.0, X-CUBE-AZRTOS-WL_V2.0.0, X-CUBE-BLE1_V7.0.0, X-CUBE-BLE2_V3.3.0, X-CUBE-BLEMGR_V3.1.0, X-CUBE-EEPRMA1_V5.1.0, X-CUBE-FREERTOS_V1.2.0, X-CUBE-GNSS1_V6.0.0, X-CUBE-MEMS1_V11.0.0, X-CUBE-NFC4_V3.0.0, X-CUBE-NFC7_V1.0.1, X-CUBE-SFXS2LP1_V4.0.0, X-CUBE-SUBG2_V5.0.0, X-CUBE-TOF1_V3.4.2]
2024-10-19 11:48:52,468 [INFO] ApiDb:239 - Found 138 in-development CPN: [B-WB1M-WPAN1, NUCLEO-C031C6, STEVAL-STWINBX1, STM320518-EVAL, STM32C0116-DK, STM32C011D6Y3TR, STM32C011D6Y6TR, STM32C011F4P3, STM32C011F4P6, STM32C011F4U3, STM32C011F4U6TR, STM32C011F6P3, STM32C011F6P6, STM32C011F6U3, STM32C011F6U6TR, STM32C011J4M3, STM32C011J4M6, STM32C011J6M3, STM32C011J6M6, STM32C0316-DK, STM32C031C4T3, STM32C031C4T6, STM32C031C4U3, STM32C031C4U6, STM32C031C6T3, STM32C031C6T6, STM32C031C6U3, STM32C031C6U6, STM32C031F4P3, STM32C031F4P6, STM32C031F6P3, STM32C031F6P6, STM32C031G4U3, STM32C031G4U6, STM32C031G6U3, STM32C031G6U6, STM32C031K4T3, STM32C031K4T6, STM32C031K4U3, STM32C031K4U6, STM32C031K6T3, STM32C031K6T6, STM32C031K6U3, STM32C031K6U6, STM32G071K8TXN, STM32G071K8UXN, STM32G081GBU6N, STM32G081KBT6N, STM32G081KBUXN, STM32G0B1CCT6N, STM32G0B1KCT6, STM32G0B1NEY6TR, STM32G0B1RCT6N, STM32G0C1CCT6, STM32G0C1CCT6N, STM32G0C1CCU6N, STM32G0C1CET6N, STM32G0C1CEU6N, STM32G0C1KCT6, STM32G0C1NEY6TR, STM32G0C1RCI6N, STM32G0C1RCT6N, STM32G0C1REI6N, STM32G0C1RET6N, STM32G0C1VCI6, STM32G0C1VEI6, STM32G471CCT6, STM32G471CCU6, STM32G471CET3, STM32G471CET6, STM32G471CEU3, STM32G471CEU6, STM32G471MCT6, STM32G471MET3, STM32G471MET6, STM32G471MEY6TR, STM32G471QCT6, STM32G471QET3, STM32G471RCT6, STM32G471RET3, STM32G471RET6, STM32G471VCH6, STM32G471VCI6, STM32G471VCT6, STM32G471VEH3, STM32G471VEH6, STM32G471VEI3, STM32G471VEI6, STM32G471VET3, STM32G471VET6, STM32G474CCT6, STM32L476VGY6PTR, STM32L4R5QGI6STR, STM32MP131AAE3, STM32MP131AAF3, STM32MP131AAG3, STM32MP131CAE3, STM32MP131CAF3, STM32MP131CAG3, STM32MP131DAE7, STM32MP131DAF7, STM32MP131DAG7, STM32MP131FAE7, STM32MP131FAF7, STM32MP131FAG7, STM32MP133AAE3, STM32MP133AAF3, STM32MP133AAG3, STM32MP133CAE3, STM32MP133CAF3, STM32MP133CAG3, STM32MP133DAE7, STM32MP133DAF7, STM32MP133DAG7, STM32MP133FAE7, STM32MP133FAF7, STM32MP133FAG7, STM32MP135AAE3, STM32MP135AAF3, STM32MP135AAG3, STM32MP135CAE3, STM32MP135CAF3, STM32MP135CAG3, STM32MP135DAE7, STM32MP135DAF7, STM32MP135DAG7, STM32MP135F-DK, STM32MP135FAE7, STM32MP135FAF7, STM32MP135FAG7, STM32U595ZJT6Q, STM32U599BJY6QTR, STM32U599NIH6Q, STM32U599NJH6Q, STM32U5A5ZJT6Q, STM32U5A9BJY6QTR, STM32U5A9NJH6Q, STM32WB1MMCH6]
2024-10-19 11:48:52,476 [INFO] DbMcus:215 - Found 4178 MCUs, 4178 are supported
2024-10-19 11:48:52,488 [INFO] ApiDb:418 - Load user favorites file C:\Users\User/.stm32cubeide/favorites.mcus.txt: 0 item(s)
2024-10-19 11:48:52,488 [INFO] ApiDb:422 - User favorites MCUs=[]
2024-10-19 11:48:52,488 [INFO] DbMcus:221 - Set 0 / 0 favorites MCUs
2024-10-19 11:48:52,848 [WARN] ThirdParty:789 - waiting for thirdparty lock release [change project]
2024-10-19 11:48:52,848 [INFO] ThirdParty:791 - entering critical section [change project]
2024-10-19 11:48:52,848 [INFO] ThirdParty:981 - CMSIS Pack Vendor :STMicroelectronics X-CUBE-AZRTOS-H7 3.3.0
2024-10-19 11:48:52,848 [INFO] ThirdParty:981 - CMSIS Pack Vendor :STMicroelectronics X-CUBE-NFC9 1.0.0
2024-10-19 11:48:52,848 [INFO] ThirdParty:981 - CMSIS Pack Vendor :STMicroelectronics X-CUBE-GNSS1 6.0.0
2024-10-19 11:48:52,848 [INFO] ThirdParty:981 - CMSIS Pack Vendor :STMicroelectronics USB_HOST 2.0.0
2024-10-19 11:48:52,848 [INFO] ThirdParty:981 - CMSIS Pack Vendor :STMicroelectronics FP-SNS-MOTENVWB1 1.4.0
2024-10-19 11:48:52,848 [INFO] ThirdParty:981 - CMSIS Pack Vendor :STMicroelectronics X-CUBE-AZRTOS-F4 1.1.0
2024-10-19 11:48:52,848 [INFO] ThirdParty:981 - CMSIS Pack Vendor :STMicroelectronics LIBJPEG 8.0.0
2024-10-19 11:48:52,848 [INFO] ThirdParty:981 - CMSIS Pack Vendor :STMicroelectronics X-CUBE-SMBUS 2.1.0
2024-10-19 11:48:52,848 [INFO] ThirdParty:981 - CMSIS Pack Vendor :STMicroelectronics X-CUBE-WB05N 1.1.0
2024-10-19 11:48:52,848 [INFO] ThirdParty:981 - CMSIS Pack Vendor :STMicroelectronics USB_DEVICE 3.0.0
2024-10-19 11:48:52,848 [INFO] ThirdParty:981 - CMSIS Pack Vendor :STMicroelectronics X-CUBE-TCPP 4.1.0
2024-10-19 11:48:52,848 [INFO] ThirdParty:981 - CMSIS Pack Vendor :STMicroelectronics X-CUBE-ISPU 2.1.0
2024-10-19 11:48:52,848 [INFO] ThirdParty:981 - CMSIS Pack Vendor :STMicroelectronics X-CUBE-FREERTOS 1.2.0
2024-10-19 11:48:52,848 [INFO] ThirdParty:981 - CMSIS Pack Vendor :STMicroelectronics X-CUBE-AZRTOS-WB 2.0.0
2024-10-19 11:48:52,848 [INFO] ThirdParty:981 - CMSIS Pack Vendor :STMicroelectronics X-CUBE-GNSS1 7.0.0
2024-10-19 11:48:52,848 [INFO] ThirdParty:981 - CMSIS Pack Vendor :STMicroelectronics X-CUBE-TOUCHGFX 4.23.2
2024-10-19 11:48:52,848 [INFO] ThirdParty:981 - CMSIS Pack Vendor :STMicroelectronics X-CUBE-AZRTOS-F7 1.1.0
2024-10-19 11:48:52,848 [INFO] ThirdParty:981 - CMSIS Pack Vendor :STMicroelectronics X-CUBE-AZRTOS-L5 2.0.0
2024-10-19 11:48:52,848 [INFO] ThirdParty:981 - CMSIS Pack Vendor :STMicroelectronics USB_DEVICE 2.0.0
2024-10-19 11:48:52,848 [INFO] ThirdParty:981 - CMSIS Pack Vendor :STMicroelectronics X-CUBE-NFC6 3.1.0
2024-10-19 11:48:52,848 [INFO] ThirdParty:981 - CMSIS Pack Vendor :STMicroelectronics X-CUBE-ALGOBUILD 1.3.0
2024-10-19 11:48:52,848 [INFO] ThirdParty:981 - CMSIS Pack Vendor :STMicroelectronics X-CUBE-MEMS1 11.0.0
2024-10-19 11:48:52,848 [INFO] ThirdParty:981 - CMSIS Pack Vendor :STMicroelectronics FreeRTOS 0.0.1
2024-10-19 11:48:52,848 [INFO] ThirdParty:981 - CMSIS Pack Vendor :STMicroelectronics X-CUBE-AZRTOS-G0 1.1.0
2024-10-19 11:48:52,848 [INFO] ThirdParty:981 - CMSIS Pack Vendor :STMicroelectronics X-CUBE-SAFEA1 1.2.2
2024-10-19 11:48:52,848 [INFO] ThirdParty:981 - CMSIS Pack Vendor :STMicroelectronics X-CUBE-NFC4 3.0.0
2024-10-19 11:48:52,848 [INFO] ThirdParty:981 - CMSIS Pack Vendor :STMicroelectronics X-CUBE-SUBG2 5.0.0
2024-10-19 11:48:52,848 [INFO] ThirdParty:981 - CMSIS Pack Vendor :STMicroelectronics STM32_WPAN 1.0.0
2024-10-19 11:48:52,848 [INFO] ThirdParty:981 - CMSIS Pack Vendor :wolfSSL I-CUBE-wolfMQTT 1.18.0
2024-10-19 11:48:52,848 [INFO] ThirdParty:981 - CMSIS Pack Vendor :STMicroelectronics lwIP 2.0.3
2024-10-19 11:48:52,848 [INFO] ThirdParty:981 - CMSIS Pack Vendor :STMicroelectronics FP-SNS-FLIGHT1 5.0.2
2024-10-19 11:48:52,848 [INFO] ThirdParty:981 - CMSIS Pack Vendor :STMicroelectronics USB_HOST 1.0.0
2024-10-19 11:48:52,848 [INFO] ThirdParty:981 - CMSIS Pack Vendor :STMicroelectronics X-CUBE-AI 9.0.0
2024-10-19 11:48:52,848 [INFO] ThirdParty:981 - CMSIS Pack Vendor :STMicroelectronics X-CUBE-AZRTOS-G4 2.0.0
2024-10-19 11:48:52,848 [INFO] ThirdParty:981 - CMSIS Pack Vendor :STMicroelectronics PDM2PCM 3.1.0
2024-10-19 11:48:52,848 [INFO] ThirdParty:981 - CMSIS Pack Vendor :STMicroelectronics PDM2PCM 3.3.0
2024-10-19 11:48:52,848 [INFO] ThirdParty:981 - CMSIS Pack Vendor :STMicroelectronics X-CUBE-DISPLAY 3.0.0
2024-10-19 11:48:52,848 [INFO] ThirdParty:981 - CMSIS Pack Vendor :wolfSSL I-CUBE-wolfSSL 5.7.0
2024-10-19 11:48:52,848 [INFO] ThirdParty:981 - CMSIS Pack Vendor :STMicroelectronics X-CUBE-BLE1 7.0.0
2024-10-19 11:48:52,848 [INFO] ThirdParty:981 - CMSIS Pack Vendor :STMicroelectronics FP-ATR-SIGFOX1 3.2.0
2024-10-19 11:48:52,848 [INFO] ThirdParty:981 - CMSIS Pack Vendor :STMicroelectronics X-CUBE-NFC10 1.0.0
2024-10-19 11:48:52,848 [INFO] ThirdParty:981 - CMSIS Pack Vendor :STMicroelectronics X-CUBE-ISPU 2.0.0
2024-10-19 11:48:52,848 [INFO] ThirdParty:981 - CMSIS Pack Vendor :STMicroelectronics X-CUBE-EEPRMA1 5.1.0
2024-10-19 11:48:52,848 [INFO] ThirdParty:981 - CMSIS Pack Vendor :STMicroelectronics HAL Drivers 0.0.0
2024-10-19 11:48:52,848 [INFO] ThirdParty:981 - CMSIS Pack Vendor :STMicroelectronics MBEDTLS 2.16.2
2024-10-19 11:48:52,856 [INFO] ThirdParty:981 - CMSIS Pack Vendor :STMicroelectronics X-CUBE-ALS 1.0.2
2024-10-19 11:48:52,856 [INFO] ThirdParty:981 - CMSIS Pack Vendor :emotas I-CUBE-CANOPEN 1.3.0
2024-10-19 11:48:52,856 [INFO] ThirdParty:981 - CMSIS Pack Vendor :STMicroelectronics X-CUBE-MEMS1 10.0.0
2024-10-19 11:48:52,856 [INFO] ThirdParty:981 - CMSIS Pack Vendor :STMicroelectronics X-CUBE-NFC7 1.0.1
2024-10-19 11:48:52,856 [INFO] ThirdParty:981 - CMSIS Pack Vendor :STMicroelectronics MBEDTLS 2.14.1
2024-10-19 11:48:52,856 [INFO] ThirdParty:981 - CMSIS Pack Vendor :STMicroelectronics X-CUBE-TOUCHGFX 4.24.0
2024-10-19 11:48:52,856 [INFO] ThirdParty:981 - CMSIS Pack Vendor :ITTIA_DB I-CUBE-ITTIADB 8.9.0
2024-10-19 11:48:52,856 [INFO] ThirdParty:981 - CMSIS Pack Vendor :wolfSSL I-CUBE-wolfTPM 3.2.0
2024-10-19 11:48:52,856 [INFO] ThirdParty:981 - CMSIS Pack Vendor :STMicroelectronics X-CUBE-TOUCHGFX 4.24.1
2024-10-19 11:48:52,856 [INFO] ThirdParty:981 - CMSIS Pack Vendor :portGmbH I-Cube-SoM-uGOAL 1.1.0
2024-10-19 11:48:52,856 [INFO] ThirdParty:981 - CMSIS Pack Vendor :STMicroelectronics X-CUBE-ALS 1.0.1
2024-10-19 11:48:52,856 [INFO] ThirdParty:981 - CMSIS Pack Vendor :STMicroelectronics X-CUBE-BLEMGR 3.1.0
2024-10-19 11:48:52,856 [INFO] ThirdParty:981 - CMSIS Pack Vendor :STMicroelectronics ThreadX 1.0.0
2024-10-19 11:48:52,856 [INFO] ThirdParty:981 - CMSIS Pack Vendor :STMicroelectronics FP-SNS-SMARTAG2 1.2.0
2024-10-19 11:48:52,856 [INFO] ThirdParty:981 - CMSIS Pack Vendor :STMicroelectronics X-CUBE-AZRTOS-WL 2.0.0
2024-10-19 11:48:52,856 [INFO] ThirdParty:981 - CMSIS Pack Vendor :SEGGER I-CUBE-embOS 1.3.1
2024-10-19 11:48:52,856 [INFO] ThirdParty:981 - CMSIS Pack Vendor :STMicroelectronics X-CUBE-ALGOBUILD 1.4.0
2024-10-19 11:48:52,859 [INFO] ThirdParty:981 - CMSIS Pack Vendor :STMicroelectronics FP-SNS-MOTENV1 5.0.0
2024-10-19 11:48:52,859 [INFO] ThirdParty:981 - CMSIS Pack Vendor :STMicroelectronics USB_DEVICE 1.0.0
2024-10-19 11:48:52,859 [INFO] ThirdParty:981 - CMSIS Pack Vendor :STMicroelectronics X-CUBE-AZRTOS-H7RS 1.0.0
2024-10-19 11:48:52,859 [INFO] ThirdParty:981 - CMSIS Pack Vendor :wolfSSL I-CUBE-wolfMQTT 1.19.0
2024-10-19 11:48:52,859 [INFO] ThirdParty:981 - CMSIS Pack Vendor :STMicroelectronics X-CUBE-AZRTOS-L4 2.0.0
2024-10-19 11:48:52,859 [INFO] ThirdParty:981 - CMSIS Pack Vendor :STMicroelectronics ThreadX 0.0.2
2024-10-19 11:48:52,859 [INFO] ThirdParty:981 - CMSIS Pack Vendor :WES I-CUBE-Cesium 1.3.0
2024-10-19 11:48:52,859 [INFO] ThirdParty:981 - CMSIS Pack Vendor :STMicroelectronics FP-ATR-ASTRA1 2.0.0
2024-10-19 11:48:52,859 [INFO] ThirdParty:981 - CMSIS Pack Vendor :STMicroelectronics lwIP 2.1.2
2024-10-19 11:48:52,859 [INFO] ThirdParty:981 - CMSIS Pack Vendor :STMicroelectronics X-CUBE-SFXS2LP1 4.0.0
2024-10-19 11:48:52,859 [INFO] ThirdParty:981 - CMSIS Pack Vendor :STMicroelectronics X-CUBE-BLE2 3.3.0
2024-10-19 11:48:52,859 [INFO] ThirdParty:981 - CMSIS Pack Vendor :STMicroelectronics X-CUBE-AI 9.1.0
2024-10-19 11:48:52,859 [INFO] ThirdParty:981 - CMSIS Pack Vendor :STMicroelectronics X-CUBE-TOF1 3.4.1
2024-10-19 11:48:52,859 [INFO] ThirdParty:981 - CMSIS Pack Vendor :STMicroelectronics X-CUBE-AZRTOS-H7 3.2.0
2024-10-19 11:48:52,859 [INFO] ThirdParty:981 - CMSIS Pack Vendor :Infineon AIROC-Wi-Fi-Bluetooth-STM32 1.6.0
2024-10-19 11:48:52,859 [INFO] ThirdParty:981 - CMSIS Pack Vendor :STMicroelectronics PDM2PCM 3.2.0
2024-10-19 11:48:52,859 [INFO] ThirdParty:981 - CMSIS Pack Vendor :wolfSSL I-CUBE-wolfSSH 1.4.17
2024-10-19 11:48:52,859 [INFO] ThirdParty:797 - exiting critical section [change project]
2024-10-19 11:48:54,148 [INFO] PinOutPanel:1468 - setPackage(No Configuration,No Configuration)
2024-10-19 11:48:54,159 [INFO] PinOutPanel:1468 - setPackage(STM32F103C6Tx,LQFP48)
2024-10-19 11:48:56,735 [INFO] UtilMem:74 - Before build in PCC Used Memory: 579384880 Bytes (717225984)
2024-10-19 11:49:01,488 [INFO] UtilMem:74 - After build in PCC Used Memory: 528215776 Bytes (717225984)
2024-10-19 11:49:01,739 [INFO] IPUIPlugin:79 - create IPUIPlugin
2024-10-19 11:49:01,739 [INFO] IPUIPlugin:79 - create IPUIPlugin
2024-10-19 11:49:01,741 [INFO] IPUIPlugin:79 - create IPUIPlugin
2024-10-19 11:49:01,741 [INFO] IPUIPlugin:79 - create IPUIPlugin
2024-10-19 11:49:01,741 [INFO] IPUIPlugin:79 - create IPUIPlugin
2024-10-19 11:49:01,741 [INFO] IPUIPlugin:79 - create IPUIPlugin
2024-10-19 11:49:01,741 [INFO] IPUIPlugin:79 - create IPUIPlugin
2024-10-19 11:49:01,741 [INFO] IPUIPlugin:79 - create IPUIPlugin
2024-10-19 11:49:01,743 [INFO] IPUIPlugin:79 - create IPUIPlugin
2024-10-19 11:49:01,743 [INFO] IPUIPlugin:79 - create IPUIPlugin
2024-10-19 11:49:01,743 [INFO] IPUIPlugin:79 - create IPUIPlugin
2024-10-19 11:49:01,743 [INFO] IPUIPlugin:79 - create IPUIPlugin
2024-10-19 11:49:01,743 [INFO] IPUIPlugin:79 - create IPUIPlugin
2024-10-19 11:49:01,747 [INFO] IPUIPlugin:79 - create IPUIPlugin
2024-10-19 11:49:01,747 [INFO] IPUIPlugin:79 - create IPUIPlugin
2024-10-19 11:49:01,748 [INFO] IPUIPlugin:79 - create IPUIPlugin
2024-10-19 11:49:01,748 [INFO] IPUIPlugin:79 - create IPUIPlugin
2024-10-19 11:49:01,748 [INFO] IPUIPlugin:79 - create IPUIPlugin
2024-10-19 11:49:01,748 [INFO] IPUIPlugin:79 - create IPUIPlugin
2024-10-19 11:49:01,748 [INFO] IPUIPlugin:79 - create IPUIPlugin
2024-10-19 11:49:01,748 [INFO] IPUIPlugin:79 - create IPUIPlugin
2024-10-19 11:49:01,751 [INFO] IPUIPlugin:79 - create IPUIPlugin
2024-10-19 11:49:01,751 [INFO] IPUIPlugin:79 - create IPUIPlugin
2024-10-19 11:49:02,629 [INFO] OpenFileManager:327 - Restore cursor
